uname,message,uid,ctime
余九堂,妙 手 回 春,399574954,1572947637
三牛有机奶,来吧，你不是最喜欢删评吗？还剩599个,31957021,1572947593
最后一位正直者,好了 还有什么人要删评？,24066817,1572947385
艾吉奥的披风,无限删制\n吾以脚本为骨\n脸如钢铁心若顽石\n曾制造出许多的坏苹果\n在群内口嗨而不败\n不知悔改为何物\n亦不改正自身的过错\n经常坐电脑桌前，独醉于金钱之中。\n却因口出恶言，掉粉两千\n故此，吾制作脚本\n如吾所求，无限删制\n此身定为无限删制所成,239332224,1572946469
妖现惊梦,草，我评论又没了\n这个评论什么时候删?[doge],39624794,1572945379
381预警,该冲塔该举报的继续安排起来，二周目开始了,7023524,1572944834
一般通过大酱,因为雇佣兵的暗沙六百勇士只剩下595个了（悲）,188493595,1572943940
冷静冷静3,我学的是假的通信工程,114999326,1572941973
ミクのCharlotte,原版av706,14216346,1572939803
卍起个名真麻烦,爪巴，,8707431,1572939619
孙笑哭,删 羊,349927356,1572939448
孙笑哭,还搁那删呢？阴阳人属实牛逼,349927356,1572939413
古明地悟,当初看你视频的时候气氛听不错的啊，现在咋啦？脸皮幻想入了？,2081744,1572937976
稀神探女-,东方角色日\n1月5日和每月15日教授之日\n1月10日椛之日\n2月2日普通的魔法使之日\n2月7日 神子之日\n2月10日 布都之日\n2月10日 荷取之日\n2月10日 二岩之日\n2月10日Neet之日\n2月29日腐肉之日\n3月1日 蕾米灵之日\n3月4日：咪哟之日\n3月7日：早苗之日\n3月10日：觉之日\n3月18日：因幡之日\n3月18日 ZUN生日\n4月6日：妖梦之日\n4月10日：帕露西之日\n5月1日Comparo祭\n5月3日Melee之日\n5月14日 恋恋之日\n5月15日 美铃之日\n5月16日 恋色之日\n6月9日 帕秋莉之日\n6月11日 伞之日\n6月14日 萝莉恋恋之日&amp;无意识之日\n6月15日 包子仙之日\n6月16日 魔爱日\n6月24日 鵺之日\n7月4日 芙兰之日\n7月4日 无名角色之日\n7月6日 南无三之日\n7月7日 露米娅之日\n7月9日 文⑨之日\n7月12日 衣玖之日\n7月14日 幽香之日\n7月16日 七色人形使之日\n7月20日 娜兹玲之日\n8月3日 八坂神奈子之日\n8月5日 八意永琳之日\n8月6日 妖梦之日\n8月6日 文灵之日\n8月9日 厄之日\n8月9日 博丽之日\n8月12日 露娜萨之日\n8月21日 完美之日\n9月6日 诹访子之日\n9月6日 文×早苗之日\n9月8日 辉夜之日\n9月9日 琪露诺之日\n9月9日 易者之日\n9月10日 云居一轮之日\n10月3日 每月萃香之日\n10月4日到6日  天子之日\n10月7日 是—这样吗—日\n10月9日 天狗之日\n10月9日 阿求之日\n10月10日 橙之日\n10月10日 神灵庙之日\n10月15日 魔爱日\n10月21日  每月桑妮之日\n10月25日 屠自古之日\n10月28日 恋恋×2之日\n11月1日  万圣节\n11月7日  立冬  蕾蒂\n11月9日  每月阿空之日\n11月10日 琪斯美之日\n11月11日四张符卡之日\n11月11日  东方百奇之日\n12月3日 哆来咪之日\n12月9日 秘封俱乐部之日\n12月24～25日 厄之圣诞 \n车万传教士 @稀神探女- 所写,7117493,1572937024
稀神探女-,如果有朋友想了解东方Project（东方到现在已经有24年【从开始制作来算】的历史了）的话就去玩一下原作游戏或者看看官方漫画小说吧，去搜索一下萌娘百科东方专题（https://zh.moegirl.org/Template:%E4%B8%9C%E6%96%B9Project）和THB.wiki （ https://thwiki.cc/）了解一些设定吧。\n刚入坑的萌新建议先去看萌娘百科，萌娘百科讲的车方设定好懂些，之后可以去THB了解一些东方中比较难懂的设定。\n旧作\n东方灵异传（打砖块游戏哪有剧情）\n东方封魔录（巫女与战车少女） \n东方梦时空（巫女与草莓教授）  \n东方幻想乡（巫女与梦幻馆馆主）  \n东方怪绮谈（巫女与魔界之神）\n弹幕类\n东方红魔乡（城管与吸血鬼）\n东方妖妖梦（城管与幽灵） \n东方永夜抄（城管与月人）       \n东方花映冢（好多好多花啊！） \n东方文花帖（记者的故事） \n东方文花帖DS（记者的故事2）\n东方风神录（有个绿毛来搞事了！）\n东方地灵殿（一个笨蛋突然有了力量来搞事）\n东方星莲船（杀马特尼姑出来了） \n东方三月精----妖精大战争（一群笨蛋的故事） \n东方神灵庙（中二病太子复活了！） \n东方辉针城（发起 革 命） \n弹幕天邪鬼（革  命  失败了，快跑！）\n东方绀珠传（干zun传） \n东方天空璋（一位贤者想收弟子，其实她只是来刷存在感）\n秘封噩梦日记（带着智能手机闯荡幻想乡）\n东方鬼形兽（东方朋克2077）\n格斗类\n东方萃梦想（城管与鬼） \n东方绯想天（一位不良天人砸了城管的家） \n东方非想天则（刚大木和大鲶鱼） \n东方心绮楼（宗教战争和希望之面） \n东方深秘录（女子高中生和灵异珠） \n东方凭依华（腐朽资本主义渗入幻想乡）,7117493,1572936930
神乃木製作所,镇 站 之 宝（x）\n空 中 花 园（√）,392551002,1572936169
外层空间之颜色,服了，还有洗地党觉得是六百人小圈子因为TAG的事迫害无辜高技术UP主呢？\n现在还觉得是因为TAG原因？B站不加东方TAG的BA视频海了去了为什么这货被骂心里没数？求东方有影响力的UP主帮忙转发，完事只口不提，本家十周年纪念日捞自己视频并得瑟超越本家(然而NICO本家2000万播放量谢谢)，轩缘无痕动态本意嘲讽东方被限流，这倒好被害妄想当场自爆，评论区爆发一言不发当晚开始运行“几百万自动拉黑删评脚本”，留下对自己有利的言论删除反对言论(置顶了个反讽评论是最骚的)，群里管理扬言雇佣兵暗杀，律师函警告，本人连续发出东方人只有六百人等诸多暴言，结果自己B站动态直接污蔑我们是精日扬言报警倒打一耙(然而一五年满福神社发表反华言论，全员痛骂满福，之前买过碟的人直播掰碟，那时候咩先生在哪呢？)，事态再度发酵后迫真道歉，然后背后搞小动作继续删评。\n这就是咩先生,10913201,1572935290
Nikeite,考 古,10421232,1572934484
术魂飞,“马库斯，你要尝试着画出现实中不存在的东西”\n“东方tag.jpg”,8239926,1572933878
悠远旅人,东方是一群jing 日小圈子，凭什么跟ba比[微笑],4913815,1572933307
回忆无泪,秀啊,7320568,1572933258
丢人的东东,我发了个后排被举报咋回事啊,16057265,1572932710
稻荷团子,神TM不知道烂苹果和东方的关系 真是服了哦,4058,1572932255
无欲无求亦无想无念,600勇士hhh,277121832,1572932192
Occultism,昨天发的一条点赞20的，一条点赞40的相关评论都没了，\n我进脚本黑名单好吗？\nao!,59688214,1572931106
边阳Frontiersun,添六百[2233娘_大笑],3189128,1572930728
--纯狐--,草，我刚刚打算回复一个人，打完字一发布，原评论就没了？,11526362,1572930661
7萝卜的松鼠,你还搁这删呢 别删了 让别人看看你的双面吧,10429629,1572930527
我的工业2,谁在車万，踢了,3749614,1572930505
椎名雩,我做ba跟你们车万有什么关系.jpg[2233娘_喝水],15207460,1572915038
谷口稔,然而现在还有很多楼没了（不排除自删的可能）,38800681,1572914769
车万没过气,ba不属于东方，属于车万,290722403,1572914469
Scarlet6772,谁在車万，踢了,5437937,1572913713
辣鸡底部弹幕,看不懂,204487477,1572912325
華鳥風月21,我是车万人，我举报车万tag，我自裁#(滑稽),38826769,1572912074
二百卌,(=・ω・=),11707348,1572911789
サリエリの-隣人,原版av706,35822724,1572887792
风祈_,观望,24768333,1572887748
德国的骨科去三遍,弟啊，标签还没弄呢,12453588,1572887283
sunrise000,我支持600勇士，请让我成为第601个,34011275,1572887227
w御宇,有点难受(╯﹏╰）,49834006,1572886050
风羽F,原来我认识的人个个都开了几百个小号建了几千个群,87159285,1572884662
MGYHCX,律师加强团233333,280091969,1572884142
明_堇,我来试试传闻？,286400586,1572880256
牛头_待定,吃瓜了四天，终于舍得好好看了下这段《最硬核bad apple》，bad apple作为一段MV影响自然是深远的，但是我不信你作为一个做了49个BA视频的UP不会在某个瞬间好奇并去百度Goole,Yahoo之类的地方查下东方projet是什么,它有世界观,它有什么故事。还有它那令人赞叹的人物，音乐和故事的融合，以及故事背后深远的意义。,4529545,1572879253
鼆處mengchu,卷积神经网络[doge]，强👍,44942144,1572873962
帕奇利兹パチリス,草，他之前的道歉动态里已经说了除了那六条动态之外的评论会削除，早就玩上文字游戏了(半恼),11569451,1572873405
天启Hammer对空,空 中 花 园,14638301,1572872406
O5级,急了急了急了急了急了急了急了急了急了急了急了急了急了急了急了急了急了急了急了急了急了,59471543,1572872324
szfhsxr,希望你的视频不要恶臭化，中国圈子应该比较文明，你要在日本搞这不仅声名变臭，技术力更高的yin民也会根据你和你的作为+114514个yin梦要素二创这个事件结合以技术力高得多的方式鄙视讽刺。,11619405,1572872291
某科学的大咸鱼,兄啊，标签呢( ´_ゝ｀),171986963,1572871537
CupsOfCubs,我寻思着我不太可能是那⑥百分之一，那我自除车车籍了（悲）,18123970,1572870646
余九堂,怎么听评论怎么又有脚本...踩给你取消了你也赶紧把脚本删了吧,399574954,1572860004
白玉楼-幽幽子,嗯……道歉还是接受了，那脚本？,393984453,1572857180
这次叫什么呢,相关推荐也依然没有本家,3815110,1572856365
滑稽列夫搞基,东方众只有600人，哈哈哈哈哈哈,89618252,1572855573
秋水之溟,个人建议，大家差不多可以停火了，暂时各退一步，留点面子吧[小电视_笑],21804772,1572855178
苏维埃的守望者,绝对魔兽战线，乌鲁克最后只剩500+人口，\n所以\n“绝  对  Tou  Hou  战  线” \n成了[大笑],4356710,1572855155
--纯狐--,我也是加把劲丈育,11526362,1572853621
老透光,600人嗷,266798,1572851856
庶城,才600人吗，明明有114＋514=628个人。,9043027,1572851655
沐夜muye,啧啧啧牛逼，指把ba开除车万籍,302442642,1572851274
地灵殿主人,大家好我是仅剩的600人之一,8589253,1572848590
a1555555,刚来，这就是b站高技术力大手子吗？i了i了,8409269,1572848453
一般丢塔寅丸星,就这？就这？就这？,38818971,1572846548
瞬间的灿烂,从贴吧看戏来到这里\n听说车万只有六百人?,33127232,1572842977
妖梦酱的小麻薯,罪 己 诏,34790800,1572842582
白露型驱逐舰山風,我支持车万600勇士，你可以封我了.jpg,3949681,1572842187
孙笑哭,这火我就先停了，如果你以后态度诚恳的话我会对我之前的言行道歉，至少我不会给车万抹黑，如果你还反转我就自除粉籍和你死磕,349927356,1572841711
洩矢诹访子゙,来看,3234337,1572840775
某科学的大咸鱼,停火观望,171986963,1572840418
幻想乡的莲子,结束了吗?(一般怀疑感),227998042,1572839623
有点逗的熊贰,ba算什么车万（叉腰）[吃瓜],29621757,1572838431
禄存天玑,nb！,2117299,1572836825
高坂穗乃果汁,你好有趣,2303362,1572836272
空灵若现,如果全部道歉，彻底反省了，那么便就此打住\n希望您别再犯，毕竟前前后后的场面我们都记下来了，希望日后不要排上用场,34954023,1572833280
空灵若现,真的结束了吗？\n（我希望您是真的反省了，而不是美军撤出越南）,34954023,1572833180
本人猫癌晚期,终于解除黑名单了,75549002,1572832837
丘不与易也,谁还不会写个拉跨脚本,34686715,1572831474
蓝色汛汐,该停火了各位，up在动态中道过歉了，也保证不再删评（举报除外），大家也不要去纠结东方tag的事，不加东方tag的ba视频多了去了，ba出自东方，但作为模因脱离了东方，就像油库里一样。,23318278,1572831012
悲风-而泣,说到加tag，我感觉badapple已经出圈了，而且这相对于东方是以炫技为主和车万似乎没有啥关系了...感觉没必要因为加不加tag吵，看评论是up干啥了吗？,12207977,1572830993
EVA残光ゥ,超过原版可还行？,345924131,1572792671
月之杂鱼,发生什么了，给我切块瓜,28968047,1572792319
狼群梦想,我居然看过还没三连，得补上,451410672,1572791713
抗原大爷,动态已停火，黑名单开始解禁，诸位先观望，保持最基本的冷静,6949741,1572789973
爱学习的鸡仔丶,这个当做研究生毕设都够了吧...,302582465,1572788854
一只猥琐的滑稽,给👴整乐了，👴就是那六百分之一,272381426,1572788500
二次元づ小新,3,455252272,1572788141
碎钻samaの抓根宝,嘿嘿,251518951,1572787056
我永远爱里苏特_jpg,能说话了吗？,7842445,1572784975
谷口稔,⚠️bad apple不是东方⚠️,38800681,1572784689
重名太多心好累,动态已停火，黑名单开始解禁，诸位先观望，保持最基本的冷静,13025699,1572780666
Chris_Hem,怎么现在搞的跟恶臭饭圈似的了？,28470172,1572777090
一般通过大酱,传送https://thwiki.cc/\n \n                                    少女传教中………………\n看不懂迷惑性发言的路人不妨了解一下东方哦,188493595,1572777067
砂砾杍小迷妹,既废物又看不惯你的人，都是这样的。只能拼命找所谓的人品漏洞，反正又没有门槛。这种人我也见多了。\n嫉妒砂哥stg技术而借他所谓前女友的单方面“渣男”指控来黑他人品的某些人，大抵也和此处这些嫉妒你模电、单片机等技术，只能借用的一个打不打一个二刺螈tag来文字狱你的人一样。,16801997,1572776671
古明地灵殿,刚入b站，这就是技术大佬吗，i了i了,51884178,1572776356
所向披靡的巨型毛玉,山羊继续啊,91734546,1572775579
幽谷响子Official,我继续闪屏，好嘛？,294438410,1572775503
幽谷响子Official,这就是技术大佬马？爷爱了,294438410,1572775473
幽谷响子Official,我评刚发就被删了，太给力了,294438410,1572775458
圣杯火,批站烽烟正十年，\n此头须向车万悬。\n后死诸君多努力，\n捷报飞来当赛钱。,19517474,1572775228
二百卌,呜呜呜，被节奏大师私聊啦，好激动,11707348,1572775040
一般通过大酱,战场转移,188493595,1572775028
简化名称,新动态,344506328,1572775004
CrimsonOz,《乐子》,11405217,1572774986
如我平A,不愧是你,47082076,1572774985
十六夜丿鸢一,呕,11894323,1572774821
二百卌,咩咩咩咩咩咩咩咩咩咩咩咩咩咩咩咩咩咩咩咩咩咩咩咩咩咩咩咩咩咩咩咩咩咩咩咩咩咩咩咩咩咩咩咩咩咩咩咩咩咩咩咩咩,11707348,1572774761
虚假の车车人,240k阴兵咋没来护主呀？,226328675,1572774697
神绮・玛格特罗伊德,曲奇☆☆☆☆tag，请,475411617,1572774646
碰瓷之王十六强,24w神触帝国被野蛮车万600勇士冲塔泉水蹦迪，可能宁的手下都是沙兵罢，，，,158195630,1572774629
斯忒诺桑,真的现象级,29010214,1572774613
二百卌,我挺你，那些东方痴就只会自我感觉良好。跟喷柯洁不尊重女性的女拳表一样。抱团就能让废物变技术好？有本事自己做一个。顶你个肺,11707348,1572774599
露米娅channel,第一阶段战事结束，同志们任需努力,64257215,1572774598
二百卌,车万其实就是一群文盲看不懂繁体字引发的梗ZZ,11707348,1572774572
空灵若现,我的母亲是拂晓的明星\n堕出天堂的天使\n把握着胜利\n拂晓的明星直射冥府!（咩2016biss）,34954023,1572774567
斯忒诺桑,咩 莉 亚 凯 莉\n咩 莉 赛 勒 斯\n妮 基 咩 娜,29010214,1572774494
125094845,怕被删评的可以下个加速器，实测有效,125094845,1572774486
博丽樱梦,🐑❤💵,4237723,1572774469
万恶的大当家,口区口区口区口区口区口区口区口区口区口区口区口区,8549831,1572774467
星的十六夜,我挺你，那些东方痴就只会自我感觉良好。跟喷柯洁不尊重女性的女拳表一样。抱团就能让废物变技术好？有本事自己做一个。顶你个肺,339238591,1572774449
Ln2_,600人大军胜利了！,22724866,1572774444
しきえいき-,b站都给吃瓜群众便捷通道了（指搜2016直达）,396443006,1572774403
某只三无,动态全没了？,22805835,1572774383
125094845,我挺你，那些东方痴就只会自我感觉良好。跟喷柯洁不尊重女性的女拳表一样。抱团就能让废物变技术好？有本事自己做一个。顶你,125094845,1572774382
星的十六夜,👴要中场休息了，你们补上,339238591,1572774366
神绮・玛格特罗伊德,坐等视频被删,475411617,1572774356
料理NueNueDance,我觉得这有失公正,3877510,1572774342
Bg2h9rnsJ,来来来，新型版聊区,372362315,1572774272
125094845,挂个东西试试能不能发,125094845,1572774241
1toRUq3XT,草，锁我IP？\n挂个\n外\nP\nN\n照样发,370543866,1572774231
那谁182,现在评论1.2万，我们只有600人，也就是说我们每个人有二十个小号，而且这些小号也基本四级起步，二级三级都是珍惜物种，五级六级随处可见，我们好厉害啊,39260586,1572774160
1toRUq3XT,终于发出来了！他锁ip，我挂个*东西*就能发出来了。,370543866,1572774116
星的十六夜,感谢up主提供的置顶评论，让更多的人知道过河拆桥的咩还有别的ba恰烂钱视频！,339238591,1572774059
星的十六夜,感谢up主提供的置顶评论，让更多的人知道还有别的ba恰烂钱视频！,339238591,1572774020
木旦木旦木,最近小丑不是上映了吗，所以出现这么个小丑也是可以理解的嘛[滑稽],39663897,1572773868
CRAZY_WZH,前 赴 后 继,355804816,1572773818
东方妖妖梦-,up主辛苦了,479104191,1572773770
托卡列夫毁灭魔炮,弹幕都删了哦。,57935470,1572773736
时空龙银龙军团,有种把所有视频和动态都删掉。,240293425,1572773653
秋水之溟,以空间换时间，宁就是空一格？,21804772,1572773648
面包已成年,好像脚本只管的过来一个动态或视频？管不过来的直接被删了。,4114434,1572773640
125094845,弹幕也被清了？,125094845,1572773558
飘逸的自我主义者,赶快的，把这个也删了，好马？,87664690,1572773517
哦吼G,快快快 把这个视频也删了,260211078,1572773446
某只三无,别删除动态了，把这个删除了吧,22805835,1572773446
东方妖妖梦-,希望下星期回来这事能妥善解决吧，加把劲，车车人,479104191,1572773377
余九堂,是,399574954,1572773350
花笙夙梦华,车万600勇士不请自来，哈哈！,56875489,1572773314
申必壬Official,把战线烧回到这里,441868519,1572773199
虚假の车车人,.....🐑\n💵💵💵\n💰💰💰,226328675,1572773189
虚假の车车人,🐑\n💰💰💰,226328675,1572772835
星的十六夜,恋色脚本spark\n咩2016的主题曲\n与曲名已经无关了，走自己路的，是恰烂钱少女么？,339238591,1572772809
丢人的东东,脚本坏了？,16057265,1572772767
虚假の车车人,💵🐑💵,226328675,1572772585
美国间谍羊大人,我看你敢不敢把这个给删了,472365872,1572772582
游荡的骑士,恋色脚本spark\n咩2016的主题曲\n与曲名已经无关了，走自己路的，是恰烂钱少女么？,3928726,1572772503
托卡列夫毁灭魔炮,我决定直接举报视频，我的好兄弟。,57935470,1572772492
虚假の车车人,tql,226328675,1572772390
虚假の车车人,草，这也被删了,226328675,1572772145
星的十六夜,ha,339238591,1572772144
简化名称,太强了吧,344506328,1572772138
虚伪图搏,给力,35372928,1572772130
砂砾杍小迷妹,我挺你，那些东方痴就只会自我感觉良好。跟喷柯洁不尊重女性的女拳表一样。抱团就能让废物变技术好？有本事自己做一个。顶你,16801997,1572758939
一条咸鱼散发出的光芒,粪球,123719160,1572758762
KOISHI-NIAN,东方众只有六百,270004339,1572758753
禍禍禍禍灵梦,一边蹭车万热度一边踩车万人呗，真就睿智操作,399194281,1572756877
彼岸相梦,宁配吗,38413898,1572754974
9鲁诺9巴纳,最强技术宅(确信),436342605,1572754913
待宵_Jan19,正在使用非WiFi网络，播放将产生流量费用114M流量\n播放量 514w（察觉）,13570732,1572754779
PS5中国,哦豁人在家中坐，帽从天上来,52698511,1572754574
集结榜彡帕秋莉10388号,我应你的东方视频关注，现在才发现原来你不知道东方啊，那我关注个头。,351250805,1572753615
闲置的李白,🤮🤮🤮,4266956,1572752744
琴音大魔王,600勇士抵达战场，，，,39187314,1572752725
二百卌,最强技术宅！！！！！！！！！,11707348,1572752241
抗原大爷,我们常说的词：技艺，技艺，「技术」和「艺术」相辅相成，但如果加上了「利益」，这两者就都得靠边站。不了解东方我们可以和睦探讨甚至拉他入坑，但事情发展到现在这样，说实话，是什么原因？到最后他疯了一样与东方「为敌」，是不是因为不能沟通？B站的up主没有话语权，B站的用户不会沟通，B站的亚文化内耗严重，什么时候能解决，这些问题谁来管？一个本来就有些暴躁的up和一个早已因为限流与B站管理者暗处矛盾重重而有些暴躁的圈子有了如此大的冲突，这些问题谁来管？痛心！,6949741,1572748253
芝士咲夜,这活整的属实给劲嗷,17804806,1572748191
戴墨镜的小太阳,👎👎👎👎,9994415,1572748062
八目鳗摊文厨,三年动画什么时候安排上?,25711745,1572747860
StruckX,一群5/6级用户看起来冠冕堂皇，要刷孙笑川的恶臭梗去他的视频下刷不好吗，为什么到处污染空气？,130050642,1572747843
返魂胃八分饱,太惨了，只有600个人[委屈],53246459,1572747522
暮雨落空城,[微笑]真的后悔给这个视频投币了,43852215,1572747477
q8849358641,车万600勇士冲嗷,72117145,1572747293
原来叫南方文,车万 亡了啊！,227157,1572747262
Thegrandboos,好了 b站本家都没你播放多,361248806,1572746504
黑空之王,技术宅带手子牛批哦,83650184,1572746422
朔月姫,年末新活,423735444,1572746105
我永远爱里苏特_jpg,*也许之后就没有新的Bad Apple了*\n可是🐑为了恰💰还要继续出ba\n还不慎把脑子丢了\n555我哭了，你呢？,7842445,1572745833
斯坦因之门白衣控,您把爷的币交了,13738612,1572745649
风雪ZAUN,算命先生说：你算什么**?,25433536,1572745600
EarthSky,？？？？？当初看的时候觉得挺好的，现在我都后悔投币了，那就取消点赞和收藏罢，币是收不回来了，这烂钱你拿好。,37519906,1572745569
我永远爱里苏特_jpg,@咩2016 在？你粉24.5万了，快刷粉,7842445,1572745535
Got生命的甜包,alr厨激怒,12413760,1572745531
Got生命的甜包,每日投诉乐趣多,12413760,1572745516
蓝色汛汐,淝 水 之 战,23318278,1572745295
铃仙优昙华院斯卡蕾特,最强技术宅就这？,11378189,1572745151
蓝色汛汐,只有600人是真东方众，其它人都是假的。你这是给爱好者分了层。,23318278,1572745141
我永远爱里苏特_jpg,喜欢这个视频就给我点个不喜欢吧👎👎👎👎👎👎,7842445,1572745138
铃仙优昙华院斯卡蕾特,600之一不请自来，在？出来对线？,11378189,1572745133
铃仙优昙华院斯卡蕾特,人间迷惑行为大赏，我做badapple和东方有什么关系,11378189,1572745116
铃仙优昙华院斯卡蕾特,年度笑话，bad apple和东方有什么关系，之前我以为做bad apple二创的人不说有多喜欢东方，起码对东方有点了解，今天算是开眼界了,11378189,1572745041
32区黎明守卫军,跟其他ba比起来，你只不过空有一个唬唬路人的封面罢了。至于路人，你认为这个视频很牛，我没意见，不过不要对up的人品抱有多少期待,263690354,1572744572
Mars-wzj,我本来想成为up主那样的人，进大学报了计算机专业，还进了电子社团。想尝试自己也能做一个像up主那样的视频。\n                            结果就发生这种事?,173970355,1572744061
晶石蔓藤,是什么让你产生了东方众只有600人的错觉[调皮],30329440,1572743897
古明地恋Official,这也就能骗骗外行人吧,228876691,1572742776
Seisa-Kijin,听说自己被开除车万籍，闻风而来,4956279,1572742614
石清溪弭节问平安无事,能不能实现点赞逆生长,379063792,1572742583
Nojunko,能不能把他这个每周必看给我卸了( ´_ゝ｀),84961700,1572742085
村纱水蜜Official,年度笑话，bad apple和东方有什么关系，之前我以为做bad apple二创的人不说有多喜欢东方，起码对东方有点了解，今天算是开眼界了,2074954,1572742045
小阳_233,搁这用BA视频涮流量，真就当代农夫与蛇呗,290806434,1572741796
犬山悠太Official,我寻思我可能不在600壬里面⑧,5034200,1572741183
博廲霊夢,还搁这每日必看呢？口区,32835378,1572740999
博廲霊夢,600之一不请自来，在？出来对线？,32835378,1572740971
石清溪弭节问平安无事,不要停下来啊！（指刷屏）,379063792,1572740801
一口热水慰平生,六百人之一来了，话说这不是那天慢报推的视频么，真没想到up居然是这样的人[捂脸],5613839,1572740633
IJN_TAIHO,那600人到底有没有我呢，我暂且蒙在鼓里,59797319,1572740092
不良风气弥漫,草，车万圈根本都不想鸟你这个跳梁小丑，也就混b站的人稍微热心一点，，，,28966909,1572739973
布尔什维主义胜利万岁,还搁着儿每周必看呢？！我硬币呢？！,456694068,1572739757
近战法师ex,过来取消点赞，我当时在想啥[吐],41355221,1572739391
RagerWang123,东方众只有600+fhfsfhhbgfghgfggufdjnnkj人，就跟紫妈的年龄是17+HGGHFSDGHHHHFRU bvbhhg一样,7952047,1572739044
Bili_399298588,控  流  之  主,399298588,1572738982
SD人,？tag不符没人dq,4397905,1572738404
莉斯莉特诺埃尔,最愚蠢的事情莫过于挑衅整个爱好群体…我也不认识up是谁，但肯定是膨胀到看不清自己是谁了,19392999,1572737590
博麗靈夢A,宁就是控评带师?,89042025,1572737244
西行侍幽幽子,你给我把你的这个视频删了可以?我劝在没有被最坏什么处理之前，最好弄清楚你现在在做什么,317443603,1572736376
拯救人理的刀客塔,回来，取消收藏，取赞点踩，可惜不能把我的播放量和币要回来啊，爷就是600勇士[doge],261173366,1572736067
宇宙颠倒,不愧是烂苹果 优秀到被开除车籍了,21839203,1572735906
Ln2_,我其实是东方第601个人,22724866,1572735132
近人13,车万六百人报到,404200886,1572731499
创作中心,为什么Ubuntu里装个dash，改个.bashrc也要截图？这些算是用到的电路还是程序？,7412629,1572726941
廢土走继,就是宁把鬼子引到这的❓,147890062,1572726626
Fate丶13,车万六百人报到,4837942,1572725028
乐乐森,[吃瓜][吃瓜][吃瓜],12307353,1572724250
Extend-Ash,300英雄，600勇士（无端）[doge],74447824,1572722941
待宵_Jan19,600勇士前来应战,13570732,1572722656
探女探女不说话,东方众600人勇士,158499884,1572722536
TokisakiKurumi狂三,虽然有点与视频无关，但本一般通过囧卫兵还是想问下中国东方圈内大佬：esu咋了？看囧仙b博贴吧均一知半解，如果有知情人士能阐述一下具体情况吗，私信也行，感激不尽！( ´_ゝ｀),25732866,1572722425
Faderide,600人之一,17664910,1572720220
壹键山雏,打扰了,22618806,1572719960
待宵_Jan19,围观群众，吃瓜路人请移步https://tieba.baidu.com/p/6321166319。了解一下这件事的前因后果。,13570732,1572719675
超高校级的聋瞎,600人之一来力,178340644,1572719594
驼教主,咩持🐏🐏🐏,4891792,1572719083
兴致使然的某L,up可以发张自己的照片，让我们看看你的头发还在不在[偷笑],26551222,1572718759
幻想乡的松鼠-翔月米,东方600勇士，我也是其中之一,11626188,1572718478
阿蒂拉君,车万六百勇士说,85021661,1572718106
重力妖怪,天   空  花   园,179677342,1572717725
Celorig,原来我也是600人之一,8276748,1572717671
Got生命的甜包,600+n,12413760,1572717213
LoveReimu,嘻嘻我也是600人之一,1485640,1572716817
心賍狙击killer,问个题外话，为什么有些评论说加了东方tag播放量就不多了啊。,15997415,1572716765
羽纶笔,年度最佳笑话:ba和车万没有关系,35606011,1572716723
车万元首阿道夫Official,这就是BA原版吗？🐸爰了。,36959213,1572716639
宝宝你大爷,笑哭了，宅男们的愤怒[喜极而泣][喜极而泣],100460831,1572716510
-葬花人笑痴-,宁就是东方里的六老师？恕我直言，宁的技术在原版bad apple面前就是渣中渣,3994716,1572716054
丢人的东东,不愧是靶子,16057265,1572715883
魂魄江雪,[doge]发一个评论试试,34678049,1572715707
我永远爱里苏特_jpg,咩2016\n技术力：\n人品：\n智商：,7842445,1572715268
谭筱风声,600人+1,1716628,1572715225
方道弘观,无耻,13519869,1572714799
魔法少女初音射手,我大概是600编外人员[滑稽],123814002,1572714747
洩矢诹江子,蛤？,23648541,1572714704
迷途囧路,举包点菜二连啦[小电视_笑],64108344,1572714690
神隐陌路,这个600，是多少进制的呢,85504386,1572714232
夢奶茶Sampuli,车万600人来了[doge],25885373,1572713824
白雲山人,车 万 六 百 士,391967863,1572713637
G-S-D,加油！奥利给！（指清除评论）,35361998,1572713197
幻想乡首富博丽灵梦,我当第601个车万人，好吗,194330762,1572712959
RemiliaScaret,纯新人，这就是bad apple本篇吗？爱了爱了,88455104,1572712369
终焉己至,？？？,23112523,1572711968
四季抗病毒胶囊,在？为什么用热本鬼子的作品恰烂💰,228991005,1572711744
幸运的珈百璃,没火的时候点过这个视频，压根看不懂啥意思，上个月又在排行榜看到还奇怪是什么高科技视频先，今晚刷酷安看到这个瓜才搜来看，才发现原来是烂苹果，还以是什么高科技视频,37828319,1572711622
田所萃香,车万600勇士来了,30479830,1572711374
奥汀代言人,1/600,16568530,1572711092
绽放鲜血之花,众所周知，车车人，平均每一个在网易云都有五首歌,312097686,1572710639
集结榜彡帕秋莉10388号,把我的硬币还我[吐][吐],351250805,1572710506
addddddc00,这就是bad apple!!本家吗? i了,162566084,1572710478
集结榜彡帕秋莉10388号,废UP主,351250805,1572710398
車椅子探偵,600黑道复制人,19434985,1572710334
绽放鲜血之花,车车人是很宽容的，但是这并不能成为他们被骑在头上lashi的理由啊,312097686,1572710149
绽放鲜血之花,我不是六百车车人，我只是一个路过的听歌云玩家。,312097686,1572710039
温柔的小狮子01,1/600,8706163,1572709955
逆境无赖⑦⑩⑦,你就是六百万二刺猿头子？,25884870,1572709928
我永远爱里苏特_jpg,过河拆桥，你这行为好厉害哦,7842445,1572709865
逆境无赖⑦⑩⑦,你把你六百人小圈子给我交喽,25884870,1572709844
我永远爱里苏特_jpg,呕呕呕呕,7842445,1572709781
我永远爱里苏特_jpg,刚入站，这就是bad apple本家吗？👴 i了,7842445,1572709756
传火的姐姐SAMA,这就是bad apple!!本家吗? i了,34497766,1572709497
Lonely冷色,为什么有投币上限这种东西……,140290005,1572709353
逸站永不收费且无广告,幻想乡600勇士打卡,3074923,1572709117
墨羽蓝云,哇，信仰之心啊,8210116,1572709030
心语妄境,刚建号，纯新人，这就是先进的代码技术吗，爱了！东方是什么，从没听过[doge],44100202,1572708788
我永远爱里苏特_jpg,我吐了,7842445,1572708563
森远霖之助,亏我还觉得你做的挺像样的，不过就你这也配超越本家？,12558193,1572708506
森远霖之助,亏我两个月前还觉得你还有点人样,12558193,1572708121
一朝平步上天台,本家动态双重爆破，600人真多呵,395420913,1572708116
佐佐木琪露诺,我觉得在这里唱歌好像不太好,107042878,1572708072
寇刀飞觞,真是你老母生你养你栽培你，你倒是倒打一耙还自我感觉良好,34137250,1572707758
Flowlight_,....？.,35851490,1572707733
寇刀飞觞,抱着东方圈或对这些感兴趣的人大腿才有的热度，又公然diss东方这个圈子,34137250,1572707648
原汁原味的漠峰,建议高技术力电影：最后滴600车车人,87861940,1572707585
藤原汉娜,笑う,38747127,1572707412
小阳_233,科技区大佬真的太nb了！学代码的一定很懂逻辑吧！大佬能不能教我一些逻辑学知识呢(=・ω・=),290806434,1572707406
特雷卡斯丶亚莉米蕾,技术力不足被锤事件 https://neroasmar.top/mie2016/,24686869,1572707185
东厂难民,听说只要600车车人，我来冒泡了,108258437,1572706971
花椒今天爆肝了吗,课代表来了！～up从06年开始自学电子技术，到现在已经自学了13年。\n他学过：~%?…;# *’☆&amp;℃$︿★? ~%?…;# *’☆&amp;℃$︿★? ～~%?…;# *’☆&amp;℃$︿★? \n他使用过：~%?…;# *’☆&amp;℃$︿★? ~%?…;# *’☆&amp;℃$︿★? ~%?…;# *’☆&amp;℃$︿★? \n他做过：~%?…;# *’☆&amp;℃$︿★? ~%?…;# *’☆&amp;℃$︿★? ~%?…;# *’☆&amp;℃$︿★? \n看懂了吗？[蛆音娘_卖萌],8943162,1572706928
佐佐木琪露诺,本家战火倒是比动态小很多呐,107042878,1572706670
月灬残梦,听说只有600人，那我只能冒泡出来了呀,1794245,1572706478
四季抗病毒胶囊,车万600勇士前来报道了嗷,228991005,1572706014
花田废线,不明觉厉。但是也太跳了,33229027,1572705634
大自然的规律,这里的评论不会被删除么？,20789809,1572705438
Flandreeee,gkd,380258255,1572705413
绿牙葡萄,呵，无耻之徒,4525369,1572705370
MIO校长,作品不错，但UP主现在的行为实在令人反感,389305513,1572705152
胖次のKing,第601位报到[微笑],4914716,1572704975
阿凯2001,*我做BA视频和东方有什么关系呢？况且一个六百人的小圈子又能拿我怎么样呢（,129320757,1572704865
余九堂,你对东方什么都不懂,出的跟东方有关系的只有一个Bad Apple,这钱它好恰吗？,399574954,1572704787
大炮大炮sss,原来b站每三百人就是一个人的小号啊,20666219,1572704657
残念的阿鲁,？？？,170594091,1572704075
莉莉卡-普莉兹姆利巴,刚入圈，我是第601个东方众，噢耶幻想乡万岁,39345475,1572703961
飘游轻风旅,纯600车万人，这就是技术宅吗，爱了,33266404,1572703862
崩坏3萌新hhh,我逛商场拍铳火放狠话好吗,185638068,1572702521
你爸逼你,6666666,30925633,1572702122
不知梦者,希望能让风波早日平息，专注于与他人的纠缠真的会越陷越深，毕竟这样的创作还是挺棒的,15150530,1572701847
塑世歌者,原来我是那值得被枪杀的六百人之一，我真厉害，，，,363894336,1572701436
镀硫君,要实现一个功能，不是代码越少越好吗？[微笑],11795565,1572701212
米津玄师ハチ,来了，,108750647,1572700668
Kras_TB,人是肯定会变的，但没想到会变这么多，祝好运,57026522,1572700271
失焦冰棱镜,第601个车万厨前来报到。,27184005,1572698973
OdaNobunaga152,600分之一来咯\n东 方 温 泉 关,3249617,1572698843
失喉_,六百分之一前来报到,402768827,1572698109
Alegro_,我就是600人之一,53568916,1572698107
西行侍幽幽子,你开始了，我开始拿板凳看着你表演控评,317443603,1572697991
西行侍幽幽子,9181楼？,317443603,1572697935
-邪正人鬼-,咩持 🐑 🐑 🐑,12294510,1572697096
StruckX,两千评论没了。。。,130050642,1572696172
candleflame,恶心死了,19610465,1572695841
泷源Official,游击队来力,49949288,1572695328
候地方,咱不是车万众，但也是听着东方的威名一步步了解宅文化的，在网上没怎么对过线，今天吃到这瓜可把我恶心坏了一定得说点什么。是，车万在国内是不算火了，但是他有一批发自内心喜欢着他的人，你这种利用他们再发过来仗着他们人少欺负人行为简直令人发指。顺便一提，我现在也在尝试入东方坑（但是游戏打不过啊！！！）,13995964,1572695231
还愿的耀尘,在？为什么不删评？[doge],81237099,1572695078
强喙夜蛾,有一说一，个人认为《斯巴达300勇士》这电影还蛮好看的,14953652,1572694811
这个ID估计没人注册,张辽以六百精兵大破孙权十万军队（有端联想）,291223027,1572694659
叫我大佬jing,是我，车万女孩,37417112,1572694467
HerobrineWQC,514万（察觉）,87797395,1572693781
幻辰氏,我也希望自己能做一个技术党，就是up这种靠技术力拿二创鄙视原作的技术党( ´_ゝ｀),17763773,1572693603
真刀玩家,六 百 人，你真的确定只有六百人？,225305568,1572693365
这个ID估计没人注册,今宵是飘逸的600人（有端联想）,291223027,1572693246
绯色美工刀,要⑥佰了,438839606,1572693241
琪露诺牌冰激凌,㈥佰,11241713,1572692821
ながとゆき,我也是六百人骑士,66868208,1572692162
这个ID估计没人注册,只有600个“真正的东方众”，剩下的因没看本视频全被开除车万籍了（悲）,291223027,1572692065
不愿透露姓名的女仆长,我做第601个车万人，好吗,62462045,1572691619
音羽珠华,601来力,13175104,1572691540
M-T-Nut-Official,バカヤロ你们区区600人是战不胜我的（有端）,37823573,1572691509
M-T-Nut-Official,看一下up的投稿，bad apple和新宝岛已经沦落到和cxk一个地步了嗷，，，,37823573,1572691397
天体系统故障,600前来报到,350843109,1572691380
一般通过男子,斯巴达300x2勇士之一来了ao,371539335,1572691252
绯色美工刀,我只是一个用来提供上百人削苹果的美工刀而已\n                                                       ——绯色美工刀\n          2019.11.2,438839606,1572691204
変態大紳士,脚本测试,8379332,1572691175
NwtrKtk,600[嘘声],32815478,1572691150
叶巨大力,六百勇士报道,39803543,1572691131
十连暴死流拳法家燚枫,👴也要当斯巴达600勇士,14190540,1572691055
セルセル,被某些人拉黑是光荣的,195461827,1572691051
绯色美工刀,（⌒▽⌒）,438839606,1572691023
荀彧い,六百之一不请自来,6664391,1572690935
隔雨听竹,我做第601人，好嘛？,4081505,1572690833
c137芦苇娘,斯巴达600勇士3上映辣，各位小伙伴贡献一波票房哦,199462171,1572690182
八目鳗摊文厨,穷凶极恶至强至暴的600人,25711745,1572689756
二次元の神王,600人游击队。,410980457,1572689625
ST大大,我当第601个车万人，好吗？,25397614,1572689581
Comet15,自娱自乐小圈子600人前来报到[吃瓜],34605327,1572689363
pudddddding,600,7152771,1572689178
银色战车_镇魂曲,斯巴达600勇士,1614112,1572689035
msdkal,把我硬币还回来,82833203,1572688978
RagerWang123,没想到我一个东方二十周年时入坑的人居然能有幸成为六百人之一,7952047,1572688951
伊波特山地底的XJ9号,六百勇士报道,83985045,1572688826
只是o6,ba跟600人无关,9311101,1572688596
飛散紅葉的天狗,40000000行代码，你是把ba做成系统了吧,17592175,1572688321
星軌EA,he~tui,349506862,1572687849
Solitary艺术师X,看前：百万播放？让我康康您配吗\n看后：我一个人就能看一百万次！！！,24935880,1572687637
wateroon,令人作呕,11676838,1572686420
c137芦苇娘,有没有哪位大佬讲一下事情的经过  我也想吃个瓜,199462171,1572686054
崩坏3萌新hhh,其实up说的对，车车人其实连600都没有 ，你动态里说话的还是评论区的大部分都是我的号，真是太难了，你说，为什么要⑧的爱跑十周年捞这个,185638068,1572685978
低龄化的神作,东方Xbad apple，太棒了，双厨狂喜。哦，和东方没关系啊,13512120,1572685642
崩坏3萌新hhh,up你再说一遍，是不是懒果子跟東方无关[抠鼻],185638068,1572685328
崩坏3萌新hhh,我想知道这个控评方法时关键词还是说up手动[笑哭],185638068,1572685258
蚊砸℡,刚来 这就是原版bad apple吗 👴🏻爱了,12758228,1572685085
崩坏3萌新hhh,up你ba十周年捞自己的视频，厉害啊,185638068,1572685031
崩坏3萌新hhh,哎呀没想到还有禁言这一招，不过无妨\n我再问一遍，up你说ba属于东方吗?,185638068,1572684987
bLanK的小号,我们遇到什么视频，也不要怕[doge]\n微笑着白嫖她\n消除三连的最好方法就是直接白嫖\n坚持，才是胜利！\n加油！\n奥力给！\n[滑稽],86902810,1572684911
涅槃的小龙套,[滑稽],338161030,1572684286
遥远的火山,600车万人不请自来嗷，👴来康康你这个憨批要干什么,4978892,1572683977
预告不详,1/600🤷,342586271,1572683677
雾雨白黑,说，你是不是囧仙小号，一个创造了东方一个创造了ba[doge],2524911,1572683651
耿鬼老师,不算六百人，但是仍旧支持他们,3294808,1572683470
DHF582,六百分之一[微笑],411935,1572683409
树人儿是肥宅哇,1/600,6326663,1572683353
花荻呦,600勇士不请自来,190492074,1572683200
雾雨白黑,取关点踩拉黑三联,2524911,1572682763
格碧老王,车万众都是斯巴达人（确信）,170757233,1572682684
Kotorisaikousuki,L.,81424318,1572681596
虚空来声,能取消的都取消的。\n600人是吗，请看一看有多少不同UID再bb。,34360388,1572680715
AItheEliminated,好好做就好好做吧，非要态度不端正。,239263808,1572680620
claoksno1,我们有100万个加强营的兄弟姐妹，每个营600人，突然可惜那啥没了，不然您肯定是国际巨星,8644097,1572680341
沧生稚海,这就是bad apple吗？👴爱了,157299492,1572679964
塞纳留斯酱,六百个东方厨之一前来报道,8579895,1572679375
椛薰子,播放量多并不代表可以成为镇站之宝，懂的人自然会懂，，，,281106410,1572679227
chie4,东方众只有600人可还行,918432,1572677950
紧闭の恋之瞳-古明地恋,自东方吧而来,40001519,1572676977
你kar哥哥,车万600勇士不请自来，哈哈！[支持],31965316,1572676674
西邻玉,牛逼,36910992,1572673092
AItheEliminated,和ltmp异曲同工之妙,239263808,1572669132
东海人民,原tag被举报了？,29026444,1572658917
尤伦卡穷,大佬牛B！,381918463,1572641411
红梅陷阱,一般路过，这做的是什么啊，就科普,184299109,1572634252
一般通过F6F地狱猫,？？？,13052443,1572627377
诺尔斯特,泪目了我的天,4239480,1572621987
50989387976_bili,nb,383840184,1572619548
纸牌屋里玩纸牌,不明觉厉,17716939,1572617923
画约舞,突然发现了我学电子系的目标,13962538,1572610024
只好随便起名,道理我都懂，为什么播放比原版ba还高啊，限流？,69749748,1572606474
花里胡哨的小毛驴,厉害啊,141775469,1572594886
Bili_66598420,up是太闲了吗？,66598420,1572591501
淡黯魂,有点乱,407244353,1572589523
一只猪xx,上次看过一个一样的视频，标题是b站尺寸最小的视频🥳,73767454,1572577482
想变欧的无情,你同专业学弟我好像发现了事情的严重性[笑哭],100369553,1572569960
丧心病狂的乘客,跪了,14033653,1572559545
匣子里的狸猫,做个课设都会头秃的我，发现了神的存在,11616207,1572543896
78505821506_bili,我想看这人的头发有没有了,438439597,1572535331
咸-YUI,看到有轻音 可是我翻了好几次  没找到 有这个视频  难过嗷,1894576,1572534809
Mr丶landa,牛逼啊,7391372,1572532931
青葱小瑜,太强了吧,94630196,1572517282
Por una cabeza,我的天啊 我真的完全看不懂 但真的就觉得好强啊= = 技术宅也太帅了吧！！！！！,1415416,1572502900
Ohayosang,明明看不懂，怎么就迷迷糊糊从头看到尾了,10719676,1572497790
囊萤映雪yoki,真的很努力啊！,35580113,1572493733
ENNMU07,你秃了吗？,7176746,1572474899
霄鹏庆,流批,259207110,1572448307
胖三斤二两,哇(⊙o⊙)哇,306407921,1572447315
曰寸曰门,一脸懵逼的进来一脸懵逼的离开，，，，我好像看了一些自己看不懂的东西还有一个段黑白黄蓝的动画，，，，嗯好像是[2233娘_困惑][2233娘_喝水][2233娘_无言],11949681,1572441424
红星闪闪德玛西亚,辛苦了，关注了送你上去,35920634,1572430948
75793484227_bili,截屏选老婆,359480554,1572422482
_鹿目焰_,80e bit就直接写1GB呗…,57676617,1572421516
唯名六弦,虽然看不懂，但牛批就完事了[捂脸],7977237,1572415208
美纪的太郎丸,up学电脑的时间和我的年龄一样大[点赞],107312754,1572412638
李家婷婷,🍎🍎🍎🍎🍎🍎🍎辛苦了，坐下来吃个苹果,420191633,1572402445
李家婷婷,把我的硬币还给我！！！,420191633,1572402427
啊撒啊撒鸭鸭鸭,虽然啥也看不懂但感觉肯定是用了很厉害的方法才让那些图动起来的🤔,8986588,1572399688
深联微科,嵌入式单片机,316752456,1572396518
AtvIot,这难道就是键盘侠[doge],67964212,1572396065
北风叶帝,完全看不懂，他想表达个啥。[嫌弃],400323291,1572361547
齐王黑,看的我满脸问号  →“这也可以？”,10495413,1572358823
千雪梦蝶魂回飘,有点想看看 不知道能不能开源一点点[doge],281701272,1572353724
风见幽香de阳伞,众所周知，bad apple！！（同人音乐）和bad apple！！（旧作游戏曲目）和东方project（同人界的奇迹）不是一个圈子里的（滑稽）,83584589,1572349110
名字真难取6545887,只要标签不带东方，播放量直接飙升，带了东方过一万都难,90053192,1572345721
FeelingApple,开始自学的时候什么学历？,472527239,1572345239
吾妻祺,因为看不懂,334427213,1572339745
kaircad,通信毕业还好没干本专业，要不干不下去了,2471056,1572335393
bilibili娘の小电视,新人瑟瑟发抖，这个屌屌的东西是啥，有课代表科普下么[doge],20856524,1572329541
L陌上Z花开,dbq 我没脸待在电子行业 呜呜呜(┯_┯),12325642,1572320686
Acvh,up做这个东西还是很牛逼的。不过视频开头的up用过的东西有点乱啊…,282332983,1572303650
默名,不明觉厉[微笑],1400727,1572275077
现実逃避A,太强了，想当学单片机让led灯按规律闪烁都做不明白，up牛批啊,108745603,1572274766
Ann_LXH,虽然看不懂 但也觉得好厉害,899356,1572270367
15097604616,刚开始学习的Java学生表示一脸懵逼。。。,219631302,1572266951
忽悠哔,自学十三年还能叫自学吗,76985989,1572265370
柠檬先生plus,我寻思up主一个人能写4000万行代码？？？？,298312830,1572258011
红尘过客吴,不明觉厉,28834784,1572257407
涛之雨,植物大战僵尸好评，三连了,386815312,1572256280
离阡寻,文科生请不要产生理科生都会这样的错觉……,32299749,1572192590
traveler-moknisa,喂看门狗定时器可还行。,450284119,1572190415
方形罐头,4千万行代码。。就算五秒写一行代码，一天工作6小时也要25年啊,37428621,1572190317
易燃光,那是真的牛批,1951859,1572179138
张纶月,在下不才，对硬件有所了解，学过C艹和JAVA。都有所了解的本人表示，我可能一辈子都做不到这个视频的全部。\n（因为我还没秃）,94542603,1572179016
李某人的头发,太简单了吧？我三十万年后就能学会[doge],382797329,1572175663
聪明的OVO啥都做,辛苦的人值得回报。硬币给你交了！[2233娘_大笑][2233娘_大笑][2233娘_大笑],21541196,1572170088
猫钓鱼鱼,BGM:zombie on your lawn,315685071,1572159714
笑脸桑,那啥的。。为什么不加东方project的标签?,95987461,1572150445
东风谷橙柒,原视频av706  另外希望2016能打一个东方或者东方幻想乡的tag,153850684,1572149758
厌于留影の羞涩蔷薇,这是bad apple，和车万有啥关系？为啥要加车万标签\n别问没有狗头,8253337,1572146375
xian_yu,今天是ba的nico放送十周年，我看了看比比丽丽的ba排行，本家却大概是这个视频的3/5。如此高的播放量，不仅未up带来的大量的支持者和收藏\n但是有一部分车万众对这个视频的评价确不太好。\n为什么?\n不是说这个视频播放高有什么错，而是现在有越来越多的一般通过睿站逸民的进入，再者本视频的tag中未加上东方tag和标题中未含有东方等行为让这部分车车人感到了疑惑。\n这让我不禁想起了油库里，油库里也是东方的一个衍生作品，但因部分一般通过路人的进入，油库里慢慢脱离了东方，在这里让我有一种ba也会如油库里一样远离东方这个系列（也许是我的危言耸听）\n在来说说这个未加东方tag和标题未提及东方这一事，有的车车人会说是阿b打压东方，导致东方视频播放量普遍不高（指最近的新作品）。先不说打压东方一事的真假，我们来谈谈up为什么连一个ba的标签也不加?不要和我说什么有屏幕和ba无处不在的tag，这种视频三年前就多了去了但人家至少还加了个bad apple，这个视频呢?\n或许比比丽丽有在打压东方，但加上东方tag是一种对她的尊敬，也是对车车人的一种认可和支持。更何况只要作品优秀，即便是有打压，播放量也不会低（比如说东方华灯宴）\n神主在几周前的我乐多访谈中谈到，希望把东方做的能够像克苏鲁一样的主流文化，但其中的难度也不用我来说吧?我不希望以后会有人知道up的这个视频却不知道ba和将ba所涵盖的东方project，或者一提到ba就想去到的说up的视频而不是东方（当然，两个一起想到就更好了）\n写了怎么一大段话，不知道会有多少路人和车万众会仔细看完……\n然后车万💊[画风突变]（1/1）\n\n       ——来自于一个不希望东方真的过气的东方众,38192010,1572143316
抹泪客,本家bad apple十周年纪念,346152978,1572141155
ミクのCharlotte,评论区不出意料,14216346,1572140470
永远亭医药株式会社,加了东方tag会如何我暂且蒙在苏我屠自古里，，，,27232139,1572139567
Sternhinmei,现在视频播放量是507万，顺利超过原视频(av706)369万。\n然后，十周年纪念♬(ノ゜∇゜)ノ♩,314047038,1572137647
芙兰达_塞维伦,这要是带个东方tag这视频播放量顶多只能有现在的百分之一，懂得都懂，不懂也别问，问就是b变味[嘘声],245101979,1572128582
逐48,比本家播放都高，我能说什么呢（笑）,108710953,1572125851
乐乐森,Bad Apple十周年贺电！\n2009.10.27     →   2019.10.27,12307353,1572108995
史上我最帅,虽然看不懂 不妨碍我点赞投币🤓👍👍[小电视_赞][小电视_赞],20275296,1572108523
冷亖,我这个假b粉丝来了，以前看过up大队的视频呢,78401,1572103853
小柯kid1412,化简一下，不就8G的数据吗。。。。,32967414,1572103080
Mar老马,三连了..投币失败（您的硬币谨剩0.4）[笑哭][笑哭],229016974,1572089915
yelex0430,说实话 虽然看完了 根本没懂,73458148,1572083342
袜噻欧次奥,第一个想跪着看完的视频,335690602,1572075447
雪千之河,bgm好熟悉是啥来着,81237447,1572074097
俩个烧饼,学生来说还是可以，LCD1604  等，学生时代做这个还是很有意思的，可惜做硬件出身的，没好单位工资普遍比软件低，我也觉得奇怪,65769418,1572068001
G_W_Y_N,关注投币点赞评论支持充电拉进收藏单独创建新的收藏单。,2959680,1572064040
冈-格-尼-尔,还在苦学fft的高二狗在此！[大哭],342897952,1572063426
夜の落下,dalao 牛逼,37729966,1572052969
小忍是信仰,up挺聪明的标签没上东方[doge][妙啊],13046380,1572045888
剑鞘要上天,好消息！我是首页来的,13389033,1572030925
木兰花咲夜,比bad apple原视频播放都高，惊了,178541666,1572021617
_羽蒙丶,又把你刷出来了，虽然看过了，再赞一次,30537595,1572020637
孤独的我逐被冷漠,我直接跳过了所有学了FPGA[滑稽],89525684,1572010319
か小迷糊,13年  应该头发都没了吧  为up默哀三秒钟,165109990,1571998184
阿布卡卡23,太强了,335476533,1571995106
负卿乂,我不太懂这很牛逼嘛？但我知道我硬币没了,24443298,1571988842
IP凹凸曼i,4000万行代码假的吧，荒野大嫖客2好像也是4000万吧,19241048,1571988703
山外小楼-听雨,大学的时候焊个电路板都觉得难，更别说其他的。。,440131284,1571980404
幻梦光泽,复制这句话再打字试试！后面的字是反的,30471232,1571978513
亚洲男神小哇,年轻真是好哇，想当年头发没秃也是这样弄的[doge][doge],93860308,1571973040
姬灵Kirei,车万永不过气,16164002,1571973036
阡陌工作室,敢问兄台，头发安在哉？,84118275,1571964460
Fightforglory,滑稽可还行,30135964,1571923624
太鬼畜了,也许，这就是秃子吧,8192802,1571918539
zpcTorch,看不懂总之就是牛逼,7916534,1571916145
MIanXN,刺激,14878112,1571910948
阿伟你真的好惨啊,只有我注意到本间芽衣子的手办了吗？[笑哭],149098156,1571906173
老板两杯柠檬水,[笑哭]玩一个都没玩明白的当场剁掉了手,19757080,1571867624
想中奖的落楓,500w了！！！！,338388645,1571843460
青稚子丶,Bgm？？？。,242177157,1571843387
温如玉乄,666,325128504,1571843058
13775872685,电子信息工程大一新生，希望有一天我也可以跟up主一样做出那么厉害的作品，(｀・ω・´),7647995,1571841101
贝尔茄格里斯,up的头发呢？,472055950,1571839531
Yashiro矢代,太强了qvq,317035349,1571832134
kekeio,膜拜大佬，感觉光程序一块就够专研的了,13556223,1571829419
红炎へ覚怒,原谅我看不懂，看不出有多复杂，只觉得很牛逼,122455214,1571828680
紫馨吕,看不懂,30026274,1571827505
小菲肺,我一个C都没过的，点进来干嘛[囧],312311980,1571816692
Mashiro0o,卧槽我看到了MATLAB,20823265,1571775120
隔壁丢人琉璃,这......这是什么，tql[蛆音娘_害怕],319754264,1571763788
宁静的夜看星空,看不懂,195245547,1571761562
小菊花吖咩,真棒[2233娘_卖萌],23988564,1571759277
田啊嘞,植物大战僵尸,21689591,1571758818
GungnirYYF,虽然这期视频的内容都是前面的视频，但是之前的视频的播放量加起来远远不如这期视频啊,265840013,1571755735
晓之车丶焰之扉,你币有了,43857994,1571749963
lames233,av706,266404423,1571748664
诺拉NOLA,牛批（真的，第一反应）,2599645,1571747519
萝北北o3o,牛批,396826079,1571741921
皮王teacher陈,首页通知书，播放过500万了[点赞],342736100,1571736664
赊账九文,真的很厉害！！！但我兴趣主文科实在不是很想关注理工系,180025394,1571723912
Nansimia,不得不感叹坚持是真的最难的，就像我抱着⌨️这么久了都已经要转职成键圣了。,82416413,1571718151
真卡卡西,有大神科普一下什么是bad apple,100595378,1571687794
心有余力而不足,虽然看不懂但是感觉好厉害的样子[吃瓜],65531587,1571649185
Fox_usagi,奈何本人没文化，一句卧槽走天下,8408418,1571643633
墙头偷红杏,做为一个门外汉，我只看到了疯狂跳动的电表数字[滑稽][滑稽],265408035,1571633704
肝帝剪辑师秋月姐,奈何自己没文化，一句卧槽行天下,20460913,1571631572
鞋底子加肉,能坚持学习的人，不管学啥都很强，赞,194930852,1571616525
漫江千里,我不会是发现了什么天才吧。,364625394,1571569885
局座真帅,500w的助攻,13514377,1571561255
Vehax,太秀了,431076995,1571545411
集结榜彡帕秋莉10388号,av706,351250805,1571544232
集结榜彡帕秋莉10388号,比原版播放量还高！,351250805,1571544053
改名花了6樱币,投币比点赞多,340924707,1571543917
请叫我老邪,哦你可真像个Ω的后人,114268426,1571538489
天选Jo人,一个电子科学与技术专业的本科生看了只想说一句:大佬牛逼,35028884,1571529475
Invisible0000,这类视频作者真的只能用群魔乱舞形容,35692248,1571502924
46177981449_bili,你币有了,415556421,1571497027
二货晓之空,500万冲鸭,242614752,1571494162
往事回首都是泪,求bgm,104478258,1571486121
傲策,老实说 没接触过这种东西真的看不懂 但是up想要勋章就三连了,5483702,1571479364
西红柿真不好吃,这。。。。硬核,33146241,1571476494
1元的饼干,看样子学电子的都会搞这些。我是从无线电开始，做发射机，收音机，功放，各类单片机，fpga，exe，apk，php网页，python网页和软件，3d机械制图，Linux x86，linux arm，机器学习，感觉要学的东西好多。。,382878276,1571463648
北城秋语,我就想知道那个vc的源代码,11607395,1571461198
总感觉有人在毒奶我,奶一up口 明年粉丝破百万（￣▽￣）,10960709,1571461032
鱼丸不鸟,我真的只能看热闹了,74173871,1571454281
咯啦啊僵尸家族你,已三连（硬币不够啊）,221780689,1571446536
0翊king,你变秃了，也变强了[滑稽],36326388,1571442849
随_遇-而_安-,给巨佬跪下了,307456507,1571407806
山卡猫,8000000000\1024=7812500,393081354,1571406393
可爱到打一拳会哭一天,厉害了！,476969386,1571396475
职业ad法师,给你b了,111901540,1571395806
dr瓦坎达,已三连,475741343,1571395383
洛小悠丶,75万点赞，87万投币，33万收藏,5186775,1571394609
唯爱飞宇,投币比点赞多系列,18336736,1571375967
红梦幽樱,495w播放?二妹厨狂喜,82689843,1571362120
月色下の朦胧,大……大佬……牛……牛X……,242847765,1571330359
猫猫猫叫咪咪咪,虽然我看不懂  但觉得很厉害  必须投币支持,39987336,1571324615
地狱的亡灵,当年有弹幕版,372607,1571321507
李世济的留声机,大佬,237707045,1571319973
月落精灵,大佬，我建议你出教学视频啊。会这么多技术，还是自学的，教练大家一些自学经验什么的。,14430878,1571313481
弦卷-扣扣肉,是一个老宅呢（大概）[惊喜][支持],3781678,1571310214
我不是-阿伟,这是我见过第一个币比赞和收藏都多的！,93551565,1571309627
你好吃吗zZ,牛逼,11286079,1571308673
41830407806_bili,实 力 劝 退[doge],355268323,1571307160
隔壁桑阿姨的阿姨嗓,這些器材貴嗎？你可以分享一下學習經驗嗎？,2793035,1571287381
上官雅曦sama,这些工作将来可以交给机器人做,107220213,1571282092
下海-绘梨衣,为啥我总是想到香蕉君呢？(｀・ω・´),31808836,1571272051
UO君,他妈的牛逼... 电工大一生看完震惊到忘记听课,33420016,1571265222
苍井翔太郎,虽然没看懂但还是觉得好屌,180884564,1571246518
小猪佩奇的巴巴爸爸,这首歌曲调很像心如止水,277777173,1571246018
卖小碗茶的,有这功夫做个时光机不好吗[呆],17171110,1571244002
萌萌哒李舜生,虽然不懂，但是感觉很厉害的样子。,8293523,1571243754
今天丽林学习了吗,文艺复兴！！,1572999,1571242196
王宇233,up你的梦想完成了喔,37799885,1571239910
蓝天下的白云L,11000,4414138,1571237858
老八幡sama,说吧，直接上还是走程序\n反正我是直接跪了[喜极而泣][喜极而泣],344818278,1571236901
记忆中的纸飞机,tql。属实腻害啊！大佬大佬,21909814,1571232980
49534391500_bili,放kindle的好评，三连,400580855,1571232366
0风暴幽灵0,电费要炸了,6047768,1571225871
我的爱妾们,我太菜了，不配给你硬币,283093427,1571220068
Ecr_t-弋汐希霅,当年无论n站a站还是b站，都是号称有显示屏的地方就有bad apple的…,75879,1571214698
