uname,message,uid,ctime
卍起个名真麻烦,600勇士来力,8707431,1572939689
达芙妮基恩,毫无诚意，真就为了几个烂钱拉下老脸？\n把你稿件删了先再说吧,9819579,1572929821
进击の肥皂君,在 ？  人在cn刚刚被删评   请问雇佣兵什么时候到？ 为什么一个精曰团体可以如此嚣张？？ 在这几天之后东方project就完了！！！,2032027,1572907215
w御宇,我是外行人，你那个视频或许真的很厉害，我也知道你肯定不舍得删，但你既然不喜欢东方那你就回去玩你的电子去，不要在碰东方了，我心疼她,49834006,1572887189
w御宇,真就人人欺负东方吗？现在这个是潮流?,49834006,1572886734
Pfft_Nerds,真正的米青日分子(指犯错后鞠躬道歉就万事大吉),2181420,1572836879
红白火锅,德国签订互不侵犯条约之后就不对苏联发动侵略战争么？而且谁知道你是真的认识到自己的错误还只是被攻击的太猛烈而战略性怂一下？道歉有用还要警察干什么？你自己嗨了那么长时间给东方带来那么多负面影响，自己攒了一堆热度然后一句道歉就想草草了事？要知道战败国投降之后是要签条约和割地赔款的。身为一个要去美国留学的中国人却像日本人的躬匠精神一样以为道歉就完了？做梦，这场斗争必须你死我活！还骂别人精日，你这躬匠精神可是日本的传统艺能了。东方众再怎么喜欢日本文化，关键时刻还是能一条心怼满福神社的，不像你这种垃圾，两面三刀欺软怕硬。,1597592,1572828830
星空迹く,一边道歉一边删评控评，顺便在拉几个黑名单，up我建议你发一个道歉图片然后禁止评论不更好吗，也省的你用脚本删了[偷笑],50970021,1572828254
纳米级反物质轨道炮,咩大佐来对线啊gkd,30784503,1572827401
来自遥远非洲的鸽子,这边也开始了呢\n果然版聊是车万众传统艺能,262229374,1572827090
芙兰朵露-斯卡-雷特,那就版聊\n来点好玩的,比如喜欢哪些同人社团啊,又或者是如果有新的社团会去选择了解还是选择暂时性不了解性的观望?\n(沉迷版聊无法自拔,283269718,1572827072
一般通过大酱,咩大佐不整新活没意思啊，缩在群里不敢对线，楼下雇佣兵小号也是一击脱离( ´_ゝ｀),188493595,1572826975
煮沸的冰块,被600壬吓车欠的屑,225531190,1572826819
芙兰朵露-斯卡-雷特,隔壁5东了,这边能版聊吗(沉迷版聊无法自拔.jpg,283269718,1572826729
来自遥远非洲的鸽子,隔壁5东了\n也来这儿摸个鱼,262229374,1572826676
你02,现在估计是装可怜时期，我们绝对不能恶意辱骂他，但理智评论和质问gkd！\n恁又开始了？,38251675,1572825526
蓝琉32767,总感觉对线的人少了起来，这位up只怕是想冷处理几个月再出来了,13932031,1572825508
我的工业2,你啥时候好好道歉啊，jrgd帽？\n或者发几个乐子继续炒热啊？不然怎么继续你的盈利大计？,3749614,1572824890
我的工业2,你是本年度最无聊硬汉，乐子已经快没了,3749614,1572824471
威严之匠屋,虽然不知道发生了什么\n但是我取关了,6104945,1572824285
我的工业2,删羊还是nb，咱这一晚少了800＋\n你态度不端正，，,3749614,1572824265
蓝琉32767,在？出来对线,13932031,1572823228
四季映姬亞瑪薩那度,b站删评第一人,383046855,1572821688
四季映姬亞瑪薩那度,在？何删评？,383046855,1572821666
四季映姬亞瑪薩那度,1.为什么一个亲日的小团体会如此嚣张？\n2.东方project用户面对港毒的态度\n3.车万人不尊重国家主权问题，已联系公安处理@共青团中央\n三条动态均已删除[偷笑]\n（转发，已备份,383046855,1572821649
儏殇之月,主要就是你那个管理搞的吧，大部分zz言论好像都是他说的……,36144815,1572812722
笨笨555,“为何一个600人的亲日团体竟敢如此嚣张？”\n言论不是你说收回就收回的，请你滚出B站,12104450,1572802774
境界花,所以还在删评吗？搞不懂你现在到底要做什么。台阶早就给你搭好了你不下来。,13258021,1572802459
星期八的虚,http://tieba.baidu.com/p/6322373975?share=9105&amp;fr=share&amp;see_lz=0&amp;sfc=copy&amp;client_type=2&amp;client_version=10.3.8.12&amp;st=1572797233&amp;unique=C0E27214F481FC245E89169F19336CF7\n无内鬼，整点咩带佐笑话,8917195,1572797472
下北泽迁徒事务所,认怂宝宝，现在是装可怜时间到~,15814621,1572797071
蓝琉32767,某咩估计快吃午饭了，大伙加把劲,13932031,1572796877
心语妄境,啧啧啧，真滴牛皮,44100202,1572796685
吉diao八千慧,“ 说 明 一 下 ”,34638388,1572795876
小马就是正义,慕名前来围观吃瓜，话说到底发生了什么，看了半天也没有理清楚[吃瓜],7811214,1572795556
绯色美工刀,*我在这里致以诚恳的歉意*,438839606,1572795237
吉姬-豆豆-豆你玩,都睡觉吧明天再接着打,87570004,1572795090
绯色美工刀,东方众可不好惹，不是可以随随便便欺负的！[生气],438839606,1572794913
饶思哲,你也敢来b站啊,283838646,1572794847
綾地ねね,那没事了。,49958978,1572793750
芙兰doll,但愿如此吧！,122470176,1572792662
我永远爱里苏特_jpg,存在于群里的美梦\n　咩2016的主题曲。\n\n　目的是表现出隐藏着什么秘密的恰钱的形象。\n　我觉得平常里经常出现的笑点之类的，果然还是(毫无)技术力的\n　象征啊。\n　不过本身是看利益所以脑袋还是空空如也。,7842445,1572792456
蓝琉32767,不能停枪，停枪就是疮,13932031,1572791919
幽靈列車牛排,…………“我真傻，真的，”咩2016抬起他没有神采的眼睛来，接着说。“我单知道加了东方tag会有东方众。我不知道不加tag也有。我一清早起来就开了企业授权的正版Adobe全家桶，就开始意淫车万人用的都是盗版Adobe，车万人买不起正版，叫我自己写的脚本去控评。他是很听话的，我的话句句听；他出去了。我就在屋里意淫。我叫脚本？，没有应，出去看，只见代码撒得一地，没有我们的脚本了。他是不会坏的；各处去问，果然没有。我急了，央人出去寻。直到下半天，寻来寻去寻到哔哩哔哩里，看见一个评论都没删。大家都说，糟了，怕是糟了车万人。再进去；评论区果然寸草不生。600个东方众在评论区刷了2651条评论，我被东方圈子霸凌了。……” 他接着但是呜咽，说不出成句的话来。 …………,23469049,1572791709
古明地撒头里,给大家讲一个故事\n某一年，一支由600人组成的被称为“东方”的部队遭遇法国十六集团军24w人的枪击\n为了掩盖事实，临走前，十六集团军崩了几个自己人\n第二天他们对外宣称一伙精日部队袭击了他们\n但大家看到十六集团军的总指挥时不禁感叹：\n为什么它是一只删羊？,320564312,1572791449
头盖骨收购商,我收回716楼，这人没个正经样,71306741,1572790881
Xx_lzhjk_xX,第二条，呸[吐],172524864,1572790751
Kzz,什么情况？？,503589,1572790544
夕夜歌,你的言论同时伤害了我们作为一个中国人的民族情感和一个东方众的兴趣取向，而最后的处理方式就是这种毫无诚意的道歉？,49687820,1572789647
阿萨德两年,话说之前刚开始他不是不知道ba是东方的那为啥如此精准的找了东方up主们帮忙转发不过那个视频我真觉得不好看,3934082,1572789499
空色面具,道个歉把之前的动态全都删了？诚意呢？,31473083,1572789490
阿萨德两年,删评之过非我也乃脚本为之(顶我上去看他删不),3934082,1572789382
幻想中庭,全程以第三人称叙事，从头到尾可都没有看见过“对不起”这几个字，反正我是没觉着恁有一丝一毫的歉意的。表面投降，背地里又捅刀子。热评消失都是脚本干的，和恁有什么关系呀？(笑)或许恁就是詹姆士一世?,26566457,1572789092
才不服你就要服他,温馨提示：翔可以冲走，但是塞不回去哦,140372408,1572788777
54113074043_bili,我看看脚本还在工作吗，没有的话就姑且原谅你，毕竟这种费力不讨好的事谁也不想干,391446962,1572788621
Esydera,诶 别道歉啊 你没有错（,37648353,1572788248
Shamemaru_Aya,买粉，扣帽子，涉港问题呢？,23154567,1572788220
暗网业火,删评姑且不论，解放黑名单算是那么回事了【摊手】,397136382,1572787899
清闲如梦,对于其他言论的道歉能写具体点吗。。,20171036,1572786829
孙笑哭,我不原谅！我被你扣精日的帽子说戴就戴，说拿就拿！真把我们观众当猴耍？,349927356,1572786731
小偷478,扣精日帽子的事呢？这可是你b站号干的，怎么不提了？在这装受害者给谁看呢？臭弟弟[吐],67654630,1572786560
szfhsxr,av74371232,11619405,1572786399
海豚-Dolphin,雇佣兵头子出来道歉？,177303527,1572786322
芙兰朵露-S-斯卡雷特,当我输完这行字时，又一个评论被删除了,85298558,1572786133
智慧巅峰琪露诺酱,[囧]这也算得上道歉？？别再装可怜恶心人了,306171386,1572785749
智慧巅峰琪露诺酱,删评也算得上诚恳？？,306171386,1572785599
幻境安之匙,*150多个字的道歉*,308019621,1572785582
蒟蒻芜鄙,删除理智语言装被针对有意思吗？,88045636,1572785373
幻境安之匙,你管这叫道歉？不要小看道歉啊混蛋,308019621,1572785267
战术大妖精,这里到底发生了什么，会不会都是误会，还是说有人在中间挑拨，有人能科普一下吗[小电视_困惑],4308196,1572785177
幻境安之匙,脚 本 人,308019621,1572784960
如我平A,我的很多言论基本上都自删了，希望up主今后引以为戒,47082076,1572784888
szfhsxr,av74425967,11619405,1572784366
9鲁诺9巴纳,我就等你真正的道歉，扣东方众精日的帽子，黑屁挂人的事什么的你就一项一项说清楚。,436342605,1572784161
DDDQDDD,别太过分了美国人！,177602517,1572783956
东风谷泪子,我还是不太相信所谓的诚意，这几天就一直时不时来看看吧,10088950,1572783916
一条两条归桥,我会支持你的，咩600！,11357435,1572783904
可爱爆炸的北极熊,我希望你能明白一点，道歉的人要接受对方愤怒情绪的反扑。\n而不是越看越气重蹈覆辙升级事端。,5288922,1572783715
怎么改名字灬,一碰就碎？,221615336,1572783538
一般通过大酱,重温经典av42807128\n(｀・ω・´),188493595,1572783209
我有一瓢酒_,凉了凉了,80466380,1572782976
椛薰子,大多数公愤是由你群某个管理挑起的，他想要你死，我觉得把那个管理拎出来公审比较好（,281106410,1572782968
伞U3,版聊，有人知道幻想乡萃夜祭保存是按键盘哪个键吗？,20808271,1572782419
小雨星星不可妖,646楼咋没了,432256904,1572782386
kevinzhengzz,道歉是一个好的开端，不过这件事情在不了解情况的外人看来，无论是对up还是对东方众，都会导致不必要的形象下降吧。你相关的动态和许多评论也被删了。为了事后双方能真正和解，也为了你和你伤害过的东方众不会被圈外人误解，我个人建议你自己发个动态客观详实的给大家理一遍事情的经过来画上句号，请不要删除这个评论我同步到动态了。\n我从人工智障系列开始关注up，你的视频我很喜欢看，对于东方我不敢说多懂，但也是略有了解的喜欢，喜欢的up怼了喜欢的圈子真的让我很受伤，以上只是我个人的想法的表达，我想东方众里有不少人和我想的是一样的。,37644229,1572782344
星期八的虚,停战的此时有人想来一盘紧张刺激的大炮弹吗,8917195,1572782262
吉姬-豆豆-豆你玩,大家先冷静，保证一个东方人最基本的素质，既然道歉就先观望下，听说开始放人了\n另外放出我的评论：\n为表现诚挚的歉意，我建议up：\n1.停止脚本删评\n2.放出黑名单相关成员\n3.既然你道歉了，那管理员也麻烦道歉\n4.对以后做出不在迷惑发言迷惑行为的保证\n5.以上若全部达成，咱立刻就走，从此井水不犯河水，但若再犯，我们还是奉陪,87570004,1572782143
佐佐木琪露诺,av52466818 ayo真的很不错,107042878,1572782091
清廉正直-射命丸文,悄悄地评论，开炮地不要,23088148,1572782083
星辰降落之歌,对你所说的言论道歉?那实际行动（删评拉黑发引战动态）呢?,12540901,1572781895
Mr贝贝龍,其他言论代表的是哪些其他言论，大伙都等着你呢,13882784,1572781860
古手家的传人,脚本听说关了，都先冷静下,176379254,1572781807
白狼天苟犬走椛,不过好歹是放黑名单了，还是那句话，私不擅长骂人，厌恶强盗思维，喜欢讲道理，有任何有异议的路人或粉丝不必客气，即使我的立场非常坚定但私仍准备被对方说服的态度进行交谈，这一点希望对方也可以做到,13548943,1572781789
进击の肥皂君,在 为什么一个极度亲曰团体现在如此嚣张？？？,2032027,1572781699
Zおおたじゅんや,咩：我不是什么好货，外面也有600人，也没有那么多钱可以雇雇佣兵，但是，但是我不会放弃，不会道歉，不会抛弃，不会洗白，因为放黑啤~是我唯一的优点~！,291012686,1572781582
tonycolin,tips：现在部分评论消失，根据线索有可能是发送者自行处理。现在停火。欢迎各位传教。（在下悄悄路过）,11191432,1572781581
佐佐木琪露诺,av67181568 我唱的（,107042878,1572781311
爷是天龙人你们都爬,我第一个看见评论完35个赞一会没了，本来对你无感的。现在感谢你拼命让我改观嗷[微笑],244126912,1572781203
二次元灵幻天师,为了找乐子而找乐子，混沌邪恶，没有立场,383334998,1572781198
堀川雷鼓-HorikawaRaiko,您这没诚意啊[抠鼻],11815916,1572781197
进击の肥皂君,群友截我说过的话 跟我有什么关系[洛天依_无言以对][洛天依_无言以对][洛天依_无言以对],2032027,1572781146
victordebroglie,在？ 600人？,6987022,1572781018
极皮生物RoadRoller哒,喝茶，静等某人动静🍵（希望真的不要再从太阳花田采花了,96869707,1572780974
请提醒我考研要紧,既然表面道歉了，那就先表面原谅着。省的被一波装可怜然后反咬一口,33182642,1572780471
醒后有呆毛,东方众都是精 日分子可是你说的，所以你来道歉好吗？,18346245,1572780458
孤独的瓦愣纸,终于解禁了。。昨天上来就被误杀[尴尬]\n道歉是好事，后面的都先停火，可以慢慢谈\n另外，感觉你的群管理是可以教育一下了。。不然他可能以后还要给你惹事[灵魂出窍],19178685,1572780423
古明地灵殿,先停一下火，然后传送https://thwiki.cc/,51884178,1572780415
关你皮丝,AV73795906\n不如来听听废狱摇篮曲吧[惊喜],91305165,1572780411
呆呆の三三酱,宁这二十多万粉丝合着全是法国兵啊[doge],11031782,1572780405
白狼天苟犬走椛,请正面回应东方人台毒JR的言论\n咱第一天是戳到你痛处了吗这么急着拉黑，即使到现在大家还在和你讲道理，高下立判,13548943,1572780342
懒挞挞的银蛇,新战场新活嗷\n顺便，看了这货的分析，他的统计学老师怕不是要气疯了[偷笑],132935710,1572780314
醒后有呆毛,您为什么要对精 日分子道歉？[doge],18346245,1572780279
羁儿Official,恁怎么软了？,38484649,1572780217
かぐやandもこう,停火，然后传送https://thwiki.cc/,31361372,1572780173
六开幕前途无量,哀乐惊天痛心伤永逝,438361247,1572780000
逆回ヽ夜月,道歉了还在删评，可真是把老子给笑尿了,7905806,1572779920
美酒伴风,开始叼的样子呢?现在知道错了?,67978674,1572779914
我钦点圈子亲鈤好吗,昨天这个点不是跳的很欢吗怎么一瞬车欠?\n其实你心里并没有任何歉意罢\n只是想快点平复骚乱降低热度然后继续盈利,389103353,1572779788
大大大肥居,“为何一个极度亲日的团体会如此嚣张”的动态呢？[微笑]\n为何区区一个up能嚣张到给东方众扣奇怪的帽子？为何一个20万up连对说话要承担责任的道理都不懂？,2061928,1572779764
托卡列夫毁灭魔炮,对线伤敌一个自损六百，千万别搞了，逞一时口舌之快却给人留下话柄真的不值得…………,57935470,1572779753
来自遥远非洲的鸽子,一起来传教\n入坑的视频有:猴子也能懂的东方project 猩猩也能懂的东方oroject 机核东方系列\n顺便 恋恋世界第一,262229374,1572779719
圣杯火,“那些人要是真的在美国，我就真的敢花钱找黑水”\n\n群里管理害搁这整活呢，能不能先管一哈？,19517474,1572779717
叶落丶凡尘丨,端起碗吃饭，放下碗骂娘？,288120954,1572779671
林逸_晓,怎么又开始了？,244768801,1572779658
魂魄_妖梦,好像现在没有在删，都冷静一下,4387450,1572779611
林逸_晓,一起来传教\n官方作品推荐(整数作):东方地灵殿，东方星莲船，东方绀珠传\n(小数点作):东方绯想天则\n二次创作建议观看:古明地恋的心跳大冒险，东方脱胎换骨，东方异形乡\n建议购买的CD:蓬莱人形\n建议得的病:秘封病,244768801,1572779604
东方妖妖梦-,请大家在版聊区文明交流，不要爆粗口哦\n顺便推一下我的新作av514,479104191,1572779531
伞U3,好了，大伙该停一下了，都别发过激言论了，先看看是不是真心道歉再说，免得被某些人掐头去尾后拿出来栽赃,20808271,1572779521
丧心病狂,怂了？👴还没够呢,136973,1572779514
チェックメイと,删了很多批评的评论，弄得评论区好像很平静一样，所以到头来，还在删,44986290,1572779425
来自遥远非洲的鸽子,大家停战闲着也是闲着\n来一起打绀吧[doge],262229374,1572779423
重名太多心好累,第一批有人放出来了，还有吗？,13025699,1572779407
面包已成年,传送https://thwiki.cc/\n \n                                    少女传教中………………\n请勿失其本心。\n复制\n顺便吃一口咏唱组你吃不了亏，看一眼相声你上不了当（,4114434,1572779400
大家的老婆真好用,停火中（X）\n传教中（☑️）,123956694,1572779369
五重身の戴魔,明镜止水之心[吃瓜],34494206,1572779360
虚芷幻灵,大伙都消停一点好吗，这事终于有转机了，自己人都看不下去了。双方都保持理智不好吗？,291462041,1572779356
鹧鸪斋主,没有该评论,38130349,1572779332
清廉正直-射命丸文,你要诚心认错，那么可以被原谅，但你的名声已经回不来了，就像拂菻坊一样\n但要是继续删评，挑事\n车车人会奉陪到底,23088148,1572779301
見川平原,请大家在版聊区文明交流，不要爆粗口哦\n路过的朋友欢迎访问https://thwiki.cc/\n里面个个都是美少女,21878546,1572779272
我的工业2,车万越共高强度批评，小半天不到评论近千,3749614,1572779269
林逸_晓,打什么则呀，要打就打三大亲民作品(地，星，绀),244768801,1572779259
抗原大爷,拿出诚意道歉后，如果你想和我们和平相处甚至友好合作，我们都不会再说什么（至少真正的东方众不会，因为我们懂得东方精神！）。,6949741,1572779255
如我平A,虽然知道大家都有多余的火气没发泄出来，但是现在还是停战观望比较好，去打两局放松一下吧,47082076,1572779254
チェックメイと,删评开始了,44986290,1572779252
余九堂,那些人要是真的在美国，我就真的敢花钱找黑水\n我建议你先把这个管理踢了·····,399574954,1572779246
白遣怀,为了up好，我建议up处理一下那位群管理员吧，你没发现很大一部分火气都是他挑起来的吗？至少让他以后说话时考虑一下，搞成这样他有很大责任，甚至说句难听的，他想让你死。（转发）,161205830,1572779221
かぐやandもこう,谈则大门敞开，打则奉陪到底\n传送https://thwiki.cc/\n \n                                    少女传教中………………\n在停火期间传教，也是个不错的选择（喝茶🍵,31361372,1572779212
Forward_マーシュ,看起来是暂时消停了..？还是先留个心眼，防止被背叛杀喔,32243159,1572779202
抗原大爷,拿出诚意道歉后，如果你想和我们和平相处甚至友好合作，我们都不会再说什么（至少真正的东方众不会，因为我们懂得东方精神）。,6949741,1572779186
重名太多心好累,谈和既往不咎，打则（）奉陪到底[滑稽],13025699,1572779122
HerobrineWQC,什么叫极度亲日本？B站二次元文化很多来自日本，名字都是致敬日本的超电磁炮，不喜欢别呆着，gun（便乘）,87797395,1572779119
抗原大爷,为了up好，我建议up处理一下那位群管理员吧，你没发现很大一部分火气都是他挑起来的吗？至少让他以后说话时考虑一下，搞成这样他有很大责任，甚至说句难听的，他想让你死。（转发）,6949741,1572779101
极皮生物RoadRoller哒,传送https://thwiki.cc/\n \n                                    少女传教中………………\n在停火期间传教，也是个不错的选择（喝茶🍵,96869707,1572779097
舞牧舞璃,万車只有600人怂什么QAQ[2233娘_喝水],32322715,1572779096
滕原妹荭,社工库什么的停下吧,9381862,1572779086
虚空来声,等一等万一理性评论被删光只剩下骂人的会不会我们又被扣帽子？\n车车人冷静一下,34360388,1572779079
肃反干员の正邪Sama,半秒853跳849评，“手”删得真快哦,277760187,1572779061
苏联SSS战线工作台,为了up好，我建议up处理一下那位群管理员吧，你没发现很大一部分火气都是他挑起来的吗？至少让他以后说话时考虑一下，搞成这样他有很大责任，甚至说句难听的，他想让你死。（转发）,13657339,1572779060
AItheEliminated,传送https://thwiki.cc/\n \n                                    少女传教中………………\n请勿失其本心。\n复制,239263808,1572779001
孤云飞鹤,暂且观望一波,12183780,1572778999
医药费规划局,为了up好，我建议up处理一下那位群管理员吧，你没发现很大一部分火气都是他挑起来的吗？至少让他以后说话时考虑一下，搞成这样他有很大责任，甚至说句难听的，他想让你死。,35829867,1572778989
佐佐木琪露诺,传送https://thwiki.cc/\n\n少女传教中………………\n既然传教了，那就抽空停火吧！,107042878,1572778976
寻-米,这人是谁？,81621195,1572778976
余九堂,传送https://thwiki.cc/\n\n少女传教中………………\n既然停火了，那就抽空传教吧！\n复制,399574954,1572778942
旧朝书商,“我说我道歉又没说我停止删 评”[吃瓜],323650360,1572778922
爱着太阳的星辰,实话讲你是不是被境外间谍机关洗脑策反了？专门回国在网上挑起矛盾的？要是的话能不能给我个机会，我想挣这五十万[蛆音娘_滑稽],11437544,1572778893
林逸_晓,传送https://thwiki.cc/\n \n                                    少女传教中………………\n既然停火了，那就抽空传教吧！\n复制,244768801,1572778841
up牛b,我大号现在还在黑名单里,197695353,1572778839
魔法少女-芙兰朵露,人之初，性本善\n咩之初，性本删,239142543,1572778837
原汁原味的漠峰,狼哭着说不吃羊了（,87861940,1572778821
白兔味的芒果汁,新 番 速 递,250205151,1572778807
破9鸦,其 他 平 台 账 号 均 与 本 人 无 关,440784905,1572778781
改名需要6个币,jio本删评也算道歉？就这也想脱离关系？,125251934,1572778779
Z员外,在？群里找黑油怎么回事？,11593589,1572778771
一般通过大酱,传送https://thwiki.cc/\n \n                                    少女传教中………………\n既然停火了，那就抽空传教吧！,188493595,1572778757
游荡的骑士,插个眼观察一下吧，之前听说大规模删评行为仍未停止,3928726,1572778750
极皮生物RoadRoller哒,冷静，看下一步（喝茶🍵,96869707,1572778742
777473838,还在刪评？,199357312,1572778741
重名太多心好累,有多少人被放了？,13025699,1572778733
林逸_晓,为什么还是有一部分人没有离开黑名单？,244768801,1572778729
艾吉奥的披风,既然你要道歉的话，那你为什么要删评呢？,239332224,1572778728
佐佐木琪露诺,黑名单似乎有残留呐，不知道在不在开放路上,107042878,1572778726
一朝平步上天台,同意，先冷静下来，看他下一步怎么做，切莫无脑冲塔。,395420913,1572778718
不穿PAD的16,吃桃评论被沙了，我苦苦,14970822,1572778709
AItheEliminated,那就暂且静待回复吧?,239263808,1572778686
决影狂杀,各位先冷静,70427437,1572778672
秘匿的四季,别慌，看看再说,28688604,1572778665
被钓起来的鱼,道歉我不反对，但是这删评……╮( ´_ゝ｀)╭,65004158,1572778654
up牛b,停火,197695353,1572778653
路过的白夜叉,现观察一下看是不是诚心的吧，希望up主不要和上次一样重蹈覆辙,35313047,1572778650
重名太多心好累,我去看看我的号解了没,13025699,1572778619
联邦的怪物MS,冷静一下，等下一步发展,44629226,1572778597
佐佐木琪露诺,复读文章的稍微停一停呐 \n有一说一本来那些就没什么意思（还不如咱唱的歌！哼哼！）\n如果被作图片论据的话就遭了呐\n（上一楼是我打错字自己消除的）,107042878,1572778573
神绮・玛格特罗伊德,一边道歉一边删评，致 以 诚 挚 的 歉 意（迫真）,475411617,1572778569
爱着太阳的星辰,卧槽？羊不吃屎强按头啊？车万圈子果然是六百带恶人[蛆音娘_滑稽]年度绝活成了,11437544,1572778559
羽立今天又咕了,懂了 现在专删理性言论？,2982041,1572778539
圣杯火,大伙先冷静一下，观察一哈，看后续行动，真要整的好就停止对线，要是跟上次一样表里不一 群内群外双核操作 嘴上一套行动一套那就加大力度奥,19517474,1572778534
极皮生物RoadRoller哒,日常脚本抽风（我已无话可说[无语],96869707,1572778520
重名太多心好累,理性评论都还在，别急,13025699,1572778508
托卡列夫毁灭魔炮,乱骂只能让咱们落人话柄，还是静静观望比较好，骂他他也不会少一块肉，别做伤敌二十自损八百的事。,57935470,1572778502
doulian2285851,又开始删了 742变成729,411679015,1572778485
如我平A,具有自删可能性，在这插个眼,47082076,1572778472
林逸_晓,又删评论了呢,244768801,1572778468
绽放鲜血之花,现在几楼了？,312097686,1572778437
抗原大爷,Cease fire！,6949741,1572778431
52根绿发,我怎么感觉又删了，，，因为刚才我看评论740 刷新后变735，要是没有的话我自删（你们理性一点,356136688,1572778416
天启Hammer对空,评论数产生波动，gkd,14638301,1572778395
呆呆傻傻s,所以，能版聊了吗,138902848,1572778390
重名太多心好累,好像部分激进评论没了，但是黑名单确实在解,13025699,1572778363
佐佐木琪露诺,无内鬼，停止复读,107042878,1572778341
蕾雨Raive,如果我的血是日本的，你说我精日，那只能说是国家立场，但我是中国人，你说我精日，那就是跟我祖宗过不去（只要你还留着这动态，我这话就一直留在这里，真当中国人是这么好侮辱的吗）,13266995,1572778337
HerobrineWQC,@课代表八云 出来接受道歉,87797395,1572778333
如我平A,不管怎么样，先停火看看,47082076,1572778328
OdaNobunaga152,黑名单解了，暂且先插个眼观察战况,3249617,1572778312
帕奇利兹パチリス,好，删楼停止，我暂且观望,11569451,1572778297
余九堂,插播新闻\n@砂砾杍小迷妹\n这货在干什么我都想不明白了，三重人格属实给力,399574954,1572778296
-阿琅-,暂时的停火,10732776,1572778288
重名太多心好累,先该吃饭吃饭，该学习学习，该工作工作，等他起床（,13025699,1572778276
飘来飘去的梦,转贴吧，我也比较赞同:\n既然他都看见时间轴了，那我就说一下\n东方人从来没有真正在意过TAG的问题，否则当初是不可能帮他推广的，也不可能两个月间不出事，突然跑来喷他。这两天确实有人在争论中纠结到tag上了，甚至说得不太理智，那我再次重申我的看法：\n加不加tag，随意，害怕被限流，东方人也能理解。\n东方的文化是相当多元的。\n不然为什么会有数不胜数的同人/二创呢？\n好了，请接着说明不尊重BA原作、两面三刀、泼东方人脏水、扬言人身威胁等槽点。【图片】,335998506,1572778275
神绮・玛格特罗伊德,谁知道阿咩采用鸵鸟主义之后，车万的闲人们便愈喜欢玩笑他。一见面，他们便假作吃惊的 说：\r\r　　&#34;哙，删起来了。&#34;\r\r　　阿咩照例的删了评论，他开启脚本了。\r\r　　&#34;原来有PYTHON 3在这里！&#34;他们并不怕。\r\r　　阿咩没有法，只得另外想出报复的话来：\r\r　　&#34;你还不配……&#34;这时候，又仿佛他身上的是一种高尚的光容的技术宅，并非平常的技术宅了 ；但上文说过，阿咩是有见识的，他立刻知道和&#34;小圈子&#34;有点抵触，便不再往底下说。\r\r　　闲人还不完，只撩他，于是终而至于打。阿咩在形式上打败了，被人揪住黄辫子，在BA上 碰了四五个响头，闲人这才心满意足的得胜的走了，阿咩站了一刻，心里想，&#34;我总算被被网络 暴民打了，技术大佬被自娱自乐小圈子纠缠，现在的世界真不像样……&#34;于是也心满意足的得胜的 走了。（转自美少女文豪群友）（你删你emoji呢？车欠了？）,475411617,1572778272
决影狂杀,道歉了，是好事。,70427437,1572778259
托卡列夫毁灭魔炮,总之停一下🤔,57935470,1572778237
彼岸相梦,复读什么的先停一停，看这家伙反应,38413898,1572778220
丹沢千鹤,有一说一 旧app翻了翻好像没有删楼啊[小电视_困惑],66612227,1572778188
回光返照ing,第一个，停止删评，第二个，爆破黑名单。先把这两条做好再来谈道歉嗷，我暂且观望,34866434,1572778183
老子名叫山本大介,可惜老子上课去了，没赶上,283358308,1572778166
SJY-LMN,emmm……是真的有这个脚本吗，我又来吃瓜了[吃瓜],229193553,1572778166
隔夜大葱,插眼观察评论区,364211,1572778131
圣杯火,在？既然你认为“bad apple属于东方Project”，请问您能把所有bad apple相关的视频全部打上东方相关标签吗？不然我只会觉得你这句话是在敷衍，心里想的是六百文盲糊弄糊弄就完了。\n\n脚本停咯，黑名单扬咯，视频tag补上咯，我再考虑要不要原谅你,19517474,1572778125
我有6个嘤币你有吗,z？ba是日本的\nz？ba视频删一删,357592349,1572778098
托卡列夫毁灭魔炮,现在是看他行动的时候了。,57935470,1572778098
飘来飘去的梦,今天刚吃完饭逛逛东方吧，就吃到这大瓜\n小老弟你是飘了吗？,335998506,1572778096
72胸围保密会会长千早,龟龟，之前5w粉的马宝把两百万粉的up冲了，👴还感叹食客们战斗力真强，个个以一当四十，现在车万众600人让24w粉的咩桑车欠，以一当四百，也间接的证明了真爱大于吃饭,86639976,1572778092
一般通过大酱,来了，截止18点37分，消失的楼层有3/ 4/ 5/ 7/ 11/ 13/ 14/ 15/ 21/ 32/ 35/ 37/ 38/ 40/ 43/ 53/ 55/ 63/ 64/ 66/ 68/ 91/ 95/ 126/ 127/ 163/ 172/ 191/ 194/ 216/ 230/ 231/ 266/ 274/ 276/ 279/ 281/ 315/ 318/ 324/ 333/ 361/ 373/ 378 / 385/竟然重新整理一下，竟然数了十分钟[灵魂出窍],188493595,1572778085
林逸_晓,大家先不要发评论，看他会怎么样,244768801,1572778068
抗原大爷,脚本停止了（API观测，没考虑不算子以及屑站自带js的干扰），大家先别刷屏了，都冷静一下,6949741,1572778056
稽火鬼椒,上香,243155283,1572778048
来自遥远非洲的鸽子,暗中观察 jpg.,262229374,1572777997
逐星_人形,你那神奇管理员不拉出来溜溜？[吐]你的雇佣兵呢？沃尔沃买的枪呢？哈哈哈哈哈[吃瓜],14537762,1572777996
虚假的脊髓,谁知道阿咩采用鸵鸟主义之后，车万的闲人们便愈喜欢玩笑他。一见面，他们便假作吃惊的 说：\r\r　　&#34;哙，删起来了。&#34;\r\r　　阿咩照例的删了评论，他开启脚本了。\r\r　　&#34;原来有PYTHON 3在这里！&#34;他们并不怕。\r\r　　阿咩没有法，只得另外想出报复的话来：\r\r　　&#34;你还不配……&#34;这时候，又仿佛他身上的是一种高尚的光容的技术宅，并非平常的技术宅了 ；但上文说过，阿咩是有见识的，他立刻知道和&#34;小圈子&#34;有点抵触，便不再往底下说。\r\r　　闲人还不完，只撩他，于是终而至于打。阿咩在形式上打败了，被人揪住黄辫子，在BA上 碰了四五个响头，闲人这才心满意足的得胜的走了，阿咩站了一刻，心里想，&#34;我总算被被网络 暴民打了，技术大佬被自娱自乐小圈子纠缠，现在的世界真不像样……&#34;于是也心满意足的得胜的 走了。（转自美少女文豪群友）（你删你emoji呢？车欠了？）,7932630,1572777983
重名太多心好累,好了，先别刷屏了，道歉可以分几步走，但再这样拉锯战下去消耗的是咱的精力与时间，我知道很多人浪费了工作和学习的时间为车车人取回尊严，很感谢，但是既然有一个停止的机会为什么不尝试一下呢？总不可能一辈子对下去吧，事情还是要解决才行,13025699,1572777954
佐佐木琪露诺,话说我能看到楼层，粗略看了眼400以后似乎没消除的痕迹。\n同样的内容就先别发了吧，省的被说“这帮素质弔差的家伙都是复读怪”什么的（\n观察战况观察战况,107042878,1572777945
我的工业2,一只珊羊，自制1天，用1919行的脚本，删除114514条评论，橄榄了自己的车软声明,3749614,1572777934
历史的必然,中立评论都删？？？？？[吃瓜]趁我没取关赶紧黑名单让我来个取关的借口,10625497,1572777927
往事はしない,恶心人呢？,145860611,1572777922
ydlfluzxvnulk,宁右开始勒？,21371499,1572777922
bili_34282234982,对up主的一些视频感兴趣，这是我个人的选择。,477026241,1572777914
过路的旅者,道歉？？？？？？先给你早上挂的那位朋友来个视频或长文郑重道歉，试图将他人扯入严重的正字（敏感词，但我想你我都懂）纠纷，我觉得当事人是有权力将你告上法庭的，还有您的脚本是只会开不会关吗？？？？？还隔这控评呢您？？？？道歉就该有道歉的态度，而不是一个我对其他言论道歉就完事的了,13021130,1572777913
守矢神社的风祝,呵呵，嘴上这样说，还是继续删评，真是人前一面，人后一面,76660753,1572777913
我钦点圈子亲鈤好吗,哦辣真的牛批\n你往我身上泼脏水说我精鈤\n你道个歉就完事了?,389103353,1572777911
神绮・玛格特罗伊德,又在删评？诚意在哪，视频出面道歉，请,475411617,1572777903
Forward_マーシュ,草，我能讲话了，黑名单被扬了？,32243159,1572777900
极皮生物RoadRoller哒,停下删评什么话都好说，不然吃枣药丸[吃瓜],96869707,1572777898
我的工业2,一只珊羊，自制1天，用1919行的脚本，删除114514条评论，发酵了骂战,3749614,1572777896
レイセン・イナバ,评论一边涨恁一边删，恁搁这割韭菜呢？,169449204,1572777895
厌战渣渣,道歉，这是好的，可以让大部分人不继续揭穿你的恶行，但你要知道，你的所作所为已经断了自己的后路，你是靠ba火的，而ba视频受众主要就是东方众，懂我意思吧，你与你的视频已经在东方众的黑名单里了，这是你自己断了自己的财路敖,225889369,1572777871
逃避行飞行,帮发。\n\n咩2016两面三刀、避重就轻、歪曲事实、控制评论不是一次两次了，他曾在塞尔达区发布大量无意义视频，其中一期视频（av61441420）简介有误被人指出后，咩2016本着“出了问题就解决提出问题的人”这一精神，对提出问题的@丶倾_墨 进行抹黑，并发动粉丝进行大规模人身攻击（包括但不限于视频评论和动态），以下是大概时间线：\n\n事端缘由（倾墨原动态）：https://t.bilibili.com/287530987973846511?tab=2\n明面上想停火实则拉黑倾墨空气交流：https://t.bilibili.com/287571824523075201?tab=2\n洗白盗版游戏：https://t.bilibili.com/287607064734052945?tab=2\n造谣“倾墨指使粉丝举报视频”：https://t.bilibili.com/287743666163794522?tab=2\n发动粉丝进行人身攻击1：https://t.bilibili.com/287750997672983776?tab=2\n发动粉丝进行人身攻击2：https://t.bilibili.com/289079594269565155?tab=2\n歪曲事实避重就轻无中生有+抹黑倾墨的专栏：https://www.bilibili.com/read/cv3335143\n抹黑倾墨+洗白游玩盗版游戏2：https://t.bilibili.com/291874295128380162?tab=2\n抹黑倾墨+洗白游玩盗版游戏1：https://t.bilibili.com/291839248196201877?tab=2\n选择性截图：https://t.bilibili.com/293970763155533886?tab=2\n动态挂人：https://t.bilibili.com/291663244732195456?tab=2\n\n看到如今咩2016这般落魄的模样，我只想说，你现在所经历的，不就是你的粉丝两个半月之前对倾墨所作的事吗？大谈特谈“霸凌主义”，你又何尝不是在霸凌他人呢？\n转发自@9鲁诺9巴纳 \n删掉你就什么都不是,24882101,1572777820
圣杯火,在？既然你认为“bad apple属于东方Project”，请问您能把所有bad apple相关的视频全部打上东方相关标签吗？不然我只会觉得你这句话是在敷衍，心里想的是六百文盲糊弄糊弄就完了,19517474,1572777820
神绮・玛格特罗伊德,这个动态就想糊弄过去？你想的太简单了罢！,475411617,1572777812
面包已成年,很生气，真的很生气，好好讲道理结果评论被删了好几次，一开始想就这么接受的但我觉得不行。\n首先，口嗨的群管理必须也要表态。\n其次，请你用一些其他的实际行动，来表现一下你的诚意。\n以上。,4114434,1572777796
萌萌哒的八世祖,日精和gd言论就不了了之了？,85338225,1572777780
林逸_晓,好了好了，他已经开始清黑名单了，大伙先看着，下一步他会怎么做,244768801,1572777777
天启Hammer对空,你管这叫道歉？,14638301,1572777775
Z员外,我们将保留一切你和那位不当言行的管理员的人身威胁、扣帽子、诽谤、诬陷、恶劣态度的证据，也请不知道此次事件的路人对于此事件进行相应了解，如果事后再次发生倒打一耙或者水军洗地的行为，我们将利用这些证据进一步进行辨证论述,11593589,1572777768
先锋干员格拉尼,现在知道道歉了?[doge],358551457,1572777766
Xia幻夜,帮发。\n\n咩2016两面三刀、避重就轻、歪曲事实、控制评论不是一次两次了，他曾在塞尔达区发布大量无意义视频，其中一期视频（av61441420）简介有误被人指出后，咩2016本着“出了问题就解决提出问题的人”这一精神，对提出问题的@丶倾_墨 进行抹黑，并发动粉丝进行大规模人身攻击（包括但不限于视频评论和动态），以下是大概时间线：\n\n事端缘由（倾墨原动态）：https://t.bilibili.com/287530987973846511?tab=2\n明面上想停火实则拉黑倾墨空气交流：https://t.bilibili.com/287571824523075201?tab=2\n洗白盗版游戏：https://t.bilibili.com/287607064734052945?tab=2\n造谣“倾墨指使粉丝举报视频”：https://t.bilibili.com/287743666163794522?tab=2\n发动粉丝进行人身攻击1：https://t.bilibili.com/287750997672983776?tab=2\n发动粉丝进行人身攻击2：https://t.bilibili.com/289079594269565155?tab=2\n歪曲事实避重就轻无中生有+抹黑倾墨的专栏：https://www.bilibili.com/read/cv3335143\n抹黑倾墨+洗白游玩盗版游戏2：https://t.bilibili.com/291874295128380162?tab=2\n抹黑倾墨+洗白游玩盗版游戏1：https://t.bilibili.com/291839248196201877?tab=2\n选择性截图：https://t.bilibili.com/293970763155533886?tab=2\n动态挂人：https://t.bilibili.com/291663244732195456?tab=2\n\n看到如今咩2016这般落魄的模样，我只想说，你现在所经历的，不就是你的粉丝两个半月之前对倾墨所作的事吗？大谈特谈“霸凌主义”，你又何尝不是在霸凌他人呢？\n转发自@9鲁诺9巴纳 \n删掉你就什么都不是,33227868,1572777755
レイセン・イナバ,哪里有删评，哪里就有刷屏,169449204,1572777753
子系笑川258,大脑降级不可避,24071018,1572777746
腹黑の眼神,如果你们不停下来，我就在前方等着你们（指拉黑）\n所以说啊，不要停下来啊（指删评）,179274886,1572777744
Tiger6237,删评者脚本也，非我也,50748485,1572777734
在下只是一个伪宅,删羊【Selete Sheep】！把评论、动态都删除吧！\n只要把理智的评论都删除，六百车车人的平均素质就会得到极大的下降，吸引无数一般路过的路人来攻击！到时候，就是我咩2016统治BA圈的瞬间！,16236730,1572777734
抗原大爷,有没有谁来看看是否还在删？,6949741,1572777726
VSK_94,这个号黑名单解了\n先观察观察,375438018,1572777721
-Mugetsu-,你说的这个群友到底是不是你自己？,9210167,1572777715
地灵殿的M子,帮发。\n\n咩2016两面三刀、避重就轻、歪曲事实、控制评论不是一次两次了，他曾在塞尔达区发布大量无意义视频，其中一期视频（av61441420）简介有误被人指出后，咩2016本着“出了问题就解决提出问题的人”这一精神，对提出问题的@丶倾_墨 进行抹黑，并发动粉丝进行大规模人身攻击（包括但不限于视频评论和动态），以下是大概时间线：\n\n事端缘由（倾墨原动态）：https://t.bilibili.com/287530987973846511?tab=2\n明面上想停火实则拉黑倾墨空气交流：https://t.bilibili.com/287571824523075201?tab=2\n洗白盗版游戏：https://t.bilibili.com/287607064734052945?tab=2\n造谣“倾墨指使粉丝举报视频”：https://t.bilibili.com/287743666163794522?tab=2\n发动粉丝进行人身攻击1：https://t.bilibili.com/287750997672983776?tab=2\n发动粉丝进行人身攻击2：https://t.bilibili.com/289079594269565155?tab=2\n歪曲事实避重就轻无中生有+抹黑倾墨的专栏：https://www.bilibili.com/read/cv3335143\n抹黑倾墨+洗白游玩盗版游戏2：https://t.bilibili.com/291874295128380162?tab=2\n抹黑倾墨+洗白游玩盗版游戏1：https://t.bilibili.com/291839248196201877?tab=2\n选择性截图：https://t.bilibili.com/293970763155533886?tab=2\n动态挂人：https://t.bilibili.com/291663244732195456?tab=2\n\n看到如今咩2016这般落魄的模样，我只想说，你现在所经历的，不就是你的粉丝两个半月之前对倾墨所作的事吗？大谈特谈“霸凌主义”，你又何尝不是在霸凌他人呢？\n转发自@9鲁诺9巴纳 \n删掉你就什么都不是,319437077,1572777701
子系笑川258,某方面讲，当你理性讲道理幸幸苦苦码的字被人动几下鼠标甚至一个由代码构成的脚本删掉了的话，那种挫败感是难以忍受的\n所以“骂就骂咯，删了就删了反正我能再发无数遍看是我发的快还是你删的快”的想法就多了起来\n但反过来想想，如果他用脚本删掉了理性的言论留下了无脑骂的言论，这些言论又刚好是东方众的，那么会有多么可怕\n所以我们还是要理性，我想虽然辛苦，可我们也不至于六百人#(null),24071018,1572777696
神绮・玛格特罗伊德,又在删评？不好意思，你对东方的贡献已经不止是这个版聊板了,475411617,1572777688
叶修我可以,群员说什么你群主⑧是默许的吗，不然他能带起来节奏？,37261615,1572777669
Berkelium_ybkkkk,某方面讲，当你理性讲道理幸幸苦苦码的字被人动几下鼠标甚至一个由代码构成的脚本删掉了的话，那种挫败感是难以忍受的\n所以“骂就骂咯，删了就删了反正我能再发无数遍看是我发的快还是你删的快”的想法就多了起来\n但反过来想想，如果他用脚本删掉了理性的言论留下了无脑骂的言论，这些言论又刚好是东方众的，那么会有多么可怕\n所以我们还是要理性，我想虽然辛苦，虽然我们只有六百人#(托腮)\n（转群友）,4204594,1572777668
来自遥远非洲的鸽子,好的 又破600了,262229374,1572777660
重名太多心好累,好像开始放名单了，大伙先别阴谋论,13025699,1572777631
抗原大爷,可以，道歉了就好，我们东方众是一群有着共同爱好的人，不是网络暴民。然而你最好再发一条动态表明：\n1、脚本已经关闭；\n2、东方众是（）团体的言论是错误的，这个言论收回；\n3、在技术ba视频上加上东方project标签；\n4、管理员为其口嗨行为负责。\n我是一个老东方众，我知道许多新人不成熟，而且东方圈子的确有些问题，然而老东方众经历过许多恶性事件，普遍很是礼貌友善。但是，我仍然保留为了我的爱好不被玷污而做事的权利！,6949741,1572777616
虚空来声,（转）居然只有我一个人看出来了up的目的。\n所有的关键之处是黑名单。\n其实动态是道歉还是说明还是嘲讽都无所谓。\n目的只是勾引用户继续评论来增加样本，完善深度学习和黑名单。\n这样总有一天会把绝大部分攻击用户拉入黑名单。\n完善了黑名单库之后，可以同时在所有地方控评，每一个视频动态专栏底下都可以实时刷新评论然后查库删除。\n这样以后的视频下面将不会有任何反对之声，而这些动态也将删除而无人知晓。\n那个时候就是up真正胜利的时候。,34360388,1572777615
QREI,我不会进行人身攻击和威胁\n所以在您老看来指责他人是卖国贼和阴谋分裂是褒义咯？\n新金句get,1417004,1572777601
所向披靡的巨型毛玉,居然只有我一个人看出来了up的目的。\n所有的关键之处是黑名单。\n其实动态是道歉还是说明还是嘲讽都无所谓。\n目的只是勾引用户继续评论来增加样本，完善深度学习和黑名单。\n这样总有一天会把绝大部分攻击用户拉入黑名单。\n完善了黑名单库之后，可以同时在所有地方控评，每一个视频动态专栏底下都可以实时刷新评论然后查库删除。\n这样以后的视频下面将不会有任何反对之声，而这些动态也将删除而无人知晓。\n那个时候就是up真正胜利的时候。（转）,91734546,1572777599
林逸_晓,600,244768801,1572777594
羁儿Official,您车欠了？？？继续啊,38484649,1572777583
up牛b,（转）我作为东方众的一员提出以下接受道歉的要求：\n1. 停用你的删评控评脚本，既然选择道歉，就要有足够的诚意接受对方负面情绪的反扑，为你自己的言论负责\n2. 解除你的评论区黑名单限制\n3. 要求你水群中发表不当言论的群友公开向东方众道歉\n\n以上三点最基本的要求没有做到，我们保留继续对线的权利,197695353,1572777559
虚空来声,居然只有我一个人看出来了up的目的。\n所有的关键之处是黑名单。\n其实动态是道歉还是说明还是嘲讽都无所谓。\n目的只是勾引用户继续评论来增加样本，完善深度学习和黑名单。\n这样总有一天会把绝大部分攻击用户拉入黑名单。\n完善了黑名单库之后，可以同时在所有地方控评，每一个视频动态专栏底下都可以实时刷新评论然后查库删除。\n这样以后的视频下面将不会有任何反对之声，而这些动态也将删除而无人知晓。\n那个时候就是up真正胜利的时候。,34360388,1572777556
空灵若现,各位小心，他如果真的是为了继续把我们加入黑名单以来空瓶，那样的话\n骂玩就拉黑，保证我们的有生力量,34954023,1572777555
余九堂,咩桑安分点吧，我有点累了，你好我好大家好，别再搞啥背刺了,399574954,1572777554
依神紫苑,先凑够个六百评论,15178038,1572777544
AntsiLynn,以及转自他人：还你不会进行人身攻击？昨天发的那个说东方爱好者是亲日本团体的那个动态不是吗？删了就以为自己没说过？\n不会进行威胁？说要雇佣兵来威胁的不是你？\n赶紧复制转发，我也不知道这评论能活多久,144045315,1572777525
Z员外,（转）我作为东方众的一员提出以下接受道歉的要求：\n1. 停用你的删评控评脚本，既然选择道歉，就要有足够的诚意接受对方负面情绪的反扑，为你自己的言论负责\n2. 解除你的评论区黑名单限制\n3. 要求你水群中发表不当言论的群友公开向东方众道歉\n\n以上三点最基本的要求没有做到，我们保留继续对线的权利。,11593589,1572777522
柳橙萃香冰沙,建议管好你群那个管理，这次闹成这样他有一半功劳,20781943,1572777493
冰鉴风,唉，作为一个东方众，看见UP主把事情闹这么大也挺闹心的。\n还是尽快将删评的操作停止吧，以后好好做一个技术向的UP主，这样不好吗？,340528904,1572777473
镇关平熙王,你将如闪电般归来⚡️⚡️⚡️,393304362,1572777461
珂字辈,居然只有我一个人看出来了up的目的。\n所有的关键之处是黑名单。\n其实动态是道歉还是说明还是嘲讽都无所谓。\n目的只是勾引用户继续评论来增加样本，完善深度学习和黑名单。\n这样总有一天会把绝大部分攻击用户拉入黑名单。\n完善了黑名单库之后，可以同时在所有地方控评，每一个视频动态专栏底下都可以实时刷新评论然后查库删除。\n这样以后的视频下面将不会有任何反对之声，而这些动态也将删除而无人知晓。\n那个时候就是up真正胜利的时候。,1471941,1572777433
up牛b,（转）我作为东方众的一员提出以下接受道歉的要求：\n1. 停用你的删评控评脚本，既然选择道歉，就要有足够的诚意接受对方负面情绪的反扑，为你自己的言论负责\n2. 解除你的评论区黑名单限制\n3. 要求你水群中发表不当言论的群友公开向东方众道歉\n\n以上三点最基本的要求没有做到，我们保留继续对线的权利。,197695353,1572777404
艾历克斯小队长,说出去的话就像泼出去的水,163279947,1572777395
かぐやandもこう,阴阳人[吐][吐]，我算算你这个动态估计也活不久，怕不是倒时候又是删动态走人[嫌弃],31361372,1572777369
SQwatermark,（转）我作为东方众的一员提出以下接受道歉的要求：\n1. 停用你的删评控评脚本，既然选择道歉，就要有足够的诚意接受对方负面情绪的反扑，为你自己的言论负责\n2. 解除你的评论区黑名单限制\n3. 要求你水群中发表不当言论的群友公开向东方众道歉\n\n以上三点最基本的要求没有做到，我们保留继续对线的权利。,11621025,1572777358
小K麦橙,呵呵,335976816,1572777333
偷菜专业户,*我做高技术力删评脚本，ao吗？*,297945950,1572777331
up牛b,与本人无关，强,197695353,1572777324
佐佐木琪露诺,咱在想呐，要不要来个能看见楼层的同时闲的都能去摘向日葵的孩子，统计一下几几几楼被消除了,107042878,1572777323
虚空来声,你必须一条一条道歉。\n极度亲日团体。\n如此嚣张。\n雇佣兵。\n600人。\n脚本。,34360388,1572777314
妖贤八云紫,你把动态删了也没用，截图到处都是了[画风突变],166553465,1572777303
二百卌,删羊羊你好！,11707348,1572777300
支点与侧卫,各位网友请在对线时保持自身的良好素质，不要辱骂和进行人身攻击，否则不利于我们的形象。\n我谨代表东方众提出以下接受道歉的要求：\n1. 停用你的删评控评脚本，既然选择道歉，就要有足够的诚意接受对方负面情绪的反扑，为你自己的言论负责\n2. 解除你的评论区黑名单限制\n3. 要求你水群中发表不当言论的群友公开向东方众道歉\n\n以上三点最基本的要求没有做到，我们保留继续对线的权利。,266702839,1572777298
重名太多心好累,刷屏还是先停吧，还是有不少人想认真解决问题的,13025699,1572777286
铥锂螺母,我本来以为法国投降的速度是最快的的了，然后我来到了这个评论区...,85611145,1572777275
皮皮杂,在？宁bad apple视频全部加上东方相关标签，或者全部删除可好？\n在？把宁脚本关掉可好？\n在？把宁黑名单给扬了可好？？,15293121,1572777269
かぐやandもこう,不是，你怎么把我从你群里给踢出去了，表里一套背里一套，有什么见不得人的事，群里可是还在继续呢,31361372,1572777266
星期八的虚,青春复读机不会梦见删评电子羊,8917195,1572777266
灬何呵呵灬,我们自然嚣张,56209418,1572777264
我的女儿叫秋月爱莉,要心平气和，用nin\n恁又开始了嗷？,266623024,1572777261
皮皮杂,在？宁bad apple视频全部加上东方相关标签，或者全部删除可好？\n在？把宁脚本关掉可好？\n在？把宁黑名单给扬了可好？,15293121,1572777260
回光返照ing,是何异于刺人而杀之，曰：“非我也，兵也”？,34866434,1572777260
来自遥远非洲的鸽子,514,262229374,1572777254
妖贤八云紫,咩：\n首先，我知道错了\n其次，我不改\n然后，看你们不爽继续删评\n最后，我都道歉了你们还要继续？这都是因为你们这六百精日分子咬这我不放………………,166553465,1572777244
土著神頂点の諏訪子,川  剧  变  脸,18735017,1572777240
所向披靡的巨型毛玉,作为您之前的一个粉丝，我不得不对您近几日的所作所为表示强烈谴责。\n就在8月您还希望自己的bad  apple 还原视频得到东方圈内大佬的转发，增加热度。\n近几日却突然把全体东方众污蔑为精曰分子\n吃东方的饭砸东方的锅不过如此👎\n这是我第二次评论，第一次已经被您删掉了。而且依然有很多理性质问的评论正在现在被不停的删掉。\n这不像是给出道歉的态度，我希望您停下删评的行为，给全体东方众一个诚恳的道歉，3q谢谢。,91734546,1572777238
铥锂螺母,臭弟弟，继续删啊,85611145,1572777237
托卡列夫毁灭魔炮,真是廉价的歉意啊。,57935470,1572777235
大炮大炮sss,你敢把你昨天发的东西留着不删吗,20666219,1572777227
艾历克斯小队长,取消拉黑了？,163279947,1572777227
极皮生物RoadRoller哒,我只能说这道歉是真的够诚恳的,96869707,1572777221
来自遥远非洲的鸽子,马上600车万狗就都来完了[doge],262229374,1572777219
支点与侧卫,我谨代表东方众提出以下接受道歉的要求：\n1. 停用你的删评控评脚本，既然选择道歉，就要有足够的诚意接受对方负面情绪的反扑，为你自己的言论负责\n2. 解除你的评论区黑名单限制\n3. 要求你水群中发表不当言论的群友公开向东方众道歉\n\n以上三点最基本的要求没有做到，我们保留继续对线的权利。,266702839,1572777196
皮皮杂,害特么搁这儿删评呢，恁🦄呢？,15293121,1572777195
里香世界第一,丢，我还没冲塔呢,241143089,1572777186
旧朝书商,“我道歉了，但我没说我停止删评”[吃瓜][吃瓜][吃瓜],323650360,1572777185
Leptunee,对自己之前乱扣帽子、乱发言的一条一条道歉，请,8582114,1572777175
魔法少女-芙兰朵露,果然还是改不了删羊的本性啊,239142543,1572777162
只是个新人罢了,这可不是你愿不愿意的问题，收回你的攻击言论难道不是道歉必须的吗？,20874632,1572777158
射命丸木翎,从昨天到今天的动态全删了，然后简单一句话就搪塞过去了？关于“极度亲日”“雇佣兵”相关只字不提，还继续删评，诚意在哪？\n另外你这次车欠了？不发个专栏战斗吗？,13930151,1572777134
澪玖酱,虽然我也是车车，但这破事咋还没结束？,10966162,1572777123
虚空来声,我建议宁直接删除所有和东方有关的视频表示诚意。,34360388,1572777122
我就好心让你赢吧,人生路～美梦似路长～,343201608,1572777120
廢土走继,宁就是说明书？,147890062,1572777112
低语之森,来啊快活啊，反正有，大把时光~\n(喝茶看戏ing),12225592,1572777104
竹取Izon,476条评论384楼，恁就是删评控评中级高手？,286742039,1572777103
林逸_晓,🐏❤💴\n🐏❤💴\n🐏❤💴\n🐏❤💴\n🐏❤💴\n🐏❤💴\n🐏❤💴\n🐏❤💴🐏❤💴\n🐏❤💴\n🐏❤💴\n🐏❤💴\n🐏❤💴\n🐏❤💴\n🐏❤💴\n🐏❤💴\n🐏❤💴\n🐏❤💴\n🐏❤💴\n🐏❤💴\n🐏❤💴\n🐏❤💴\n🐏❤💴\n🐏❤💴\n🐏❤💴\n🐏❤💴\n🐏❤💴\n🐏❤💴\n🐏❤💴\n🐏❤💴\n🐏❤💴\n🐏❤💴\n🐏❤💴\n🐏❤💴\n🐏❤💴\n🐏❤💴\n🐏❤💴\n🐏❤💴\n🐏❤💴\n🐏❤💴\n🐏❤💴\n🐏❤💴\n🐏❤💴\n🐏❤💴\n🐏❤💴\n🐏❤💴\n🐏❤💴\n🐏❤💴\n🐏❤💴\n🐏❤💴\n🐏❤💴\n🐏❤💴\n🐏❤💴\n🐏❤💴\n🐏❤💴\n🐏❤💴\n🐏❤💴\n🐏❤💴\n🐏❤💴\n🐏❤💴\n🐏❤💴\n🐏❤💴\n🐏❤💴,244768801,1572777098
かぐやandもこう,你还删，怎么不把你自己删了,31361372,1572777092
AntsiLynn,作为您之前的一个粉丝，我不得不对您近几日的所作所为表示强烈谴责。\n就在8月您还希望自己的bad  apple 还原视频得到东方圈内大佬的转发，增加热度。\n近几日却突然把全体东方众污蔑为精曰分子\n吃东方的饭砸东方的锅不过如此👎\n这是我第二次评论，第一次已经被您删掉了。而且依然有很多理性质问的评论正在现在被不停的删掉。\n这不像是给出道歉的态度，我希望您停下删评的行为，给全体东方众一个诚恳的道歉，3q谢谢。,144045315,1572777089
虚假の车车人,麦 克 阿 瑟,226328675,1572777085
-万岁乐-,这两天这事搞得我烦的慌，能平息最好[嫌弃],39512642,1572777072
L0N9131,👎👎👎,731968,1572777072
有顶天的比那名居天人,我觉得现在一口一个烂梗反而会显得自己理亏，不知道是不是谔酥hm在搅混水,96781212,1572777058
魔法少女-芙兰朵露,删，都可以删,239142543,1572777056
圣杯火,在？宁bad apple视频全部加上东方相关标签，或者全部删除可好？\n在？把宁脚本关掉可好？\n在？把宁黑名单给扬了可好？,19517474,1572777052
托卡列夫毁灭魔炮,请不要装可怜，我们是能看出来您是不是真心道歉的。,57935470,1572777049
如我平A,黑名单解除，停止删评,47082076,1572777046
小石头一块钱四个,一条大咩～波浪宽～风吹咩佐翔两岸～我家就在～车上住～听惯了耳边的枪声～看惯了～～精～～～美的子弹～（低技术力）,21914614,1572777030
创作中心,这个大概是“说明四下”吧？前两下的动态已经删了,7412629,1572777023
doulian2285851,还有宁能不能黑名单给解了，我也想拿大号在线版聊,411679015,1572777020
羽立今天又咕了,道歉还删？,2982041,1572777016
大龙虾编译器,车万众保持冷静 不然会被扣网络暴力帽子\n1. 口嗨群友请道歉 该举报举报 怎么还当管理呢\n2. 昨天的精日和香港问题相关言论怎么说\n3. 脚本怎么还开着呢 一边道歉一边删评 过会儿装可怜说被网络暴力 又整b站再见那一套 \n你的诚意在哪里,180298637,1572777001
苏联SSS战线工作台,停止删评！释放黑名单中的用户！管理员也必须道歉！,13657339,1572776990
逃避行飞行,脚本删的评 关我咩什么事 我不需要宁的道歉 我只想要你凉,24882101,1572776987
飞鼠马里奥,不止给車車人丢脸，还给任豚们丢脸,24898451,1572776962
乱几把改666,删了一百评了,349521729,1572776957
咩114514,🐏❤💴\n🐏❤💴\n🐏❤💴\n🐏❤💴\n🐏❤💴\n🐏❤💴\n🐏❤💴\n🐏❤💴\n🐏❤💴,361391996,1572776955
纯白的风,我又来了，你继续删呗？咱们大把时间[doge],1784937,1572776946
还是熟悉的味道哟,我错了\n          /\n     🎩\n💰🐑💰（复制）,12916375,1572776927
重名太多心好累,大家愤怒可以，别玩烂梗，现在的事态并没有前两天那么严重，毕竟语言暴躁能力要与迷惑程度成正比（笑）,13025699,1572776925
二百卌,为表现诚挚的歉意，我建议up：\n1.停止脚本删评\n2.放出黑名单相关成员\n3.既然你道歉了，那管理员也麻烦道歉\n4.对以后做出不在迷惑发言迷惑行为的保证\n5.以上若全部达成，咱立刻就走，从此井水不犯河水，但若再犯，我们还是奉陪,11707348,1572776916
林逸_晓,我错了\n          /\n     🎩\n💰🐑💰（复制）,244768801,1572776913
-宇佐见莲子-,我谨代表东方众提出以下接受道歉的要求：\n1. 停用你的删评控评脚本，既然选择道歉，就要有足够的诚意接受对方负面情绪的反扑，为你自己的言论负责\n2. 解除你的评论区黑名单限制\n3. 要求你水群中发表不当言论的群友公开向东方众道歉\n\n以上三点最基本的要求没有做到，我们保留继续对线的权利。,32970986,1572776905
Flandreeee,俺是咩咩的忠实铁粉，咩咩发的动态我一定都会来看的[打call],380258255,1572776886
极皮生物RoadRoller哒,我草了，你这道歉贴又要闹哪样？本来这牌局不过多久就能收下来的，你还打算继续？,96869707,1572776878
特雷卡斯丶亚莉米蕾,我错了\n          /\n     🎩\n💰🐑💰（复制）,24686869,1572776864
yL1MUBV59,等一下，好不容易写好的。不发亏了。\n\n野兽前辈咩2016说。\n文字论证：\n咩用软件删评，是屑。\n野兽前辈雷普后辈，也很屑。\n数字论证：\n2+0+1+6＝9＝11−4+5+1−4\n（Q.E.D.）\n\n低技术力。,370543495,1572776858
铥锂螺母,嗨搁这儿对线呢，我删评机器人呢,85611145,1572776855
mikarua,那你倒是有诚意一点啊，打几个字发动态谁都会，谁知道你在背后想什么做什么,23681086,1572776854
特雷卡斯丶亚莉米蕾,那你倒是把你以前BA视频下加上东方Project标签啊,24686869,1572776821
佐佐木琪露诺,呜，呜呜呜..咱的歌..！,107042878,1572776797
托卡列夫毁灭魔炮,话说你的群不是你自己发的吗？那个也不是你？,57935470,1572776792
重名太多心好累,为表现诚挚的歉意，我建议up：\n1.停止脚本删评\n2.放出黑名单相关成员\n3.既然你道歉了，那管理员也麻烦道歉\n4.对以后做出不在迷惑发言迷惑行为的保证\n5.以上若全部达成，咱立刻就走，从此井水不犯河水，但若再犯，我们还是奉陪,13025699,1572776787
1997垚,道歉可以解决的话  还要警察干嘛  你这事已经闹大了  很难控制了,10111026,1572776771
AlkNymor,我百度了还是不知道东方众是什么,33105034,1572776761
72胸围保密会会长千早,真的车欠，两分钟前这条动态还有两张图，现在就一张了？之前的动态呢？还等你整新活呢，就这？,86639976,1572776757
林逸_晓,为什么删动态为什么删动态为什么删动态为什么删动态为什么删动态为什么删动态为什么删动态为什么删动态为什么删动态为什么删动态为什么删动态为什么删动态为什么删动态为什么删动态为什么删动态为什么删动态为什么删动态为什么删动态为什么删动态为什么删动态为什么删动态为什么删动态为什么删动态为什么删动态为什么删动态为什么删动态为什么删动态为什么删动态为什么删动态为什么删动态为什么删动态为什么删动态为什么删动态为什么删动态为什么删动态为什么删动态为什么删动态为什么删动态为什么删动态为什么删动态为什么删动态咩咩咩咩咩咩咩咩咩咩咩咩咩咩咩咩咩咩咩咩咩咩咩咩咩咩咩咩咩咩咩咩咩咩咩咩咩咩咩咩咩咩咩咩咩咩咩咩咩咩咩咩咩咩咩咩咩咩咩咩咩咩咩咩咩咩咩咩咩咩咩咩咩咩咩咩咩咩咩咩咩咩咩咩咩咩咩咩咩咩咩咩咩咩咩咩咩咩咩咩咩咩咩咩咩咩咩咩咩咩咩咩咩咩咩咩咩咩咩咩咩咩咩咩咩咩咩咩咩咩咩咩咩咩咩咩咩咩咩咩咩咩咩咩咩咩咩咩咩咩咩咩咩咩咩咩咩咩咩咩咩咩咩咩咩咩咩咩咩咩咩咩咩咩咩咩咩咩咩咩咩咩咩咩咩咩咩咩咩咩咩咩咩咩咩咩咩咩咩咩咩咩咩咩咩咩咩咩咩咩咩咩咩咩咩咩咩咩咩咩咩咩咩咩咩咩咩咩咩咩咩咩咩咩咩咩咩咩咩咩咩咩咩咩咩咩咩咩咩咩咩咩咩咩咩咩咩咩咩咩咩咩咩咩咩咩咩咩咩咩咩咩咩咩咩咩咩咩咩咩咩咩咩咩咩咩咩咩咩咩咩咩咩咩咩咩咩咩咩咩咩咩咩咩咩咩咩咩咩咩咩咩咩咩咩咩咩咩咩咩咩咩咩咩咩咩咩咩咩咩咩咩咩咩咩咩咩咩咩咩咩咩咩咩咩咩咩咩咩咩咩咩咩咩咩咩咩咩咩咩咩咩咩咩咩咩咩咩咩咩咩咩咩咩咩咩咩咩咩咩咩咩咩咩咩咩咩咩咩咩咩咩咩咩咩咩咩咩咩咩咩咩咩咩咩咩咩咩咩咩咩咩咩咩咩咩咩咩咩咩咩咩咩咩咩咩咩咩咩咩咩咩咩咩咩咩咩咩咩咩咩咩咩咩咩咩咩咩咩咩咩咩咩🐑脚本🐑脚本🐑脚本🐑脚本🐑脚本🐑脚本🐑脚本🐑脚本🐑脚本🐑脚本🐑脚本🐑脚本🐑脚本🐑脚本🐑脚本🐑脚本🐑脚本🐑脚本🐑脚本🐑脚本🐑脚本🐑脚本🐑脚本🐑脚本🐑脚本🐑脚本🐑脚本🐑脚本🐑脚本🐑脚本🐑脚本🐑脚本🐑脚本🐑脚本🐑脚本🐑脚本🐑脚本🐑脚本🐑脚本🐑脚本🐑脚本🐑脚本🐑脚本🐑脚本🐑脚本🐑脚本🐑脚本🐑脚本🐑脚本🐑脚本🐑脚本🐑脚本🐑脚本🐑脚本🐑脚本🐑脚本🐑脚本🐑脚本🐑脚本🐑脚本🐑脚本🐑脚本🐑脚本🐑脚本🐑脚本🐑脚本🐑脚本🐑脚本🐑脚本,244768801,1572776754
梦符佳月,凡 尔 赛 和 约,2059519,1572776736
石竹大大,斯  巴  达  六  百  勇  士\nav74425967,24879486,1572776722
虚空来声,说明和删评同时进行！,34360388,1572776721
b北极狐d,兄啊，早知如此，何必当初呢？\n另外脚本还是关掉比较合适吧？,2289046,1572776721
懒挞挞的银蛇,要赢得原谅从不删评开始,132935710,1572776711
--纯狐--,你收回“对于东方攻击的言论”，那么扣精-日帽子，报告公-安局，群员雇佣兵枪械威胁群众言论，就这么过去了？\n合着宁的唯一道歉行动就是删评论？,11526362,1572776710
圣杯火,在？你把你黑名单给我交咯,19517474,1572776709
支点与侧卫,可以暂停了，好像不删了,266702839,1572776706
魔法少女-芙兰朵露,道歉我们接受\n可您这删评又是什么操作？,239142543,1572776705
萌萌哒的八世祖,补原热评 原谅了你既然你都道歉了但你名声差不多真的臭了，另外雇佣兵没来有点失望,85338225,1572776701
我爱东方一生一世,你的雇佣兵呢？怂了？,33342256,1572776672
0钱奴0,我错了\n          /\n     🎩\n💰🐑💰,12947766,1572776668
爱-格Egger,原教旨主义STGer不请自来,16100315,1572776654
来自遥远非洲的鸽子,梦回昨夜\n梅开二度,262229374,1572776653
Arno-mercer,不要停下来呀(指脚本),8262397,1572776650
萌萌哒的八世祖,哦 这就是你道歉的态度,85338225,1572776648
罗剑奇侠,不会进行人生攻击和威胁，但会进行扣帽子[吃瓜],31355543,1572776634
暗夜丿破军,算了，大家，得饶人处且饶人吧，这样下去也没有意义，既然道歉了，到此为止吧。,12718842,1572776631
G-S-D,刘先生我们受过严格的训练，无论多想删评呢我们都不会删，除非忍不住。,35361998,1572776630
圣杯火,手道歉，脚本删评，键盘辱车，三线操作，互不冲突，我愿称你为三核处理器,19517474,1572776617
幻想之地吹来的风,互联网是有记忆的[doge],22609365,1572776615
林逸_晓,咩2016\n能力:删除评论程度的能力\n危险度:无法估量\n人类友好度:全无\n对策:只会删除所有的评论，是一种十分危险的生物，就连强大如纯狐、赫卡那样的都打不过。十分危险，遇到就要赶紧跑，但是一般都跑不掉。如果激怒它的话，你将会被删除、拉黑、被雇佣军杀掉、以及律师函警告。,244768801,1572776599
重名太多心好累,冷静，好像没在删了？被别人落个得理不饶人的形象可不好,13025699,1572776599
我好Fr,删，继续删呀[微笑]宁继续呀，怎么跟个乌龟一样呢？\n发出去的辱东方动态，泼出去的雪水。你把雪喷的到处都是还指望我们毫不愤怒地等你搁着说一句“对不起呀，人家不小心泼了你们一桶雪呢～”\n宁说宁emoji呢[大笑],53147736,1572776592
咩阿密热线,恳请大家原谅（该评论不见了）,37880639,1572776580
慕容朔夜丶,東 方 溫 泉 關,12391911,1572776550
Sahara酋长,哎呦，进来滑了一跤，地可真滑啊[抠鼻][抠鼻][抠鼻],361226041,1572776530
我爱东方一生一世,在？这叫道歉，你的诚意呢？,33342256,1572776512
极皮生物RoadRoller哒,怀疑这货就是用来给自己洗地的。。（麻烦把脚本给交一下？,96869707,1572776511
Whaleschaft,在？脚 本是关不上了吗？,23111479,1572776507
381预警,还在删，二转攻势再度化身硬汉指日可待,7023524,1572776506
十七岁の王,道歉倒是先把脚本关了啊。。。,13982380,1572776504
Tick嘀嗒,多年之后，人们会忘记你。但当有人再提及你的时候，首先会想到的就是你恰的烂钱以及丑恶的嘴脸,30597225,1572776502
蛋蛋1649590293,hhh,202126563,1572776500
虚假の车车人,还在删评，令人失望,226328675,1572776498
caizy233,。刚点的赞还热乎一刷新就莫得了,282371956,1572776484
假的阿喀琉斯,我们车万人特别好欺负？装装可怜就想混过去？我东方在B站从没受过这种委屈,46447145,1572776482
天琈紫菀,*不是我删的，是脚本删的*,5162886,1572776478
只是个新人罢了,在？没有人身攻击？您之前挂的那几位您打码了吗？没有人身攻击？您扣给东方众那顶精日帽子忘了？这不是人身攻击难不成还是替身攻击？,20874632,1572776455
帕奇利兹パチリス,恁快把辉耀关了罢，这删评斯比德我已经跟不上力,11569451,1572776449
千海夏羽,完全看不出诚意何在 真叫人失望,79546720,1572776431
レイセン・イナバ,模拟删羊持续输出，，，,169449204,1572776419
虚空来声,还在删评？宁到底是道歉还是洗地？,34360388,1572776417
圣杯火,删 评 战 车 · 镇 魂 曲\n无意识删除评论程度的能力,19517474,1572776414
林逸_晓,删评非我也，脚本也,244768801,1572776404
简化名称,再见，删羊羊,344506328,1572776397
colaistior,在，雇佣兵呢，沃尔玛商品呢[偷笑],290032347,1572776395
--纯狐--,嗯？这就把说明换成道歉了？,11526362,1572776383
Sahara酋长,用手道歉，用脚本删评论，用嘴辱车毫不冲突[抠鼻][抠鼻],361226041,1572776371
万恶的大当家,出这么大事 车万圈风评被害 您撑一天软下来甩出一几句毫无要素的道歉 您以为这样就能金盆洗手啦 对不起 这敷衍的道歉我不能接受,8549831,1572776369
神隐之紫,13年代码，诚恳道歉，脚本删评[支持][支持][支持],14528516,1572776367
暮雨落空城,毫无诚意的道歉。,43852215,1572776364
一切都在坠落,车万就600丈育，随便发个道歉贴很好糊弄，继续控评恰烂钱,18178496,1572776362
colaistior,今日笑料 一个20多万粉丝的up主被一帮六百人粉丝群体吊着打,290032347,1572776362
中上右中下下右,删评 删删删删删删删删删删删删删,356257541,1572776357
自由落体的GF,道歉了，但我还是想问你几句\n1.您钦点东方相关为jr的言论如何解释？\n2.您之前发的与此事相关动态内出现的不正常删评现象如何解释？\n3.您群内某位管理的迷惑言论如何解释？,230045938,1572776357
SQwatermark,您群友想要用枪支威胁我们的言论为何又与你无关了呢？若没有您的纵容，你的群友为什么敢于堂而皇之说出如此耸人听闻的话？,11621025,1572776347
かぐやandもこう,知道为自己的行为负责了，但你评论继续删怎么回事？[嫌弃],31361372,1572776345
天子之旅,帮发。\n\n咩2016两面三刀、避重就轻、歪曲事实、控制评论不是一次两次了，他曾在塞尔达区发布大量无意义视频，其中一期视频（av61441420）简介有误被人指出后，咩2016本着“出了问题就解决提出问题的人”这一精神，对提出问题的@丶倾_墨 进行抹黑，并发动粉丝进行大规模人身攻击（包括但不限于视频评论和动态），以下是大概时间线：\n\n事端缘由（倾墨原动态）：https://t.bilibili.com/287530987973846511?tab=2\n明面上想停火实则拉黑倾墨空气交流：https://t.bilibili.com/287571824523075201?tab=2\n洗白盗版游戏：https://t.bilibili.com/287607064734052945?tab=2\n造谣“倾墨指使粉丝举报视频”：https://t.bilibili.com/287743666163794522?tab=2\n发动粉丝进行人身攻击1：https://t.bilibili.com/287750997672983776?tab=2\n发动粉丝进行人身攻击2：https://t.bilibili.com/289079594269565155?tab=2\n歪曲事实避重就轻无中生有+抹黑倾墨的专栏：https://www.bilibili.com/read/cv3335143\n抹黑倾墨+洗白游玩盗版游戏2：https://t.bilibili.com/291874295128380162?tab=2\n抹黑倾墨+洗白游玩盗版游戏1：https://t.bilibili.com/291839248196201877?tab=2\n选择性截图：https://t.bilibili.com/293970763155533886?tab=2\n动态挂人：https://t.bilibili.com/291663244732195456?tab=2\n\n看到如今咩2016这般落魄的模样，我只想说，你现在所经历的，不就是你的粉丝两个半月之前对倾墨所作的事吗？大谈特谈“霸凌主义”，你又何尝不是在霸凌他人呢？\n转发自@9鲁诺9巴纳 \n删掉你就什么都不是,21808539,1572776327
石竹大大,av74425967,24879486,1572776324
-安_岛-,『我道歉都道歉了，你再說我就是你的問題了哦，所以要刪評』\n依舊是加把勁刪評刪評[小电视_笑],65551069,1572776323
极皮生物RoadRoller哒,我求您了，能把脚本关一下不，你就非要给自己找点事端吗？,96869707,1572776319
colaistior,在，为嘛删评删动态,290032347,1572776292
妖贤八云紫,那是誰 是誰 是誰\n那是刪羊人 刪羊人 刪羊人\n背負着鎮站之寶的名義\n捨棄了一切的男人                 \n刪羊之箭如超聲波（指超速刪評）\n刪羊之耳是順風耳（指精準刪評）\n刪羊之翼直飛天空 （直接刪動態）\n刪羊的光束是灼熱光線（腳本24小時掃描評論區）\n將刪評之力 集於一身\n正義的英雄 （大噓)\n刪羊人 刪羊人,166553465,1572776270
被无视的LR,非我也，脚本也[doge]讲真这么多名言警句要想车万众原谅恁是8可能了，但是好好做个表面工作，息事宁人也还是可以的。连表面工作都不好好做，边删评边道歉，恁也真是够可以的,13517814,1572776240
来自遥远非洲的鸽子,诚心道歉 顺手删评,262229374,1572776238
带带三青團,迫真道歉,473504600,1572776236
Tick嘀嗒,众所周知ba里面出现的人物没一个是车万的人物,30597225,1572776233
发新人,说明一下\n1不要以为道歉就完事儿了，只要你不停止删评，我会继续关注此事。\n2不仅仅是东方project，我希望你对所有其他你霸凌过的up主道歉（你知道是谁）。\n以上,38015492,1572776225
蛋蛋1649590293,推特上的是真的疯了,202126563,1572776225
角色扮演NPC,我就很想问了“大家不要怕，东方众只有600人” 。 这句话什么意思 按你的说法 人少就可以随便欺压了,34574719,1572776215
东方萌二official,删，我疯狂地删,93294681,1572776201
32066888727_bili,又踏马删评论是吧？犯是吧,334539911,1572776197
SQwatermark,最后一个问题：脚本还开着吗？tag加了吗？黑名单清了吗（疑惑）,11621025,1572776192
蓝琉32767,如果你还在删评的话，谁能原谅？,13932031,1572776188
--纯狐--,复制评论\n1. 昨晚的精日言论打算怎么处理\n2. 群友口嗨极端言论是不是举报一下 怎么还管理群呢,11526362,1572776186
宇岚hoshi,“其余平台相似账号均与本人无关”\n“电子讨论群：730407982”\n放一个假冒自己的群¿,2646768,1572776179
doulian2285851,现在认怂了？你昨晚说我们车车人精日的嚣张模样咱还没忘呢,411679015,1572776175
云兮云兮胡不归,您扣帽子是咋回事？解释一下？,399034750,1572776171
超高校级的聋瞎,就这？就这？就这？就这？,178340644,1572776169
彼岸相梦,对不起你自己捅的篓子太大了,38413898,1572776155
来自遥远非洲的鸽子,评论:－1 －1 －1,262229374,1572776155
伍仁藥,虽然嘴上说车软，但脚本还是很诚实的嘛,207214627,1572776151
林逸_晓,模   拟   删   羊   2   0   1   6   仍   在   继   续,244768801,1572776149
魔方迷途猫,愿意收回没说愿意道歉嗷,8369404,1572776140
一朝平步上天台,在？图中的“其它言论”敢说得清楚些了吗？,395420913,1572776118
Normal9,既然都道歉了 为什么不把你的脚本关了呢，这样子的话会有更多人愿意原谅你,86086244,1572776112
梦符佳月,心疼UP主，我觉得你们这些车车人适可而止罢！up主虽然有雇佣兵、一个加强排的律师团、还掌握脚本的核心科技并且主动开启狼人杀模式，但是他还是却向你们道歉了，你们这600人到底对我咩咩做了甚么事啊，真是一群暴徒！喷子！太过分了！加大力度，求你们了！,2059519,1572776108
林逸_晓,另外，就地公审管理,244768801,1572776102
我的工业2,刷新一遍翻了一倍\n听说你脚本还没关？那我可能无法认可这个道歉,3749614,1572776101
托卡列夫毁灭魔炮,还有，请您解释一下为什么要删评呢？,57935470,1572776094
レイセン・イナバ,吊死咩十六！公审管理猿！,169449204,1572776094
极皮生物RoadRoller哒,被动的红王（时删,96869707,1572776090
章鱼鸭,我佛了还想玩模拟删羊？,1968882,1572776085
情心玄月,什么瓜，我错过了什么？车万厨怎么了,8646284,1572776084
犹格索托斯的残芷,这事就先过去了，但是原谅什么的是另一码事嗷😁,1761949,1572776078
小石头一块钱四个,来，公审管理员，请,21914614,1572776078
神绮・玛格特罗伊德,车欠了？还在删评呢？,475411617,1572776078
♂诸葛琴魔♂,您在动态中指表达了对东方project攻击言论的抱歉  并没有对扣我们帽子等事情做出回应  我觉得有失诚意  如我有冒犯我道歉  但请您解释！,17480031,1572776065
efuious,你之前拉的仇恨值太太太太大了，现在估计难,144096235,1572776052
星期八的虚,恳请大家注意方式方法，有节有礼有据\n时间轴\n19年8月11日，up咩2016(下简称咩）的发表视频av63148356 ，该视频未添加东方tag\n发表后，咩多次寻求东方圈的大佬帮忙推广 ，包括但不限于囧仙。\n在东方众的助力下，该视频不久上了首页。\n大量的路人涌入后，出现了一个问题，后面会提及。\n8月，咩因发表游戏塞尔达传说：荒野之息的相关视频，与人发生矛盾，具体情况这里不细说、不评判，因为和东方无关。重要的是，同期，出现他的ba视频被恶意举报现象。这或许是咩一开始加不了东方标签的原因。\n10月7号前后，一些科技区的用户批评该视频技术力低下，同时谈及咩的为人问题。 同期，恶意举报咩的现象再次增多。 \n8月到10月间，咩15次打捞自己的ba视频，其中多次说出“播放量超过原版了”、“要成为镇站之宝了”之类洋洋得意的话。 \n10月27是BA十周年。\n10月27日，up轩辕无痕发动态，表达对b站限流东方的不满，并未将矛头指向咩\n10月27日，咩打捞自己的视频，并表示“BA十周年了，大家来看看我做的视频好不好” \n需要注意的是，27号的两条动态并无瓜葛，因为轩辕没有针对咩，咩当时也没有看到轩辕的言论\n直到11月1号，咩发表动态，表示“我做BADAPPLE视频和东方有什么关系”，并且删评控评、把恶意举报和网络暴力的锅甩在东方众头上。 在粉丝群里叫嚣“大家不要怕，东方众只有600人” 。舆论爆发。 \n11月2号早咩发表动态道歉，辩解称自己不知道BA和东方的关系，并说因为举报的原因，仍然无法tag(那你之前怎么知道找东方人去宣传的啊）。该视频依旧在删除评论。(转载自贴吧)\n只求让更多路人看到这一事件的真相，今天我也是600先锋队,8917195,1572776050
如我平A,好，在这住下了，希望以后不会出什么乱子,47082076,1572776045
Tick嘀嗒,恁就是过河拆桥的带战术家？那没事了\n*白眼狼上升到了新的高度*,30597225,1572776039
可爱又迷人的小赤佬,你人身攻击的jr和fl呢？,71303840,1572776038
一切都在坠落,边道歉边删帖？把黑名单放出来,18178496,1572776038
茂名街4750号,我不知道你的道歉是否真诚，但我我知道你的名声是真的臭了,38026984,1572776018
可爱又迷人的小赤佬,你威胁的报警呢？,71303840,1572776008
彼岸相梦,都道歉了，那👴的评论怎么没了,38413898,1572776003
余九堂,佛了，恁的脚本真的是被动技能？？？,399574954,1572775995
レイセン・イナバ,无限删评，最持久的壬，，，,169449204,1572775995
梦符佳月,真是的，道歉和删评拉黑有什么冲突吗？,2059519,1572775986
特工Ukulele,好了好了，各位车车人去看些手书mmd打会儿则扭个符消消气吧[妙啊],13955295,1572775984
茶道世家,罗 马 之 劫,16908756,1572775979
林逸_晓,🐑❤💵,244768801,1572775979
方圆之能周,再等个后续[doge],4501001,1572775978
哦吼G,麻烦黑名单清一下 您要是真道歉 麻烦把挂也关一下,260211078,1572775974
Sahara酋长,道歉就算了，版聊区还给我[抠鼻][抠鼻][抠鼻],361226041,1572775967
一个路过的假面秦心,在？被盗号了？言论截图先留着以免不犯同样的错误,200325830,1572775961
加拿大义勇火枪团,你把你以前动态给我交了,77663290,1572775958
只是个新人罢了,草，扣帽子不算人身攻击，难不成是替身攻击？,20874632,1572775957
所向披靡的巨型毛玉,请关闭脚本,91734546,1572775953
辣鸡的早苗苗苗,道歉就行，但为什么还删评？,10022639,1572775940
花笙夙梦华,删评继续，奥利给！,56875489,1572775932
fufufhtxf,怎么？你不接着爱国啦？\nJR。,4478501,1572775928
蛋蛋1649590293,吓死我了，我还以为内个真是他发布的,202126563,1572775926
极皮生物RoadRoller哒,即使事态结束，在结尾也不忘删评的删🐏这脚本可真够敬业的,96869707,1572775923
医药费规划局,只要up主在扣帽子之前任何一个节点上发布这条动态，这事都不会是这个结局。\n有一说一，既然已经道歉了，只要你能把那个删评的脚本停下来，我相信绝大多数人是不会再深究的。\n但如果后续还有什么恶意操作的话就另当别论了。,35829867,1572775922
博丽の先代巫女,道歉归道歉，评论好事要删的，只能这样精神胜利法维持一下自己的自尊心,11294565,1572775915
cornerfish,道歉和删评是一对好兄弟,15157346,1572775915
鸭鸭吃香蕉吗,当你辱骂东方众的时候你不会进行人身攻击和威胁?那污蔑东方众是精日和at共青团中央是你的替身干的吗？[尴尬],2136312,1572775915
万恶的大当家,“受到攻击的反驳言论 ” “我愿意收回” 老咩人了,8549831,1572775912
Agartha-wind,问君哪得清如许？,27465785,1572775911
露米娅channel,把脚本关了，黑名单里的车车人放出来，我们会相应改变态度,64257215,1572775905
-夢違科學世紀-,后排雅座[滑稽]☕,105495732,1572775899
邪正人鬼-NSDN,咩持，，，,12527439,1572775892
以撒尔洛,一边道歉一边删评还真是有诚意啊，程序还没测试完吗？区区600人的圈子而已，别怂啊，还是战术拖延时间等雇佣兵？,33586624,1572775891
寺岛之内,在？雇佣兵怎么还没把我打死,10069825,1572775885
博丽樱梦,🐑❤💵,4237723,1572775868
52根绿发,为什么一个极度亲日本的团体现在如此嚣张？一一咩2016,356136688,1572775866
回忆微风吹过,同情咩大佬一秒[妙啊],33058137,1572775858
--纯狐--,为什么一个极具技术力的带手子，要对一个如此嚣张的极度亲日本的团体进行说明？（第二次）,11526362,1572775857
w雅雯,早就跟你说了！本来很好解决的事！其实根本就不叫事的事！让你这么一弄！乱七八糟乌烟瘴气！行了……大伙也都散了吧……差不多得了……有点影响到人家的正常生活了,14134659,1572775849
虚假的脊髓,👴一开始还担心呢，道歉出来集火的人是不是要少一大批，👴放心🌶,7932630,1572775846
来自遥远非洲的鸽子,看起来是新版聊区呢\n评论自动更新也还在 好事 都是好事,262229374,1572775833
老表EMelon,b事真多，拜拜了您,8988588,1572775829
清迷凌,那么公审管理员什么的有在搞吗？,16732776,1572775821
虚假の车车人,不人身攻击（指说车万壬是jr和gd）,226328675,1572775817
Flandreeee,你这脚本开了全自动？,380258255,1572775812
托卡列夫毁灭魔炮,诚挚的歉意就是这样吗？\n那么我们只好回报您同样诚挚的原谅了。,57935470,1572775804
立花瀧君,作为您之前的一个粉丝，我不得不对您近几日的所作所为表示强烈谴责。\n就在8月您还希望自己的bad  apple 还原视频得到东方圈内大佬的转发，增加热度。\n近几日却突然把全体东方众污蔑为精曰分子\n吃东方的饭砸东方的锅不过如此👎\n这是我第二次评论，第一次已经被您删掉了。而且依然有很多理性质问的评论正在现在被不停的删掉。\n这不像是给出道歉的态度，我希望您停下删评的行为，给全体东方众一个诚恳的道歉，3q谢谢。,23044847,1572775797
～Scarlet～,*好* 不过现在怕是覆水难收咯。,3225857,1572775793
在下只是一个伪宅,既然已经道歉了，那么六百车车也会自然停手\n不对，你怎么还在删评论呐？,16236730,1572775793
神绮・玛格特罗伊德,放视频，道歉，请,475411617,1572775779
efuious,早点道歉不是很好吗？也不会到现在这样，本来就是小事，不断口嗨+迷之操作愣是一步步闹得这么大，现在道歉估计也悬,144096235,1572775775
Tick嘀嗒,*删评论上升到了新的高度*,30597225,1572775768
レイセン・イナバ,为什么一个极度爱好删评的屑up现在如此嚣张？,169449204,1572775768
HerobrineWQC,我做删羊鬼畜音mad，好吗？（不）,87797395,1572775767
不知道23187,哔哩哔哩：没有该评论\n？,133293290,1572775762
林逸_晓,神   圣   庄   严   的   新   战   场,244768801,1572775758
VSK-94,稳 住 狗,407468300,1572775756
超咸的咸菜鱼,[蛆音娘_无语][蛆音娘_无语][蛆音娘_无语]怂了，怂了,85840686,1572775743
欲为圣明除碧诗,还你不会进行人身攻击？昨天发的那个说东方爱好者是亲日本团体的那个动态不是吗？删了就以为自己没说过？\n不会进行威胁？说要雇佣兵来威胁的不是你？\n赶紧复制转发，我也不知道这评论能活多久,8822687,1572775738
极皮生物RoadRoller哒,这个是真的佛了，我愣是被你的脚本给惊到了。道歉帖继续控。。,96869707,1572775737
超高校级的聋瞎,一边道歉一边删评，致 以 诚 挚 的 歉 意（迫真）,178340644,1572775735
喵星的馨子,明白了 那咱能把删评脚本停一下吗,560626,1572775728
联邦的怪物MS,删评测试,44629226,1572775728
东方萌二official,删，我疯狂的删,93294681,1572775722
hybft,道歉说明（X）\n开辟战场（√）,88173644,1572775718
Flandreeee,道歉就道歉，删评是什么意思？,380258255,1572775716
面包已成年,提醒一下，如果是脚本忘了停止运作的话记得关一下啊，你也不希望再把事情搞大的吧。,4114434,1572775710
--纯狐--,在？脚本还有惯性的？,11526362,1572775702
RocketBunnyRx7,无限delete，发动！,37748309,1572775691
Tick嘀嗒,删除辱骂东方众的动态=道歉\n*上升到了新的高度*,30597225,1572775689
叶修我可以,请把黑名单放了,37261615,1572775687
虚假的脊髓,谁知道阿咩采用鸵鸟主义之后，车万的闲人们便愈喜欢玩笑他。一见面，他们便假作吃惊的 说：\r\r　　&#34;哙，删起来了。&#34;\r\r　　阿咩照例的删了评论，他开启脚本了。\r\r　　&#34;原来有PYTHON 3在这里！&#34;他们并不怕。\r\r　　阿咩没有法，只得另外想出报复的话来：\r\r　　&#34;你还不配……&#34;这时候，又仿佛他身上的是一种高尚的光容的技术宅，并非平常的技术宅了 ；但上文说过，阿咩是有见识的，他立刻知道和&#34;小圈子&#34;有点抵触，便不再往底下说。\r\r　　闲人还不完，只撩他，于是终而至于打。阿咩在形式上打败了，被人揪住黄辫子，在BA上 碰了四五个响头，闲人这才心满意足的得胜的走了，阿咩站了一刻，心里想，&#34;我总算被被网络 暴民打了，技术大佬被自娱自乐小圈子纠缠，现在的世界真不像样……&#34;于是也心满意足的得胜的 走了。（转自美少女文豪群友）（你删你emoji呢？车欠了？）,7932630,1572775680
混沌骑士正邪君,建议你料理一下那个管理,1476254,1572775679
林逸_晓,为什么一个极度亲日本的团体现在如此嚣张？一一咩2016,244768801,1572775670
丶Warriors,还继续删评，这就是你所谓的诚意吗？,4507361,1572775666
Sahara酋长,侮辱车人不可取嗷,361226041,1572775661
梦符佳月,心疼UP主，我觉得你们这些车车人适可而止罢！up主虽然有雇佣兵、一个加强排的律师团、还掌握脚本的核心科技并且主动开启狼人杀模式，但是他还是却向你们道歉了，你们这600人到底对我咩咩做了甚么事啊，真是一群暴徒！喷子！太过分了！加大力度，求你们了！,2059519,1572775657
レイセン・イナバ,*删评男孩继续删评*,169449204,1572775651
HerobrineWQC,恁是杨柳文奇？,87797395,1572775647
林逸_晓,敢不敢把黑名单全放出来，表面样子谁不会？,244768801,1572775647
皮皮杂,继续删评，奥利给,15293121,1572775643
近战法师ex,首先，停止删评[微笑],41355221,1572775641
伞U3,早点道歉就没这么多事了不是吗，还有，删评可以停一下吗，不然显得你一点诚意都没有,20808271,1572775638
sluqy671,删评也是有够神秘,7303805,1572775638
林逸_晓,为什么一个极度亲日本的团体现在如此嚣张？一一咩2016,244768801,1572775636
羽舞绮彤,你没有人身攻击过?,9530956,1572775627
hybft,你这道歉动态就也跟脚本做的似的，没半点诚意[抠鼻],88173644,1572775625
幻梦樱璃,道歉与删评不可兼得，你谢罪罢,227868562,1572775622
sg00460,了解一下，有惯性的脚本,204664491,1572775622
假的阿喀琉斯,敢不敢把黑名单全放出来，表面样子谁不会？,46447145,1572775621
苏联SSS战线工作台,草，恁怎么还在删评,13657339,1572775621
来自遥远非洲的鸽子,像极了817网易云风神录的ex曲,262229374,1572775617
eldTan厄火子,一边道歉一边继续删评，我佛辣，麻烦您道歉先把脚本关了罢,20278208,1572775611
愤怒的多多罗,满 身 疮 痍,4820629,1572775605
一切都在坠落,道歉归道歉，评论继续删,18178496,1572775599
VSK-94,恁还打算说明多少下？,407468300,1572775598
十六夜咲夜_魔怔,一边删评一边车欠，恁就是假和平带师常凯申二世？,11063273,1572775597
一般通过大酱,118评论121楼,188493595,1572775596
膝盖中箭的那个哥们,你这脚本挺好的，真的，我现在已经很少见这种强力的脚本了,84728034,1572775584
吃我老杰一铁球,害搁这删评呐？,280087355,1572775584
如我平A,希望你的脚本没有惯性（怒）,47082076,1572775583
极皮生物RoadRoller哒,脚本还没修好？？？,96869707,1572775578
托卡列夫毁灭魔炮,现在估计是装可怜时期，我们绝对不能恶意辱骂他，但理智评论和质问gkd！(删评一次，重发),57935470,1572775574
小石头一块钱四个,希望如此,21914614,1572775571
蓝移新星,?雇佣兵被600越共打跑了？,7842941,1572775570
tonycolin,不过，阁下愿意理智的道歉，这是一个好消息；当然，如果是真诚的话，那么至少大家都能接受。\n\n但是你的部分言论，以及相关证明如何确认呢？\n如何解释你删除的那些动态？\n\n以及，双方能否给在下一些资料和经过了解一下呢？,11191432,1572775569
虚假的脊髓,笑死我了，一边道歉一边删评，不愧是老删羊[偷笑],7932630,1572775569
林逸_晓,谁知道阿咩采用鸵鸟主义之后，车万的闲人们便愈喜欢玩笑他。一见面，他们便假作吃惊的 说：\r\r　　&#34;哙，删起来了。&#34;\r\r　　阿咩照例的删了评论，他开启脚本了。\r\r　　&#34;原来有PYTHON 3在这里！&#34;他们并不怕。\r\r　　阿咩没有法，只得另外想出报复的话来：\r\r　　&#34;你还不配……&#34;这时候，又仿佛他身上的是一种高尚的光容的技术宅，并非平常的技术宅了 ；但上文说过，阿咩是有见识的，他立刻知道和&#34;小圈子&#34;有点抵触，便不再往底下说。\r\r　　闲人还不完，只撩他，于是终而至于打。阿咩在形式上打败了，被人揪住黄辫子，在BA上 碰了四五个响头，闲人这才心满意足的得胜的走了，阿咩站了一刻，心里想，&#34;我总算被被网络 暴民打了，技术大佬被自娱自乐小圈子纠缠，现在的世界真不像样……&#34;于是也心满意足的得胜的 走了。（转自美少女文豪群友）（你删你emoji呢？车欠了？）,244768801,1572775565
虚假の车车人,车欠了？,226328675,1572775563
东方萌二official,就这？就这？就这？就这？就这？就这？\n只有我一个人想笑吗^^,93294681,1572775555
Sahara酋长,道歉（指把侮辱车人的动态删除）,361226041,1572775553
简化名称,阴  阳 人,344506328,1572775550
レイセン・イナバ,非我也，脚本也！,169449204,1572775549
终焉之尼德霍格,您既然表示自己诚心道歉了，为什么还在拼命删评论呢？（迷惑.jpg）,17708028,1572775545
