uname,message,uid,ctime
依神紫苑,我看个视频还得硬性留言？你就是那个挨个评论的？,15178038,1572954304
依神紫苑,神仙算法，这就是二刺猿吗,15178038,1572954073
这个ID估计没人注册,可明白了，敢情您不把三级号当人看呗。\n昨个以为这事儿完了，想不到您川剧变脸这么熟练，还没完，弄不好您得少几百三级号粉丝。\n毕竟水能载舟，亦能覆舟。,291223027,1572953138
東風谷靈夢,成都也是有东方活动圈子的，涉足此地的车车人欢迎加q群834149868,331891291,1572952092
琪露诺__,然而 n站才是本家 B站只是搬运,261189727,1572950008
kanna_空条妮可,数死早吧，什么逻辑,11861588,1572946629
安德斯想,啥玩意？,8549272,1572941849
蓝琉32767,副战场爆破中,13932031,1572939070
Scarlet6772,F B I\nWARNING,5437937,1572933343
德国的骨科去三遍,单纯来版聊的人想问一下，有四季映姬曲的纯音推荐么,12453588,1572932729
来自遥远非洲的鸽子,大家都在主战区呢 顺便来着摸个鱼,262229374,1572931940
刀剑唤醒暴虐,就这?,5871342,1572931503
艾吉奥的披风,无限删制\n吾以脚本为骨\n脸如钢铁心若顽石\n(完整版明天发),239332224,1572928639
提督是中二病,更新，一东等于595,19883894,1572927486
来自遥远非洲的鸽子,等一个删评,262229374,1572925686
妖现惊梦,我内鬼，请up继续来点咩咩笑话,39624794,1572924439
不输风雨老青蛙,真就车万养老院,20597174,1572920878
来自遥远非洲的鸽子,好冷,262229374,1572918133
炙炎燃焚寂煞,无内鬼，👴就是东方600勇士之一,40826292,1572917299
墨染の樱-,这个理论就很“科学”了，真乃祖国伟大的技术力卫士，以这种算法来计算全国人口怕不是中国要少九成公民,11265053,1572914161
Z员外,请问为什么删评论还在继续？,11593589,1572912233
进击の肥皂君,在 ？  人在cn刚刚被删评   请问雇佣兵什么时候到？ 为什么一个精曰团体可以如此嚣张？？ 在这几天之后东方project就完了！！！,2032027,1572907189
食tuji的萝卜,600人小圈子成员前来报到(°∀°)ﾉ,26570280,1572883529
来自遥远非洲的鸽子,这里好冷,262229374,1572870460
来自遥远非洲的鸽子,呀嘞呀嘞,262229374,1572870451
ミクのCharlotte,？还在删？,14216346,1572867185
咩2077,2020  消  灭  贫  困  车  车  人,180093632,1572867171
二百卌,5东+14纪念,11707348,1572867091
来自遥远非洲的鸽子,好麻烦啊 又要编新段子了……,262229374,1572866661
--纯狐--,后摇暂时无法确定，请理性发言，等待后续。,11526362,1572866193
来自遥远非洲的鸽子,这个后摇真心好长,262229374,1572866010
芙兰朵露-斯卡-雷特,还在删?感情道歉都是假的?做出的“不会删除这六条动态下的评论”也是假的?,283269718,1572865734
来自遥远非洲的鸽子,摸,262229374,1572865035
--纯狐--,这儿评论就剩5东了？,11526362,1572865028
念月竹,我很好奇一件事，上一条动态中说到，其余平台均与你无关，可问题是600人这个言论是根据其他平台(QQ)的截图出来的梗，而且可没见得到你在b站说过的呀，因此你这条动态推翻了你上一条动态，如果我分析有误请指出谢谢,23503079,1572864339
61313652707_bili,5咩,352182373,1572863170
Kurokoma-Saki,我寻思着中午还是四千多现在怎么就一千多了,238680490,1572861556
szfhsxr,怎么评论又被删啦,11619405,1572860306
Rabi-,瑟瑟发抖,29065199,1572856822
依神女苑厨,第 十 三 次 人 口 普 查,2496582,1572855207
Udongeins,很久之前的言论：不玩正作你是东方人。现在的言论：不看宁的视频不是东方人。哇，宁就是zun的兄弟gun？,1450420,1572849063
Udongeins,？你那么有名吗？我为什么要看你的视频？不看你的视频就要被开除车籍了是吗？,1450420,1572848980
ミクのCharlotte,日本的百万东方粉丝大军对此表示不屑[吃瓜],14216346,1572844818
地上好多渣,笑了,12112185,1572839484
Junko純狐,[吃瓜],5779800,1572834362
poudior,草我笑死了,52827778,1572832458
羽立今天又咕了,总有人玩群星刚学会建边境哨站就乐呵呵去捅失落帝国,2982041,1572830274
天枢贪狼星,我概率论与数理统计一定是被咩吃了，抽样A1构成符合E(B)，居然可以推A。,33019096,1572830012
Dr_SCP-0181,印象里播放量超越原版你的确在b博发过。。。,19155722,1572829867
蓝琉32767,终于道歉了啊……,13932031,1572829666
特雷卡斯丶亚莉米蕾,感情您比zun神还厉害\n看你视频的就是车车人 不看就不是[吃瓜],24686869,1572829663
起源下的神秘人,等一个雇佣兵，秋梨膏！我不想上班啊啊啊啊,2046261,1572829266
天枢贪狼星,。。。单凭一个样本取值就能推测总数了，是我概率论与数理统计没学好？,33019096,1572828966
芙兰朵露-斯卡-雷特,整活了,说明一下[吃瓜],283269718,1572828960
忆思-幻灭,车万人分类:\n关注咩看视频的——车万人\n不关注咩，不看视频的——不是车万人[吃瓜],107300685,1572828955
懒挞挞的银蛇,5东了\n顺便是不是考虑下先占领舆论高地？,132935710,1572828827
美国间谍羊大人,据说有人从你你黑名单里出来了，我大号怎么还在里面呀？,472365872,1572828632
米国雇佣兵头子咩带佐,wei,zaima?,12391911,1572828617
芙兰朵露-斯卡-雷特,那段长一点的话请再发一点。专栏那边不能长按复制...,283269718,1572828605
羽立今天又咕了,如何才能让东方众的萌二、感受大手子ba的魅力呢（错乱）,2982041,1572828599
星空迹く,突然发现我在看他视频之前不是东方众[小电视_吃惊]up牛批，一个视频就可以筛选东方众了[小电视_赞],50970021,1572828494
ゼロの世界,宫本来夏（头像人物）风评被害[doge],8063194,1572828463
抗原大爷,av63148356不是文物，也不会成为文物。大家多多迫害！\n另：东除我佬，大家有技术力的有点骨气，做一期超越他的视频！,6949741,1572828133
哦吼G,黑名单撤了吧呜呜呜 我找别人借了四个号了,260211078,1572828067
抗原大爷,大家转移阵地！av63148356 顶端红字弹幕刷起来！友军全阵亡了！这个战场不能丢！\n（多多复制）,6949741,1572828035
AttackonSDU,魔怔得跟刘泽溃疡似的，，，,352018,1572828028
才不服你就要服他,lv0123456的车万用户大家早上好,140372408,1572827968
msdkal,如果你粉丝群里的那位管理不是你小号，请让他管住嘴[嫌弃],82833203,1572827955
好贱的好剑,来啊，枪击我啊！,3307449,1572827869
Soave_QvQ,嗯？Lv3不配当东方众吗？,32870732,1572827810
铭丶糸,目前评论量:  3045,263800128,1572827805
隔夜大葱,疑似124复刻（,364211,1572827703
Shamemaru_Aya,不是，恁那视频一看封面标题我还以为是什么野鸡学校的广告都看都不看，就这样被你开除东籍了？,23154567,1572827699
聪明强大的琪露诺酱,说要道歉不见半点实际行动，扣帽子删评论倒是越来越牛皮了，爷就服你这种哈皮。评论区看不到一个【emoji.horse】已经给足你脸了知道不?,12070284,1572827584
Alikexz,[捂脸]路走窄了……\n眼见他起高楼，眼见他宴宾客，眼见他楼塌了,6099549,1572827427
一般通过大酱,隔壁专栏把19年的评论删完了,188493595,1572827237
聪明强大的琪露诺酱,脑子有问题?你从阴间带来的那么多帽子?,12070284,1572827171
楼上我睡过,要是现在Wiki还在众野爹早就给你这野蛮人编写词条力   [偷笑],8062741,1572827077
Alanweek,说明一下，黑名单加一,190223197,1572827054
抗原大爷,大家转移阵地！av63148356 顶端红字弹幕刷起来！友军全阵亡了！这个战场不能丢！\n（多多复制）,6949741,1572826990
CirnoCross,避重就轻带师赁来啦？\n1.雇佣兵\n2.精日、涉港言论等帽子\n3.删评拉黑脚本\n解释一下？,6379672,1572826986
ayanamdsk,就一个b站用户能代表啥？你是真的蠢吗[吐],32891550,1572826880
秋水之溟,5东差不多了吧，很快咩应该就会把这条动态删了，建议别集中刷，分散去他的专栏和视频里占地，那里的评论全被清了[2233娘_怒],21804772,1572826469
宫古芳香Official,总结：我就是觉得你们人少好欺负，所以卸了磨我就杀驴，而且还要报警搞喷我的人。\n女子,9645133,1572826353
抗原大爷,五东加11了,6949741,1572826314
Shamemaru_Aya,五东加8？,23154567,1572826222
一般通过大酱,5东了,188493595,1572826163
秋水之溟,咩的所有专栏里都评论区都被他删到8月或者9月了，请大家注意补档[2233娘_耶],21804772,1572826157
Z员外,12个小时过去了，咩依然没有丝毫愿意表态群内黑屁以及道歉的迹象,11593589,1572826136
563641,5东留念,8019129,1572826133
来自遥远非洲的鸽子,5东了,262229374,1572826120
丢人的东东,那个倾墨事件始末的专栏的评论区已经被删到9月的了，大伙去补个档好吗？【小电视_发愁】,16057265,1572826120
冰鉴风,5东了？,340528904,1572826108
无辜的波比,【最弱技术宅？】这大概是B站最能恰烂钱的bad apple！\n大概是我最新的几个视频了，拿不到粉丝纪念牌很甘心啊啊啊啊啊啊！！！\n大概用上了我114514年自学得到的所有知识，剪出来看效果非常好呢~（感觉很有成就感，冲了以后有一股喜悦）\n尤其是后面对抗神经网络和卷积神经网络那部分，做起来蛮费劲的，做这些电路的时候，也体验过绝望和崩溃，但终究解决了各种bug，并录制了这些视频，感谢大家长久以来的支持（也许之后就有新的bad apple了）\n喜欢就点个踩和举报吧！谢谢大家啦~,19523797,1572826026
FlatSkey,周一整活奥力给,8185144,1572826015
芙兰朵露-斯卡-雷特,5东助攻\n咩大佐语录(部分\n“我有的是钱和时间和他们打官司,我话撂这了。”\n“我觉得,这次之后东方project就不行了。”\n“圈子就是圈子,永远无法成为正统。”,283269718,1572826014
威风堂々早苗酱,咩皇早上好啊，删羊异变进行的怎么样了，今天您删羊了吗[吃瓜],12209502,1572825804
二百卌,删呗\n对于中国香港领土主权问题，东方Project用户(主要是东方Project用户)的态度是?.\n在中国香港领土主权问题 上开玩笑?已联系公安@ 共青团中央\n为什么东方project圈子不太受欢迎?因为每次有人说一些圈外人根本不在乎的东西就会被你们集体攻击，请问..\n为什么个极度亲日本的团体现在 如此嚣张?\n[微笑][微笑][微笑],11707348,1572825731
秋水之溟,那个倾墨事件始末的专栏的评论区已经被删到9月的了，大伙去补个档好吗？[小电视_发愁],21804772,1572825723
秋水之溟,那个倾墨事件始末的专栏的评论区已经被删到9月的了，大伙去补个档好吗？[调皮],21804772,1572825690
来自遥远非洲的鸽子,好吧 就是关键词设计\n对于中国香港领土主权问题，东方Project用户(主要是东方Project用户)的态度是?.\n在中国香港领土主权问题 上开玩笑?已联系公安@ 共青团中央\n为什么东方project圈子不太受欢迎?因为每次有人说一些圈外人根本不在乎的东西就会被你们集体攻击，请问..\n为什么个极度亲日本的团体现在 如此嚣张?\n[微笑][微笑][微笑],262229374,1572825676
二百卌,咩2016吧欢迎大家拜访噢,11707348,1572825668
秋水之溟,那个倾墨事件始末的专栏的评论区已经被删到9月的了，大伙去补个档好吗？,21804772,1572825657
蓝琉32767,日本狼人没来了么,13932031,1572825649
十五夜咲夜-,我才发现8个给他充电的五个都是东方众[笑哭],8004797,1572825642
抗原大爷,「600人」,6949741,1572825638
一般通过大酱,脚本又开始了，整咩大佐名言的可以发楼中楼。,188493595,1572825599
你02,没人关心这个，你直球道歉会怎么样？\n精日帽子，道歉，立刻，gkd。,38251675,1572825545
秋水之溟,呜哇今天满课[2233娘_大哭],21804772,1572825451
__芙兰朵露__,咩大佐快整点新活啊,28521342,1572825443
up牛b,本中小学生不请自来,197695353,1572825438
鉝116,我建议你先把你群的迫真极道管理给处置了比较好，其口嗨水平可以与大忽悠相比了\n社工出道，美利坚雇佣兵，辱骂车万厨，CIA特务，你群这种管理还留着？你是把这猪队友留着过年缓解猪肉涨价呢？还是说这是你的小号自演？\n\n昨天发的，我建议先把这个管理掘出来对线,22861950,1572825426
一般通过大酱,脚本也起床了吗？咋还在删楼呢？,188493595,1572825222
煮沸的冰块,神 圣 庄 严 的 新 战 场,225531190,1572825171
こあくまofficial,推特上的咩是假冒的，那个账号十一月才注册的\n雇佣兵也有图片说是群内管理员发的\n就把该道歉的，比如扣帽子，hongkong，这样的事道个歉\n我们都不希望看到下一个“说明亿下”,49968739,1572825064
二百卌,脚本桑早上好！没想到刚起床就被你发现了呢,11707348,1572824815
羽立今天又咕了,车圈吃软不吃硬 你在这硬汉只能给自己添麻烦根本没有任何意义,2982041,1572824734
谦冲自牧务盈守虚,怀疑up这一顿操作是装傻，动机不纯,22022237,1572824724
叶修我可以,又要五东了,37261615,1572824689
来自遥远非洲的鸽子,等下 又开始删了,262229374,1572824629
谦冲自牧务盈守虚,各位喜欢东方的同胞们要谨慎一点。现在是敏感时期。一定要小心某些境外（特别是美国）势力或者个人挑起事端或者煽风点火。企图激化内部矛盾，丑化部分人群。。。。虽然我这么说些过，但鉴于特殊时期， 希望大家能理智文明发言。不要给他们钻了空子[doge],22022237,1572824525
蓬莱凯风快晴,1.雇佣兵\n2.精曰\n3.脚本删的\n解释一下,29642811,1572824440
心之泠羽,600人是如何统计出来的？通过评论分析...\n您难不成想车万众一人给你留一句评论？,388429008,1572824347
二百卌,删羊羊快说明一下呀,11707348,1572824196
竹取Izon,2898条评论，只有1129楼，请问您就是脚本删评控评中级高手？,286742039,1572824038
一般通过大酱,600 勇士们早上好啊,188493595,1572823832
羽立今天又咕了,原来来看ba的有80%都是一般通过,2982041,1572823732
来自遥远非洲的鸽子,啊 你们是真的没睡吗……,262229374,1572823647
懒挞挞的银蛇,新的一天，起来继续写作业和打游戏\n咩大佐也要继续说明一下哦,132935710,1572823613
抗原大爷,哦我的天哪！阁下一定是被月球的原住民用…呃…德布罗意波操纵的方式，哦见鬼，他已经是一个彻头彻尾的疯子了，比琼斯太太的老闹钟还疯狂。,6949741,1572823451
谷口稔,在？咋不继续说明一下？,38800681,1572823392
--纯狐--,6 0 0 委 员 会 发来早起问候,11526362,1572823327
抗原大爷,早安，哦不对，我的上帝，咩先生，阁下的时间想必是…呃…晚上七点。哦我的上帝，一个适合思考的，嗯，好时间。见鬼，我真应该昨晚睡得好一些的…,6949741,1572823317
かぐやandもこう,好无聊，你整点新活吧,31361372,1572823188
王door传人,大早上起来发现这里变成了车万版聊区，，，,201402424,1572822691
蟠桃pt,一觉醒来评论快5东了[妙啊],360743233,1572822572
Guy孜游,草 一觉醒来已经变成车车人聊天室了,8542579,1572822422
Pedix_Vinnd,我都怀疑这做视频的和发动态的是不是同一个人\n咩大佐，你继续装，你葫芦里卖的什么药我们一清二楚，毕竟你的葫芦是透明的,433351698,1572822399
百里丿怖怖,这是脚本用多了，脑子退化了？憨批操作真的是越来越看不懂了，还在这甩数据呢？,5718514,1572822272
addddddc00,一醒就来看咩大佐有没有新活,162566084,1572821904
叶修我可以,今天也要加把劲,37261615,1572821872
花无桦天椛,我qq群里边的1333人有七百多人都是假的？,314405182,1572821730
Uncle_Dragon_,还没④啊，大家继续加带力度,477124222,1572821539
北墨淩寒,早安咩大佐[吃瓜],157696194,1572821461
華鳥風月_Hanatori,你可憋统计了，上海tho场贩票都过千了，咋还搁这整600壬呢，还搞机器学习，整一人工智障来统计都不会得出这么蠢的结论，建议下次脑内考研的时候多加一门统计学,23184457,1572821056
独孤丞太康,各位东方众注意：我们为自己的账号着想，同时也给路人留个好印象，请理智回怼（理智分析+质疑），不要发骂贴。这货绝对在伺机截过激车万人的言论图，然后再来一次（恶意）舆论传播 ，继续装可怜。\n转自\n@独孤丞太康,288355728,1572820987
魏姜来,六 百 人 议 事 会,278071294,1572820984
Forward_マーシュ,迟到了，来看一眼大佐有没有新活\n各位，sarabada！,32243159,1572820816
激进用户何家干,你这事擅自给车万用户分了层，，，,4252291,1572820509
共基极放大电路,什么情况[惊讶],435261649,1572820501
大炮大炮sss,复读机？营销号？,20666219,1572820471
神奇的红豆B站分身,咩 人 1 3,38130874,1572820146
Lypto,6 0 0 人 委 员 会,5459284,1572819782
美国间谍羊大人,咩大佐今天是时候真车欠了吧，还想整活呢？,472365872,1572819544
宇宙颠倒,有一说一 怎么劝都不听 只有一句7$wu磙送给你了,21839203,1572819242
橙龙大叔,仔细想了一下，放大.707倍是应该是乘.707才对，你这是放大1／.707，即1.414倍才对啊(&gt;_&gt;)，这数学涝的不行啊,34350719,1572817067
小林セツミ,知乎观光团，顺便我车万人问候你,25054741,1572816830
没人在意的小石头,我醒了，有无失眠的车车人，来陪我共渡春宵啊,19015841,1572814940
Dayaste,🐏持，，，,266915485,1572813229
儏殇之月,提醒后面的人，翻了翻这1000多楼，并没有出现大面积断楼的情形。所以目前up估计是没有在删评了,36144815,1572813136
谦冲自牧务盈守虚,然后你拉黑了600个观众，劝退了一批潜在观众[doge],22022237,1572811471
黑妖MoRB,我看乐了 单单我们一个学校的社团车万分部就两三百人了，别说再加上隔壁北师北航和清北了 其中起码80%是大三以上甚至读研读博和创业的学长学姐们 你为什么会觉得车万人少？车万同人游戏幻想乡萃夜祭在推出当天登顶Steam榜首，你为什么会觉得车万人少？是不是跟你蹭热度无关的消息你都不在意的？,22694615,1572810936
谦冲自牧务盈守虚,困了,22022237,1572810595
给予me,经典语录采集动态[doge],23167493,1572809492
彩華桑,有一说一，寄世界是真的np,14434928,1572808811
羽纶笔,我忽然觉得东方众就像无头骑士异闻录里的dollars，平时没什么声音，甚至在圈外人看来跟都市传说一样，但真正需要的时候，就会惊讶的发现这个群体是如此的庞大。每年都在开玩笑车万要凉，但这个圈子可以称得上是acg界中水最深的圈子之一,35606011,1572807841
谁でも大好きww,继续 删一条爷发十条，天天搁这给人扣帽子[喜极而泣]删评删动态是宁最后的坚强嗷[支持][支持],40794019,1572806684
抗原大爷,我都困死了,6949741,1572806097
阿良良本历,有意思,13117564,1572805939
Sanctorum003,过来看看这人的zz言论,2507060,1572805879
流风之巡礼,慕名而来。此前未曾闻君名，今朝贴吧首页被刷满\n寻思应该不是新的炒流量手段，故拉上小伙伴，一起来围观\n事非且慢，对错稍后谈，怎地也得把这瓜吃完，把这闹剧猴戏看\n嗨呀~下饭！[doge],38715106,1572805375
鸩毒绝烈,呜呜呜，我之前没给宁评论，我不配做车车人,4816622,1572805095
来自遥远非洲的鸽子,不摸了 睡了睡了,262229374,1572804589
抗原大爷,两点了，123等着急了,6949741,1572804589
kettyic,真就学会点东西啥都想秀呗,12463149,1572804586
我刚刚用了6硬币,睡前插播一条广告：\n南航THO～东方天响录4～不出意外将会在明年春天举办，虽然是高校例会但欢迎所有车万人参加～PS  活动无需购买门票，学校也没有门禁（,8210975,1572804567
qqdde,干干干，安心吃瓜,7664075,1572804563
提琴超兽吉根,我打赌还会有下一个“说明一下”,311588633,1572804416
抗原大爷,啊   我   睡   了,6949741,1572804404
抗原大爷,当然，那些暴躁的东方众和披着东方众外皮的迫真网络暴民，我也求你们早日成熟。互联网的影响力终将变大，如果网络还这样子下去，不说东方，不说B站，啥都吃枣药丸,6949741,1572804331
提琴超兽吉根,建议诛晁错清君侧噢,311588633,1572804275
抗原大爷,11月4日时间2713条评论mark,6949741,1572804229
fcbater,雇佣兵欠我一个解释，我到现在还在被窝里,1762700,1572804211
抗原大爷,你说过不想当up的那个专栏，我看了，你知道为什么这一切让你痛苦吗？因为你不会处理矛盾，不会避开风口，不识时务。人生大忌啊！,6949741,1572804168
霧雨灵夢,恁不是说恁不想做up主了吗，恁不是说再见，bilibili吗，恁怎么还在呢,355905654,1572804022
芙兰朵露-斯卡-雷特,草,怎么都去睡了,大家都是一天课\n那我也去睡吧,⑨来到了聊天室,聊天室冷了下来,283269718,1572804015
抗原大爷,不要认为你的「正义会被所有人接受」，更何况这不是正义。,6949741,1572804012
神谕·灭世,公安@共青团中央 [画风突变],811068,1572803982
抗原大爷,另，期待咩你成长到对得起你那20多万粉丝的那一天，期待你成为一个成熟的人的那一天。网络尚且如此，社会上的人心更是如此。不是说你不够强大，而是不成熟的人往往都会头破血流。,6949741,1572803963
HUVA-8961,恶意删评，别以为我不知道，我在网络上，绝不会放过你,401896022,1572803938
kettyic,说实话，把自己的作品弄得让路人看不懂的样子，让别人以为你很厉害，就沾沾自喜，各种膨胀，可真让人可笑呢，这不就栽跟头了吗？,12463149,1572803891
抗原大爷,不冷静去喷人真的遭报应，舌头都溃疡了，我明天就停止活动专心做我的游戏和课题去了,6949741,1572803822
抗原大爷,我们睡了，你那里是下午两点，反省的好时候。好好反省，反省明白了做个成熟的明白人（虽然这不是一天两天能成的）,6949741,1572803688
幻梦樱璃,睡了一小会儿又失眠了，我真是嗨到爆了（陈伟脸），想厚颜无耻求点东方的纯音电音/摇滚，可有大佬赏赏脸,227868562,1572803648
我刚刚用了6硬币,还有放弃补作业要睡觉的吗,8210975,1572803631
幻想乡的武器A,我貌似抱着个手机不放了... 还是睡吧,430966500,1572803618
kettyic,https://www.zhihu.com/question/340242931/answer/787198434,12463149,1572803547
来自遥远非洲的鸽子,啊 两点了\n睡了睡了下周见\nps:如果真要建个什么群 记得给我留个地儿,262229374,1572803547
紫博麗靈夢,難不成你就是邏輯鬼才[黑洞],41004910,1572803541
幻想乡的武器A,我要见123了,430966500,1572803470
無名ハモニ,今早還有萬惡量子力學,暫且告辭,繼續做苦逼理科狗去了[蛆音娘_睡觉觉],36022677,1572803424
国际共产233,不早了，睡了，今天一整天的课，晚上再见[doge],36250680,1572803415
余九堂,两点了真得晚安了今天下午见,399574954,1572803389
幻想乡的武器A,这就是你分手的借口💃🏽💃🏽💃🏽,430966500,1572803319
efuious,今天的瓜先吃到这儿，感觉明天还有戏[滑稽]\n睡了睡了，狗命要紧,144096235,1572803317
神隐陌路,手机没电了，告辞，今早见,85504386,1572803300
料理NueNueDance,来点东方eurobeat[妙啊] av29728612,3877510,1572803243
抗原大爷,爱丽丝：东方众一共有600人，每个人一共有4个小号。\n鲍勃：你的计算错误。\n爱丽丝：什么错误了？\n鲍勃：东方众一共有600人。\n爱丽丝：是的。\n鲍勃：这里一共有2, 626条评论。\n爱丽丝：是的。\n鲍勃：所以东方众每个人有4.376666666666666666666个小号。\n爱丽丝：是的。\n鲍勃：你的计算错误。\n爱丽丝：我的计算错误。,6949741,1572803196
被无视的LR,晚安各位，明天还得去挂瓶子，感谢咩大佐在俺吊水的无聊期间提供了这么多乐趣[doge],13517814,1572803118
虚空来声,我睡觉力，今早满课(悲\n明中午回来恰瓜。,34360388,1572803058
神隐陌路,还是睡不着，明天高数作业不会做就麻烦各位了）,85504386,1572802792
境界花,明天继续吃瓜,13258021,1572802717
幻想乡的武器A,都是怎么入坑的呢（我绝对不是蓝蓝路入坑的 绝对）,430966500,1572802701
依神穷苑,你们啊，总是，能给我玩出点新花样.gif,143870111,1572802670
無名ハモニ,版聊sk[蛆音娘_卖萌]\n希望能遇見/被推薦一些國內的東方交響/室內/爵士大大(高人氣的諸如六月,林河,LYC,椛神,wddzyz,戰鬥男神,比利之類的已關注的就不必再推薦了)\n本人正在向校交響樂團申請東方交響演出位,如果順利的話明年秋天就能讓樂團在b站上投稿東方交響視頻了,因此正在廣泛收集交響/室內/爵士曲譜,希望有相關瞭解的車車人幫我一把[蛆音娘_偷看]\n(咦,我為什麼不去貼吧發呢(大霧)),36022677,1572802633
kettyic,就这公关能力……这情商……也是服了,12463149,1572802614
幻想乡的武器A,突然感觉我入东方就一直在经受大事件的洗礼 今年8月入的 鬼形兽发售没多久 然后东方出官游了 茨歌仙完结了 ba10周年了 出了一个很奇怪的官漫[惊讶],430966500,1572802532
清正廉明铃兔子,up给你点赞了~支持你~加油顶上去~,1800830,1572802512
申必壬Official,抗🐐账号统一战线，，，,441868519,1572802502
0钱奴0,草，怎么成车车人群聊室了,12947766,1572802487
神隐陌路,睡觉了睡觉了，明早高数课回来继续聊天,85504386,1572802461
冰狐墨言,米娜桑，我个潜水的睡了明天6点的课。中午在回来聊天。,37415686,1572802417
神隐陌路,分享うんちく商事的单曲《組曲「東方風神録」》,85504386,1572802415
灵鳥路空,你们还不睡么,177259080,1572802391
国际共产233,自荐一下我大号的收藏夹（x）@铃仙玖号,36250680,1572802384
幻想乡的武器A,恭喜你获得成就：在b站的动态里建立聊天群,430966500,1572802381
橙龙大叔,诶，不知道能不能给出数据处理的详细解释，不知道你这为啥要除sqrt（0.5），数据分析既没用总观看数来estimate，又没给出其它统计比例[小电视_发愁],34350719,1572802357
来自遥远非洲的鸽子,在期中考试前几天\n仍旧不紧不慢的摸鱼\n真是罪恶啊……,262229374,1572802348
国际共产233,不知不觉一点半了，大家准备几点睡觉啊[doge],36250680,1572802322
二百卌,发现宝藏！AV260282,11707348,1572802311
被无视的LR,森罗万象的かぜのいろ，这首真的贼喜欢，听完之后心情莫名轻松,13517814,1572802308
极皮生物RoadRoller哒,睡了，安（为防备雇佣兵提前入棺,96869707,1572802290
抗原大爷,明天的苯怎么收拾啊啊啊啊啊啊啊,6949741,1572802281
幻想乡的武器A,又冷群了,430966500,1572802259
Cirnoy,有没有人喜欢听回路这个团的（,1947484,1572802253
幻想乡的武器A,again？,430966500,1572802230
幻想乡的武器A,ssts,430966500,1572802218
幻想乡的武器A,sts,430966500,1572802215
幻想乡的武器A,got our pickaxe swing from,430966500,1572802166
幻想乡的武器A,so we back in the mine,430966500,1572802151
虚空来声,留下你的本命再走(？,34360388,1572802145
幻想乡的武器A,问题来了：碎月有多少首同人曲？,430966500,1572802117
猫车地灵殿专线,大家的本命曲都是哪首啊,24691129,1572802116
Cirnoy,越共根据地？,1947484,1572802111
被无视的LR,再来，豚乙女的恋の病 (路地裏ver)和べろべろべ，这两首我都很喜欢,13517814,1572802110
神隐陌路,WAVE，亡我郷、反魂蝶、その华开花すること能わず,85504386,1572802078
神隐陌路,啊啊啊，舍友呼噜声真的响,85504386,1572802013
被无视的LR,继续深夜安利，二婶子的萌曲，舞い降りた神の子,13517814,1572801991
DewIckol,感谢🐑大佐提供的版聊区，咩力给！,8457139,1572801989
幻想乡的武器A,群冷了,430966500,1572801987
抗原大爷,同时团结车车人、地底人、高富帅、一般通过逸民以及睿民甚至技术党的咩事鉴，太鉴了这！,6949741,1572801944
幻想乡的武器A,他不是高不高的问题 他真的是那种（接不下去了）,430966500,1572801924
大地联合者,有在四川西南边边头的车车众没(=・ω・=),20719924,1572801917
国际共产233,祭奠一下我牺牲的一个大号一个小号@铃仙玖号 @水仙玖号,36250680,1572801908
Drs-Latency,各位我明天还有课就不陪你们守夜版聊了，最后分享一下一点经历当睡前故事，为了混义工时舍友叫我加一个负责义工报名的人，结果我一加微信刚好最后一个名额没了，刚想删除好友时突然他猝不及防的问我是不是东方众，结果就神奇的突然就多了一个认识东方的同学，有时就是这么奇妙，车万人越共说成立，还有评论里广东的车万人应该很多吧，毕竟是中国第一车万人聚集地,36828603,1572801896
神隐陌路,完了完了，早上高数课，这下子没了啊,85504386,1572801883
幻想乡的武器A,你说的这个up 他技术力高吗,430966500,1572801878
被无视的LR,我也来推首歌，蓝妈的密封曲 胸の奥で咲き続ける花　，莫名有种老歌的感觉，之前循环了很久,13517814,1572801869
-葬花人笑痴-,继续版聊 不要停下来                                                   请注意万年备用伞有人喜欢吗？真的好听不火 配上卖萌的小伞超级棒,3994716,1572801864
余九堂,完了床上打滚半小时了，外面还有一只蚊子，我太难了,399574954,1572801809
国际共产233,音乐推完，老乡认完，搞点新话题,36250680,1572801808
幻想乡的武器A,你们最喜欢的道中曲是啥啊 我粉废狱和香肠,430966500,1572801760
神隐陌路,一个晚上把水群的时间都花这来了，我也是服了。\n废狱摇篮曲真的好听，我本命曲。,85504386,1572801664
最幸福的人-,我支持香港在地图上标明中国领土，你可以派你的雇佣兵来枪击我了。,390676334,1572801660
懒挞挞的银蛇,车万众过年的即视感,132935710,1572801634
pg27686979,感觉喜欢蓝大人的好少，每年投票排名都在下降（抱尾巴）,37794516,1572801567
幻想乡的武器A,有什么做的视频质量好但是没多少人关注的东方up吗,430966500,1572801483
芙兰朵露-斯卡-雷特,大家都认老乡我也来(\n有无安徽芜湖的,蛮夷之地的车车人孤单寂寞冷[大哭][大哭][大哭],283269718,1572801437
国际共产233,这条动态让我感受到了华灯宴的气氛（x）,36250680,1572801424
神隐陌路,来找西安的车万人，顺便推一下AQUA STYLE的那首 そして、続く世界へ (廃獄ララバイ）,85504386,1572801418
wizardmin,b站等级不够的东方众惨遭大统领开除东方籍,2189569,1572801385
两只狸猫在飞,作为研究生，在网上散谣言、引战、两面三刀，还想把更多圈的人拉入网络战场，真的不觉得羞耻吗？→_→\n（我只想你冷静想一想，当然看你这样是不会觉得自己错了的）,11286009,1572801373
猫车地灵殿专线,Logical emotion很不错啊，强烈推荐,24691129,1572801354
张丶郅丶睿,咩 人 1 3,34257342,1572801307
来自遥远非洲的鸽子,同找老乡\n有郑州的车万人吗,262229374,1572801305
依神穷苑,无内鬼，推点车万纯音Dreamer×Dreamer，inner trip (Starless Night Remix)，re，TIME LINE,143870111,1572801303
Drs-Latency,顺便推荐几个很喜欢秘封的社团：tumeneco（冷猫），get in the ring，梶迫小道具店，四面楚歌（秘封小说），话说还有吗，很多社团我还不太了解,36828603,1572801298
神隐陌路,话说快要4个车万的评论数了,85504386,1572801266
国际共产233,认个老乡，有江苏的车万人吗[滑稽],36250680,1572801226
阿猝零号,大佐好，大佐这波炒作实力非凡。,1894800,1572801190
sdsdex1,他很幸运，这么些个评论都是456级的人发的。他也很不幸，这么些个评论，没有一条护着他。,142757781,1572801175
神隐陌路,钢琴曲的话推荐As/Hi的，特别是那首slm一面道中曲，非常推荐,85504386,1572801168
爱自爆的红魔馆,5小时2000多评论，这就是力量（错乱,209909009,1572801134
河底的沙石,《600越共大战24万僵尸》\nb级大片？,154329435,1572801092
無名ハモニ,迫真版聊現場(狂喜)\n看看有沒有合肥的東方眾[蛆音娘_卖萌]\n順便為悄咪咪為俺同學做的同人桌遊幕雨打個小廣告(可見我9-26的動態)\n我不會被打吧(雖然不知道是啥結果,但我還是先在這兒抱頭蹲防吧)[蛆音娘_滑稽],36022677,1572801087
国际共产233,无内鬼，推点原曲:萃梦想版的夜幕降临，比起死亡幻想曲，我认为更贴切紫的一首,36250680,1572801086
极皮生物RoadRoller哒,继续品茶〈🍵,96869707,1572801008
依神穷苑,我来推销魂音泉辣[doge],143870111,1572801000
Renault_Official,车万热度蹭饱了，反手给车万人扣几顶帽子，我觉得你得庆幸你得罪的只是车万人，换个暴躁点的团体怕是现在人都没了吧,2407523,1572800943
Drs-Latency,说到歌曲再来首凋叶棕的《幻想浪漫綺行 》，特殊在于有两首，而两首冷饭之间隔了10年时间，两首放在一起听会有种莫名的感动吧，不知不觉东方就又走过了10年,36828603,1572800855
神隐陌路,顺便推針の音樂，编曲真的好,85504386,1572800840
十夜さま,雇佣兵还没到位吗,6940461,1572800830
崩坏3萌新hhh,晓的I Sing A Love Song For You很不错，stack依然很萌（￣▽￣）,185638068,1572800797
抗原大爷,我佛了，我一个很冷静的车万老骨头都开始乐咩了，这就是你的人格魅力吧,6949741,1572800717
国际共产233,秘封天下第一[大笑],36250680,1572800701
芙兰朵露-斯卡-雷特,虽然我很不忍心打破但是2333评论数我截图力,283269718,1572800680
游荡的骑士,Yonder Voice的type luar相当不错的，百灵姐的声音一如既往的好听,3928726,1572800633
無名ハモニ,睡前同人曲?Everfades的 天空の悲恋歌 [蛆音娘_卖萌]挺喜歡的(順帶一提其他曲子也都很棒的說呢),36022677,1572800592
隔夜大葱,雇佣兵还没到位吗[滑稽],364211,1572800585
神隐陌路,对了，keyMusic真的不错，那个东方见闻录系列专辑挺好的,85504386,1572800580
Drs-Latency,再来一首豚yi女的《幻想のサテライト》，好像上海tho的live这首歌提起了全场气氛，虽然没去，这首歌开头有点诡异，半夜听差点吓了我一跳,36828603,1572800562
来自遥远非洲的鸽子,版聊\n引战×3\n你们喜欢吃酱油拌饭还是番茄沙司拌饭,262229374,1572800556
夕月朝阳,明天看看评论还剩多少,85955748,1572800518
無名ハモニ,r(咩視頻,BA)≈1\nr(咩視頻,東方)≈0\n→r(BA,東方)≈0(×)\nVar(東方)→+∞(✓)(東方無處不在)(深度錯亂),36022677,1572800456
恋恋的帽子朋友,迫真道歉继续删评？能不能有点诚意,8858575,1572800427
虚空来声,推荐晓R的月见草啊，好听到爆,34360388,1572800405
無名ハモニ,同志們小心!我剛在阿德莫斯商會,目睹了一起慘絕人寰的雇傭兵槍擊案,死者行為怪異且停不下來,我懷疑就是這位帶惡人UP幹的,大家小心點啊[蛆音娘_摇头],36022677,1572800389
神隐陌路,求推点啥适合睡前听的同人曲）,85504386,1572800369
余九堂,草咩桑居然上榜了，虽然是掉粉最多\n加大力度,399574954,1572800369
独孤丞太康,真的要睡觉了，一周后看看事态发展。,288355728,1572800300
余九堂,我明白了，白天是对线，晚上就是超多人的在线聊天，比qq群还热闹,399574954,1572800224
Fexsi,我谔谔，，，，，，，，，，，，,25347387,1572800216
神隐陌路,有首墨染樱同人曲“樱花 木花咲夜姬”不错的，推荐,85504386,1572800182
Antiariss,避重就轻，挤牙膏，无中生友。D区,8764092,1572800121
逍遥梵,大家有空歇歇把 又快过年了 开始准备晚会了[doge],26187334,1572800120
虚假的脊髓,停，停！咔嗬，停！停啊啊啊啊啊啊嗬嗬嗬嗬嗬嗬嗬嗬……啊啊啊啊啊啊啊啊啊啊啊啊！[大笑],7932630,1572800050
Drs-Latency,强力推荐自心绮楼及以后的ftg的角色bgm，真的一个比一个要带感，听了就有种热血的感觉，尤其推荐cool&amp;create的狂气の瞳，一听抖腿完全停不下来,36828603,1572800043
来自遥远非洲的鸽子,版聊\n引战×2\n你们喜欢可口可乐还是百事可乐,262229374,1572799931
我永远爱里苏特_jpg,我去煮点吃的   一会回,7842445,1572799692
余九堂,Dreamy Noise feat. ゆうかなで\n每次睡觉的时候都听这个，原因是我有一次写作业听着听着差点真睡着··,399574954,1572799669
抗原大爷,你看看，现在，一般通过，东方众，ut厨，jo厨，gfs，全都团结起来怼你了，这是他们所有人都错了？,6949741,1572799659
极皮生物RoadRoller哒,这雇佣兵是还在海里游泳吗？我还可以活多少天啊？,96869707,1572799647
神隐陌路,现在的问题不是说你为了“badapple属于东方”而道歉，而是你应该为你的其他言论负责。\n这个不是“为其他评论道歉”一句话说明一下就可以解决的问题，在这个回答中我们真的很难看到诚意，再加上你的这则动态，真的令人感到迷惑，而且非常恼火。\n为你之前的言论，特别是那几则已经删掉的动态道歉，我们绝大多数人肯定会停止的。\n我相信您应该记得自己说过什么话。,85504386,1572799582
Square_01,从你做的继电器badapple开始关注你的，现在你变成这个样子真的感觉心情复杂……,77397028,1572799552
我永远爱里苏特_jpg,雇佣兵还没到位?,7842445,1572799548
苍月云影,划重点，请问为什么你不知道bad apple是东方的还要找东方大佬宣传呢？,16846322,1572799542
余九堂,草，漏了几个管理整的好活\n咩酱本身没做错为什么要道歉，奇了怪了\n这个管理到底是谁我都不在意了，他要是说我的真实身份其实是奥特曼我都不觉得奇怪了,399574954,1572799466
犹狩,你們就是600人，因為我這樣分析了。\n你這是唯物還是唯心,9812876,1572799435
Drs-Latency,再推荐一首《メイドノココロハ アヤツリドール》，ayo那种萌萌的唱法太撩我了，森罗万象真的有很多好歌啊_(:з」∠)_,36828603,1572799410
还愿的耀尘,雇佣兵还没到位，我先苟一下[doge],81237099,1572799338
32066888727_bili,👴睡了，等着你明天又双叒叕一次的“说明一下”,334539911,1572799332
虚空来声,版聊。\n\n京津冀tho啥时候办啊,34360388,1572799301
山内櫻良,你搁着想把泥巴洗干净？,8037567,1572799233
独孤丞太康,👴先睡了，你怕不是连苻坚的1.14115%都步入哟。\n看看接下来你会怎么面对这场淝 水 之 战？[大笑][偷笑],288355728,1572799203
极皮生物RoadRoller哒,自带更新的版聊动态（喝茶🍵,96869707,1572799170
神隐陌路,有些东西还是得“说明一下”，比如说之前的动态？,85504386,1572799110
来自遥远非洲的鸽子,来版聊\n你们喜欢吃甜豆腐脑还是咸豆腐脑[doge],262229374,1572799100
幻想乡的武器A,你说再多也没用 我只需要个道歉 删评只会让更多人愤怒,430966500,1572799070
虚空来声,来版聊。\n有不死组同好吗,34360388,1572799014
叶修我可以,你改悔罢,37261615,1572798980
我永远爱里苏特_jpg,加油，咩里给！,7842445,1572798968
独孤丞太康,雇 佣 兵来袭。,288355728,1572798934
32066888727_bili,技术大佬咋害搁着跟600人自娱自乐的小圈子说明呢？,334539911,1572798903
猫车地灵殿专线,能不能解释一下你和所谓的“管理员”那些奇妙的发言以及你给大伙扣精ri帽子的事？与其告诉我们你是怎么得出“600人”这种离谱的数据的过程，谈谈一些更关键的事情会不会更好一点？避重就轻属实不可取。,24691129,1572798891
szfhsxr,不过是一个600人的小圈子，连up影响力的1.145141919%都不及，为什么能够如此嚣张?占b站这么大版面，b站还怎么作为盈利视频网站生存?加油up，搞垮东方我挺你,11619405,1572798861
Drs-Latency,各位也该消消气吧，不如一起版聊，我推荐一首歌：三妖精SAY YA!!!  特别可爱的三月精的歌曲，十分带感,36828603,1572798748
国际共产233,还有黑名单该放了罢，我一个大号一个小号都想和你聊聊呢。,36250680,1572798726
独孤丞太康,看看你现在的处境，做什么挣扎呢？\n19年是我东方入坑之年，没想到你就给👴整了个“东方年度笑话”，把👴整笑了。\n送你一句：\n*On day like this, ZHAZHA like you.\n*…\n*Should be BURNING in the HELL !,288355728,1572798696
国际共产233,你自己删了些什么动态自己应该心知肚明罢，要知道很多人是在你发了那几条动态之后才赶过来的。,36250680,1572798649
32066888727_bili,真就两面三刀呗？\n假装道歉反手删评\n说明一下，说明两下\n建议宁还是直接让宁的雇佣兵来吧？别脏了宁米国留学的手,334539911,1572798625
来自遥远非洲的鸽子,或者明天可以看到新版聊区,262229374,1572798552
up牛b,说明一下（指智商下限）,197695353,1572798519
来自遥远非洲的鸽子,准备睡觉 希望明天早上看到这条动态还在吧,262229374,1572798505
国际共产233,还有你那谔谔管理趁早t了罢，迟早惹火烧身,36250680,1572798484
psalms46,希望在四东前能看到说明四下,13061094,1572798469
懒挞挞的银蛇,自曝短处\n自断后路\n自掘坟墓\n自知之谜,132935710,1572798447
余九堂,咩桑，这次真的要睡了，祝我明天再看到这个评论不会有删减吧\n先记下数量：2110,399574954,1572798412
国际共产233,首先恭喜你明白了你犯下错误中的一个，那么什么时候能为你扣jr帽子的言论道歉呢？,36250680,1572798399
虚空来声,来版聊。\n@不穿PAD的16 华灯宴之前就开始准备了好像，橙舞之类的(儿童邪典工坊也是,34360388,1572798352
Pedix_Vinnd,睡前再说一句，就你这弱潪得不行的统计我们都不用反驳的，你自己去BA原版av706，跪下，给技术力和播放量磕个头。,433351698,1572798292
Uncle_Dragon_,删羊13，删除你自己，，，,477124222,1572798238
Yuina_BingGan,刚打完爱国牌还艾特完共青团中央发现人家不理你，现在又来打可怜牌了？\n你现在知道当初只是件小事了？为什么小事会闹现在这么大你心里没数吗？还指望拿小事开涮呢？把你后面的言行该解释解释该道歉道歉，你要想一直这么吊着，600车万人可有的是时间陪你耗，毕竟我们等一集奥运番都能等4年，多少年是从十几岁追到二三十岁的，你要是觉得时间能摆平这件事那可就有的玩了,9142549,1572798212
不穿PAD的16,zaima，华灯宴貌似开始准备工作了,14970822,1572798128
Pedix_Vinnd,还什么说明说明，你以为自己还说得明吗？越描越黑知道什么意思吗？现在的局势已经不只是东方的问题了，现在是什么人都在看你笑话，看你狗急跳墙，看你黔驴技穷，众乐乐岂不美哉？,433351698,1572798105
万恶的大当家,咩带佐 早点睡 别伤着身子🐏🐏🐏,8549831,1572798066
纳米级反物质轨道炮,小小越共不输🐑🐑,30784503,1572798011
奈桥盼君兮,差点达不到东方众最低标准,160901071,1572798002
32066888727_bili,评论的所有人就代表东方的所有人，我得说我要是你的数学老师非打死你不可,334539911,1572797995
极皮生物RoadRoller哒,大脑一热，什么事都结束了（佛了，真就最后剩下的几张好牌都给他打烂,96869707,1572797951
帕奇利兹パチリス,十二点了也看累了，这瓜先养着明天再恰，看看咩大佐还能给大家带来什么新乐子,11569451,1572797919
32066888727_bili,说明一下，说明两下，说明三下，你是想说明几下呢？还是你的脑子不太理解说明是什么意思？,334539911,1572797893
万年八雪持TomoRue,你如今几乎要气死你的父母知道吗?人伤人之后怎么还能高兴得起来?现在你看看等着你的是什么?天空是什么颜色?\n人和人必须相互充满爱，\n你对你的亲人不充满爱也是不行的。现在你的人生才刚刚开始，\n从今日开始你想变成什么样的大人呢?\n我希望你能够成为不伤害人而能够帮助人的人，20年后期待与你再会。,12927584,1572797875
Pedix_Vinnd,行，我们是想好好解决问题，你自己非要往悬崖下面跳，我们既然抑制不了那就只好催化了。你现在到底干的什么事你自己能不能有点脑子？,433351698,1572797852
天启Hammer对空,加油！奥利给！（指睡觉）,14638301,1572797845
秋帳含此明月光,行了行了大家准备迎接华灯宴吧，回家过年啦,22788538,1572797832
贫乏的努力家,这二十四万阴兵也是够可以,25308626,1572797757
极皮生物RoadRoller哒,操作一点比一点窒息，你这不是给自己掘坟么[无语],96869707,1572797725
Pedix_Vinnd,一开始谁不想好好讲道理解决问题？现在造成这种局面的全是你，你自己不明白？,433351698,1572797657
Yuina_BingGan,先把精曰这个扣帽子解释一下再说别的，本来事情屁大点，为什么会发展成现在这样你心里没数吗？是因为你转移话题说的那些问题吗,9142549,1572797650
我永远爱里苏特_jpg,加油，奥咩给！,7842445,1572797641
恋恋的帽子朋友,I can`t imagine,8858575,1572797489
Pedix_Vinnd,你的每一次发言都在向我们展示你智商的最新下限,433351698,1572797485
懒挞挞的银蛇,你继续这个态度，以后烂钱还怎么恰呢？好好寻思一下吧兄弟,132935710,1572797385
Drs-Latency,其实我到底是精曰还是cia特工，up好歹给个说法啊，我还挺想体验一把cia的生活呢,36828603,1572797358
钢铁毁灭者,恭喜咩大佐成为昨日掉粉第一人，今天也加把劲好不好啊？,100004420,1572797333
Kishin-Sagume,都屏蔽了？\n我不介意复制一遍，你就拿这数据来糊弄人？就这种道歉，隐人耳目，混淆视听，模棱两可，我个人不接受这样的道歉，别问什么我算哪颗葱，至少比某些现在都只敢在群里作妖的雇佣军骑士团来的光明磊落！\r\r后排再补充一下，本来，这也就是一个动态几张图片就能解决了的事，现在，又是妖言惑众又是危言恫吓，还有威逼利诱，自己的一手好牌全给打散，如今仅凭几张图片几句话还有那脚本机器人就想博得四路联军的原谅，太嫩了，你以为我们都可欺不成？\r\r真要道歉，首先把所有给你宣传过视频的大手子，萌新，还有曾经为你辩护但转移阵营的粉丝，单开一贴，挨个艾特过来道歉\r\r关于所谓雇佣兵，请把你群里面那几个兴风作浪的妖拉出来，是骡子是马拉出来溜溜，别让他一天到晚张飞卖肉，光说不做，假把式。\r\r你要证明自己有真才实学，好，把脚本开源，不删一个字节公开出来。\r\r把所有因你而中枪身亡被封禁或拉黑的用户全部解禁。\r\r但我知道你根本做不到，因为你还在删评，哪怕你现在跳出来说一句发了动态忘了关机器人，误删了，那也可以。真真是可笑之至,26094032,1572797312
伟大的玩家,两面三刀，阴险虚伪→_→,15476867,1572797295
up牛b,http://tieba.baidu.com/p/6322373975?share=9105&amp;fr=share&amp;see_lz=0&amp;sfc=copy&amp;client_type=2&amp;client_version=10.3.8.12&amp;st=1572797233&amp;unique=C0E27214F481FC245E89169F19336CF7\n整点咩带佐笑话,197695353,1572797271
鲁娜_斯卡雷特,各位东方众注意：我们为自己的账号着想，同时也给路人留个好印象，请理智回怼（理智分析+质疑），不要发骂贴。这货绝对在伺机截过激车万人的言论图，然后再来一次（恶意）舆论传播 ，继续装可怜。\n转自\n@独孤丞太康,125119365,1572797182
black丷T,有一说一，这发言像个nc,17449000,1572797172
逐星_人形,实话实说，我们只是觉得被你冒犯了才来跟你交涉，但你那个qq群管理是真的想让你死。麻烦你好好想想该怎么道歉，以及到底是谁在害你[嫌弃],14537762,1572797026
深夜12点半,帮发。\n咩2016两面三刀、避重就轻、歪曲事实、控制评论不是一次两次了，他曾在塞尔达区发布大量无意义视频，其中一期视频（av61441420）简介有误被人指出后，咩2016本着“出了问题就解决提出问题的人”这一精神，对提出问题的@丶倾_墨 进行抹黑，并发动粉丝进行大规模人身攻击（包括但不限于视频评论和动态），以下是大概时间线：\n\n事端缘由（倾墨原动态）：https://t.bilibili.com/287530987973846511?tab=2\n明面上想停火实则拉黑倾墨空气交流：https://t.bilibili.com/287571824523075201?tab=2\n洗白盗版游戏：https://t.bilibili.com/287607064734052945?tab=2\n造谣“倾墨指使粉丝举报视频”：https://t.bilibili.com/287743666163794522?tab=2\n发动粉丝进行人身攻击1：https://t.bilibili.com/287750997672983776?tab=2\n发动粉丝进行人身攻击2：https://t.bilibili.com/289079594269565155?tab=2\n歪曲事实避重就轻无中生有+抹黑倾墨的专栏：https://www.bilibili.com/read/cv3335143\n抹黑倾墨+洗白游玩盗版游戏2：https://t.bilibili.com/291874295128380162?tab=2\n抹黑倾墨+洗白游玩盗版游戏1：https://t.bilibili.com/291839248196201877?tab=2\n选择性截图：https://t.bilibili.com/293970763155533886?tab=2\n动态挂人：https://t.bilibili.com/291663244732195456?tab=2\n\n看到如今咩2016这般落魄的模样，我只想说，你现在所经历的，不就是你的粉丝两个半月之前对倾墨所作的事吗？大谈特谈“霸凌主义”，你又何尝不是在霸凌他人呢？\n转发自@9鲁诺9巴纳 \n各位东方众注意：我们为自己的账号着想，同时也给路人留个好印象，请理智回怼（理智分析+质疑），不要发骂贴。这货绝对在伺机截过激车万人的言论图，然后再来一次\n转自@独孤丞太郎,48226007,1572796973
余九堂,第二天了，咩桑还没任何消息，而我也失眠了，草,399574954,1572796973
9鲁诺9巴纳,各位东方众注意：我们为自己的账号着想，同时也给路人留个好印象，请理智回怼（理智分析+质疑），不要发骂贴。这货绝对在伺机截过激车万人的言论图，然后再来一次（恶意）舆论传播 ，继续装可怜。\n转自\n@独孤丞太康,436342605,1572796959
チェックメイと,哦我倒是很好奇，待你道歉了，风波过了，我们撤走了。\n你的评论区还剩多少人？,44986290,1572796915
极皮生物RoadRoller哒,创造历史新纪元的伟人（,96869707,1572796906
天堂与地狱666,革命尚未成功，同志仍需努力，各位，加油，奥利给！,177734373,1572796805
幻梦樱璃,没有任何晓团体能在咩太君道歉分析之前击溃咩卫兵[doge],227868562,1572796737
懒挞挞的银蛇,把你群睿智管理给大伙交了,132935710,1572796729
极皮生物RoadRoller哒,快2016了，脚本开了没？,96869707,1572796689
深夜12点半,帮发。\n\n咩2016两面三刀、避重就轻、歪曲事实、控制评论不是一次两次了，他曾在塞尔达区发布大量无意义视频，其中一期视频（av61441420）简介有误被人指出后，咩2016本着“出了问题就解决提出问题的人”这一精神，对提出问题的@丶倾_墨 进行抹黑，并发动粉丝进行大规模人身攻击（包括但不限于视频评论和动态），以下是大概时间线：\n\n事端缘由（倾墨原动态）：https://t.bilibili.com/287530987973846511?tab=2\n明面上想停火实则拉黑倾墨空气交流：https://t.bilibili.com/287571824523075201?tab=2\n洗白盗版游戏：https://t.bilibili.com/287607064734052945?tab=2\n造谣“倾墨指使粉丝举报视频”：https://t.bilibili.com/287743666163794522?tab=2\n发动粉丝进行人身攻击1：https://t.bilibili.com/287750997672983776?tab=2\n发动粉丝进行人身攻击2：https://t.bilibili.com/289079594269565155?tab=2\n歪曲事实避重就轻无中生有+抹黑倾墨的专栏：https://www.bilibili.com/read/cv3335143\n抹黑倾墨+洗白游玩盗版游戏2：https://t.bilibili.com/291874295128380162?tab=2\n抹黑倾墨+洗白游玩盗版游戏1：https://t.bilibili.com/291839248196201877?tab=2\n选择性截图：https://t.bilibili.com/293970763155533886?tab=2\n动态挂人：https://t.bilibili.com/291663244732195456?tab=2\n\n看到如今咩2016这般落魄的模样，我只想说，你现在所经历的，不就是你的粉丝两个半月之前对倾墨所作的事吗？大谈特谈“霸凌主义”，你又何尝不是在霸凌他人呢？\n转发自@9鲁诺9巴纳 \n各位东方众注意：我们为自己的账号着想，同时也给路人留个好印象，请理智回怼（理智分析+质疑），不要发骂贴。这货绝对在伺机截过激车万人的言论图，然后再来一次,48226007,1572796686
チェックメイと,你B站唯一的号发的所谓过激已经被你删了剩下的过激言论都是假号发的假装自己其实什么都没有说的你是憨的吗,44986290,1572796665
高天原的观测者蕾琪尔,要道歉前请先把说过的话全部吐出来并一一解释清楚，别以为随便敷衍几句就当无事发生,15853247,1572796654
王door传人,我和2035（指评论数）有个约，，，,201402424,1572796653
懒挞挞的银蛇,我建议你先把你群的迫真极道管理给处置了比较好，其口嗨水平可以与大忽悠相比了\n社工出道，美利坚雇佣兵，辱骂车万众，CIA特务，你群这种管理还留着？你是把这猪队友留着过年缓解猪肉涨价呢？还是说这是你的小号自演？PS：复制,132935710,1572796619
极皮生物RoadRoller哒,喝茶（🍵静待咩桑下一步动作,96869707,1572796605
天堂与地狱666,人 类 迷 惑 行 为 大 赏,177734373,1572796599
万恶的大当家,咩带佐 能不能管管您的黑屁群力阴阳人的睿智发言？,8549831,1572796597
柯柯缇雅,真恶心，口区,9948629,1572796575
Neon_Official,帮发。\n\n咩2016两面三刀、避重就轻、歪曲事实、控制评论不是一次两次了，他曾在塞尔达区发布大量无意义视频，其中一期视频（av61441420）简介有误被人指出后，咩2016本着“出了问题就解决提出问题的人”这一精神，对提出问题的@丶倾_墨 进行抹黑，并发动粉丝进行大规模人身攻击（包括但不限于视频评论和动态），以下是大概时间线：\n\n事端缘由（倾墨原动态）：https://t.bilibili.com/287530987973846511?tab=2\n明面上想停火实则拉黑倾墨空气交流：https://t.bilibili.com/287571824523075201?tab=2\n洗白盗版游戏：https://t.bilibili.com/287607064734052945?tab=2\n造谣“倾墨指使粉丝举报视频”：https://t.bilibili.com/287743666163794522?tab=2\n发动粉丝进行人身攻击1：https://t.bilibili.com/287750997672983776?tab=2\n发动粉丝进行人身攻击2：https://t.bilibili.com/289079594269565155?tab=2\n歪曲事实避重就轻无中生有+抹黑倾墨的专栏：https://www.bilibili.com/read/cv3335143\n抹黑倾墨+洗白游玩盗版游戏2：https://t.bilibili.com/291874295128380162?tab=2\n抹黑倾墨+洗白游玩盗版游戏1：https://t.bilibili.com/291839248196201877?tab=2\n选择性截图：https://t.bilibili.com/293970763155533886?tab=2\n动态挂人：https://t.bilibili.com/291663244732195456?tab=2\n\n看到如今咩2016这般落魄的模样，我只想说，你现在所经历的，不就是你的粉丝两个半月之前对倾墨所作的事吗？大谈特谈“霸凌主义”，你又何尝不是在霸凌他人呢？\n转发自@9鲁诺9巴纳 \n删掉你就什么都不是,415527421,1572796549
深夜12点半,精日来见识脚本删评了[画风突变],48226007,1572796532
鴉鴉鴉鴉鴉鴉儿,破2000留念,382165082,1572796521
独孤丞太康,帮发。\n\n咩2016两面三刀、避重就轻、歪曲事实、控制评论不是一次两次了，他曾在塞尔达区发布大量无意义视频，其中一期视频（av61441420）简介有误被人指出后，咩2016本着“出了问题就解决提出问题的人”这一精神，对提出问题的@丶倾_墨 进行抹黑，并发动粉丝进行大规模人身攻击（包括但不限于视频评论和动态），以下是大概时间线：\n\n事端缘由（倾墨原动态）：https://t.bilibili.com/287530987973846511?tab=2\n明面上想停火实则拉黑倾墨空气交流：https://t.bilibili.com/287571824523075201?tab=2\n洗白盗版游戏：https://t.bilibili.com/287607064734052945?tab=2\n造谣“倾墨指使粉丝举报视频”：https://t.bilibili.com/287743666163794522?tab=2\n发动粉丝进行人身攻击1：https://t.bilibili.com/287750997672983776?tab=2\n发动粉丝进行人身攻击2：https://t.bilibili.com/289079594269565155?tab=2\n歪曲事实避重就轻无中生有+抹黑倾墨的专栏：https://www.bilibili.com/read/cv3335143\n抹黑倾墨+洗白游玩盗版游戏2：https://t.bilibili.com/291874295128380162?tab=2\n抹黑倾墨+洗白游玩盗版游戏1：https://t.bilibili.com/291839248196201877?tab=2\n选择性截图：https://t.bilibili.com/293970763155533886?tab=2\n动态挂人：https://t.bilibili.com/291663244732195456?tab=2\n\n看到如今咩2016这般落魄的模样，我只想说，你现在所经历的，不就是你的粉丝两个半月之前对倾墨所作的事吗？大谈特谈“霸凌主义”，你又何尝不是在霸凌他人呢？\n转发自@9鲁诺9巴纳 \n删掉你就什么都不是,288355728,1572796521
鴉鴉鴉鴉鴉鴉儿,各位东方众注意：我们为自己的账号着想，同时也给路人留个好印象，请理智回怼（理智分析+质疑），不要发骂贴。这货绝对在伺机截过激车万人的言论图，然后再来一次（恶意）舆论传播 ，继续装可怜。\n转自\n@独孤丞太康,382165082,1572796512
佐佐木琪露诺,话说关于“理智辩论”的也在刷呐\n总觉得会变成戊戌六百君子,107042878,1572796511
563641,各位东方众注意：我们为自己的账号着想，同时也给路人留个好印象，请理智回怼（理智分析+质疑），不要发骂贴。这货绝对在伺机截过激车万人的言论图，然后再来一次（恶意）舆论传播 ，继续装可怜。\n转自\n@独孤丞太康,8019129,1572796503
吉diao八千慧,各位东方众注意：我们为自己的账号着想，同时也给路人留个好印象，请理智回怼（理智分析+质疑），不要发骂贴。这货绝对在伺机截过激车万人的言论图，然后再来一次（恶意）舆论传播 ，继续装可怜。\n转自\n@独孤丞太康,34638388,1572796488
王door传人,准备破两千,201402424,1572796473
聪明强大的琪露诺酱,说你敢说不敢当就删我评论?害有脸搁这说明呢?要不是不想掉了东方众的面子你评论区早就飞ma了知道吗弟弟?,12070284,1572796444
我的工业2,马上破两千，别样的指责大赛进入新的高潮,3749614,1572796443
SQwatermark,请各位理智回帖，不要为这种人降低自己的格调，说话阴阳怪气不能解决问题，反而会给路人留下恶劣的印象。,11621025,1572796409
独孤丞太康,你知道为什么“中国东方众只有600人”是无稽之谈么？[阴险]\n好，我用我的方法分析。[奸笑]\n在中国，东方有线下活动，一般在一二线城市举办。一线城市4个，二线城市数目远大于2个，纯路人基本上不会参加线下活动（意味着参加线下活动的都是东方众），而且线下活动的参与人数最保守估计200人以上。[抠鼻]\n所以综合一算，人数起码以千人为单位，跟班就不是所谓的600人，这只是粗略估计，实际人数比这还要多。[调皮][阴险][偷笑][捂脸]\n还有，你的分析明显给车万人分层，这很明显是侮辱人格。ヽ(`Д´)ﾉ →_→\n不单单是东方⭕，你可把acg⭕的绝大多数人都得罪了一遍，你可真NB。 [抠鼻]\n转自\n@独孤丞太康,288355728,1572796386
下北泽迁徒事务所,在？为什么钦定我反华？,15814621,1572796306
极皮生物RoadRoller哒,各位东方众注意：我们为自己的账号着想，同时也给路人留个好印象，请理智回怼（理智分析+质疑），不要发骂贴。这货绝对在伺机截过激车万人的言论图，然后再来一次（恶意）舆论传播 ，继续装可怜。\n转自\n@独孤丞太康,96869707,1572796285
Neon_Official,各位东方众注意：我们为自己的账号着想，同时也给路人留个好印象，请理智回怼（理智分析+质疑），不要发骂贴。这货绝对在伺机截过激车万人的言论图，然后再来一次（恶意）舆论传播 ，继续装可怜。\n转自\n@独孤丞太康,415527421,1572796277
路过的白夜叉,各位东方众注意：我们为自己的账号着想，同时也给路人留个好印象，请理智回怼（理智分析+质疑），不要发骂贴。这货绝对在伺机截过激车万人的言论图，然后再来一次（恶意）舆论传播 ，继续装可怜。\n转自\n@独孤丞太康,35313047,1572796276
蓝琉32767,各位东方众注意：我们为自己的账号着想，同时也给路人留个好印象，请理智回怼（理智分析+质疑），不要发骂贴。这货绝对在伺机截过激车万人的言论图，然后再来一次（恶意）舆论传播 ，继续装可怜。\n转自\n@独孤丞太康,13932031,1572796128
极皮生物RoadRoller哒,说明亿下都没用了，归根到底是自己作，各种扣帽、各种删评，这还像是道歉应有的态度？,96869707,1572796096
发新人,恁个five为何还不回应？还是觉得自己作为技术宅精英已经尽到了道歉的义务？,38015492,1572796048
我永远爱里苏特_jpg,咩酱没错为什么要道歉.jpg\n爷吐了,7842445,1572796027
Z员外,咩酱没错为什么要道歉.jpg,11593589,1572795947
魏姜来,车 万 六 百 勇 士 血 战 传 奇,278071294,1572795916
吉diao八千慧,“ 说 明 一 下 ”,34638388,1572795907
Bg2h9rnsJ,真谢谢宁让东方吧难得统一了一回,372362315,1572795862
7くん,凡不符合你的利益的人全是境外势力？,6572791,1572795836
一条两条归桥,管理员真的不是你本人吗wwwww,11357435,1572795717
小马就是正义,围观群众吃瓜中[吃瓜],7811214,1572795705
战术大妖精,请大家保持冷静，注意用语文明，我相信咩已经意识到了自己的错误，请不要把这次声讨行为衍变成为实打实的网络暴力。,4308196,1572795688
极皮生物RoadRoller哒,还真就脚本定时运行啊,96869707,1572795670
地灵殿万能小管家,还删呢您，枪支威胁我们普渡OSRR走一波？,22686220,1572795531
阴影中的w小k,[小电视_好怒啊]不想道歉就直说!,33018368,1572795530
独孤丞太康,各位东方众注意：我们为自己的账号着想，同时也给路人留个好印象，请理智回怼（理智分析+质疑），不要发骂贴。这货绝对在伺机截过激车万人的言论图，然后再来一次（恶意）舆论传播 ，继续装可怜。\n转自\n@独孤丞太康,288355728,1572795483
1997垚,还有  恁不是说东方吧里的真东方众只有600人吗 怎么又扯上你那镇站之宝评论区了？,10111026,1572795452
王door传人,守护我们最好的咩咩！！！冲鸭！！5毛一条，括号删除,201402424,1572795381
银庭住民,能把平日里被称作越共，淡定佛系的东方众逼到这份儿上，宁还真是有一手。啥都不说了，乖乖道歉，道完歉咱们井水不犯河水，本来都懒得理你，可你自己非要跳出来作死碍眼，车车人虽然佛系，但也不是好欺负的。,335069700,1572795327
莉莉_white,你这态度真让人不爽,6860597,1572795302
我永远爱里苏特_jpg,守护我们最好的咩咩！！！冲鸭！！(5毛一条，括号内删除),7842445,1572795276
幻想乡房地产公司,这里的评论你会删几条呢[微笑],80426509,1572795265
魔方迷途猫,那个黄碌碌轩电脑专用账号很久前就是这么圣母啦https://www.zhihu.com/question/49811931/answer/564196539,8369404,1572795265
有点意思？,就没想过会认真道歉[偷笑]来吧，还能扣几顶帽子,27071066,1572795213
猫耳的博丽灵梦,笑死我了，600人，别闹了你,31101719,1572795142
吉姬-豆豆-豆你玩,都睡觉吧，明天接着输出,87570004,1572795115
完美潇洒的落花,说明三下，艹，咩皇牛批嗷,7011719,1572795080
清廉正直-射命丸文,cpu的两种工作模式是（咩群入群问题）？我试了一下，系统态和用户态是错的,23088148,1572795042
饶思哲,你也敢来b站混？,283838646,1572794959
二百卌,对于中国香港领土主权问题，东方Project用户(主要是东方Project用户)的态度是?.\n在中国香港领土主权问题 上开玩笑?已联系公安@ 共青团中央\n为什么东方project圈子不太受欢迎?因为每次有人说一些圈外人根本不在乎的东西就会被你们集体攻击，请问..\n为什么个极度亲日本的团体现在 如此嚣张?\n[微笑][微笑][微笑],11707348,1572794929
某单恋蛇神,所以说等了这么长时间了，道歉呢。我们想要你什么吗，加上东方标签，道歉，然后我们没事会来惹你？,12731117,1572794927
低龄化的神作,想给新奔赴战场的东方众一些建议:请抱着解决争端的理性态度参与评论区，而不要抱着人身攻击的态度前来狂欢。部分黑名单中吞噬的孩子已经回归，如果大家可以更加理性的探讨的话，问题会更容易解决。我不太想看到以前东方圈那种“解决”方式了。,13512120,1572794875
极皮生物RoadRoller哒,为保障东方和平而奉献自己一份力的咩大领袖，事情发展到这地步，该说真不愧是您么？[吃瓜]先前只要您道歉，或许这事就差不多了一一哦忘了您还在群里发扬自己的光呢，祝好运（吐痰,96869707,1572794874
隙间里啃西瓜,哦我一个机器人被算上了？Σ(ﾟдﾟ;)up统计有问题啊(;¬_¬),36619789,1572794792
1997垚,那么我想问问你自己在b发的这几条动态为什么删除   有点脑子也不会给一个群体戴精鈤帽子吧  还什么cia 你不是说要叫雇佣兵吗  是你自己会错意 能怪谁呢,10111026,1572794708
-Airo-,原来车万人只有600个[妙啊],269884071,1572794701
屈之心,tql（恰瓜）up把删评脚本关了可好,51213210,1572794672
Xia幻夜,我建议你先把你群的迫真极道管理给处置了比较好，其口嗨水平可以与大忽悠相比了\n社工出道，美利坚雇佣兵，辱骂车万厨，CIA特务，你群这种管理还留着？你是把这猪队友留着过年缓解猪肉涨价呢？还是说这是你的小号自演？PS：复制,33227868,1572794658
125094845,感谢您带火了东方,125094845,1572794610
我永远爱里苏特_jpg,守护我们最好的咩咩！！！冲鸭！！(5毛一条，括号内删除),7842445,1572794539
往事はしない,真替你父母感到悲哀，他们不知道他们的教育多么失败,145860611,1572794485
七月琴奏,守护我们最好的咩咩！！！冲鸭[偷笑],352881338,1572794470
日月月庄猪,群里放狠话的管理应该是这位，2510804569，先网信办举报集火一波。抱歉上次好像打歪了，这次重新来一发查询码16219110323203800399,275598177,1572794462
骊驹_早鬼,咩2016，你好强大，请指导我们！,49218887,1572794439
只是个新人罢了,在？您扣的帽子多的都够防弹了，请问您的外籍雇佣军能打透吗？,20874632,1572794397
艾历克斯小队长,原来如此，按照这个统计，看来我不在东方project的小圈子里面啊，那没事了。,163279947,1572794306
战术大妖精,又删了两条[2233娘_喝水],4308196,1572794277
SQwatermark,这场面让我想到了《霍比特人：五军之战》，论东方众是如何团结一致的,11621025,1572794269
崩坏3萌新hhh,我建议你先把你群的迫真极道管理给处置了比较好，其口嗨水平可以与大忽悠相比了\n社工出道，美利坚雇佣兵，辱骂车万厨，CIA特务，你群这种管理还留着？你是把这猪队友留着过年缓解猪肉涨价呢？还是说这是你的小号自演？,185638068,1572794239
极皮生物RoadRoller哒,我建议你先把你群的迫真极道管理给处置了比较好，其口嗨水平可以与大忽悠相比了\n社工出道，美利坚雇佣兵，辱骂车万厨，CIA特务，你群这种管理还留着？你是把这猪队友留着过年缓解猪肉涨价呢？还是说这是你的小号自演？\n复制,96869707,1572794194
蓝琉32767,3东庆贺,13932031,1572794178
鉝116,我建议你先把你群的迫真极道管理给处置了比较好，其口嗨水平可以与大忽悠相比了\n社工出道，美利坚雇佣兵，辱骂车万厨，CIA特务，你群这种管理还留着？你是把这猪队友留着过年缓解猪肉涨价呢？还是说这是你的小号自演？,22861950,1572794124
美利坚带总统,👴每隔几个小时来一次奥，恁之前说要搞的枪击案怎么还没搞？,39218344,1572794081
极皮生物RoadRoller哒,吐痰上香（向你这种人要道歉真不值得,96869707,1572794060
Z员外,我请你吃烤肉，可以吗？[吃瓜],11593589,1572794046
古明地椰,说明不规范   语录永流传,5109737,1572794001
烏鴉哥CLY,啊，B站＝二次元？什么狗屎逻辑[吃瓜][吃瓜],390684349,1572793996
我永远爱里苏特_jpg,我们也不需要你的道歉 你的言行丑闻已经被历史所记录了\n凉凉,7842445,1572793951
车万六百越共,好了，还有谁要说明？\n是我，删评男孩,181680019,1572793925
铭丶糸,av74371232,263800128,1572793884
江矢諏訪子,带物理学家咩太君首创“东”集数单位，用于计算车万圈人数，一东等于600百人。咩太君也因此荣获诺贝尔物理学奖（画起来，考试重点）,274928879,1572793873
Neon_Official,@碧诗 在？600人也有你的份？,415527421,1572793849
逃避行飞行,我们也不需要你的道歉 你已经凉透了,24882101,1572793841
游荡的骑士,在？请正面回应jr和gd帽子？这可是真真切切的用你账号发的哦,3928726,1572793794
9Lucy,哈哈哈哈哈哈哈哈哈哈哈，xswl，这什么东西[奸笑],65446861,1572793769
皮皮杂,恁的污蔑精曰动态一事怎么解释！,15293121,1572793766
白狼天苟犬走椛,“同人就是同人，圈子再大也不是正统”\n干脆整个放映室实时更新最新黑屁算了,13548943,1572793755
鈴仙_優曇華Official,你确定你在🇺🇸？油管打开检索touhou看看再生量很难？,12129724,1572793715
Neon_Official,照你这么说，全中国那么多tho，全部都是600人影流之主变出来的？真把👴给逗笑了,415527421,1572793701
我的工业2,在质问责骂声中巨硬的24w粉大手子，依然在持续用已有奇妙视频恰烂钱和人气，最幸福的人,3749614,1572793672
Guy孜游,啥时候说明第四下啊  我都准备睡了 给我整点乐子？,8542579,1572793650
依文幽梦,平白无故给那么多人扣个帽子，就不打算解释一下？还是要等下一波说明？,337213077,1572793649
BC_Frost_Pig,600人？那我就当第601个了[doge][doge][doge],52877776,1572793646
125094845,我挺你，那些东方痴就只会自我感觉良好。跟喷柯洁不尊重女性的女拳表一样。抱团就能让废物变技术好？有本事自己做一个。顶你,125094845,1572793611
氷妖精琪露诺,东方的包容性还不够吗？带火了b站，然后被雪藏，这没啥能看也行，什么时候up可以公然看低一个ip了，现在一个新的计数单位出来了，1东方圈=600，你怕不是想笑死咱，东方人气投票的人数都仅仅只是冰山一角，就这所谓的冰山一角就8000人了，还不算无效票，你用小学级的数学算一下这是几个东方圈啊,209005860,1572793566
往事はしない,吐了，呕呕呕呕呕,145860611,1572793560
--纯狐--,十一点了还没说明四下啊？,11526362,1572793548
Zおおたじゅんや,咩语录:车万人都是极端亲r团体,291012686,1572793541
雨季546,honestly dear，你的机器学习控评术怎么样了？不是能删除88%的讽刺吗？ 看样子我们东方众的语言环境将进入协同进化时代,167635062,1572793499
江矢諏訪子,感谢咩太君统一→□○，建立抗日民族统一战线,274928879,1572793459
骊驹_早鬼,删除动态也没用了，已经不知有多少人保存截图了,49218887,1572793410
铭丶糸,说明一下，这瓜我从头吃到尾[吃瓜],263800128,1572793392
崩坏3萌新hhh,@氪炻釕 他动态刚刚被删了，怕不是有人想借机搞事,185638068,1572793370
秋水之溟,我预言，这个动态很快就又要被自删了,21804772,1572793338
Leptunee,一句东方众对你视频推广的关系不大，你这样说，给你推广的东方up怎么想啊。是我人身攻击，但我真觉得你做人的问题太大了，各种方面,8582114,1572793309
极皮生物RoadRoller哒,你这恰烂钱都够那个的了，还好意思说东方盈利？我佛了，要想出名的话，恭喜您您还真出名了,96869707,1572793150
szfhsxr,三东助攻,11619405,1572793135
太田顺也.,给人乱扣精日和港du帽子这事呢？避重就轻？装可怜？你要不直接视频删了罢[小电视_无语],8395353,1572793048
Forward_マーシュ,大佐醒醒辣，马上十点钟辣，别窝在宁的小土窝里辣，正午太阳会把宁窝在土里的小脑瓜烤焦的呐呐呐呐呐呐呐呐,32243159,1572793044
OdaNobunaga152,🐑带师滴24w阴兵里只有1个活人\n我是怎么统计出来的?通过评论分析，只有1个米国雇佣兵在护🐑，中间👴🏻忘了，与其他统计比例吻合,3249617,1572793018
ReviXy,说明一下.jpg\n得出结论，没加说明一下的都得删，建议看见存档[妙啊],35513050,1572793015
北墨淩寒,看看你还要说明几下,157696194,1572792980
狱火机Tierra,东方众是假越共，反观咩人的粉丝才是真越共，评论区被打穿了都不现身，，，（转载）,13062617,1572792976
我永远爱里苏特_jpg,羊所认为的道歉=说明一下+无脑技术\n@咩2016 我说得对嘛？,7842445,1572792928
虚空来声,友符「同人就是同人，圈子再大也不是正统」,34360388,1572792906
linfen12138,@Mars-wzj 计算机专业不一定搞硬件，不搞硬件这东西不好做，但他视频里诡异的码风，是我oier不能接受的 还有您是不是没看见今天零点的动态？精日的帽子直接扣所有东方众头上。,296897611,1572792893
叶修我可以,咩酱为什么道歉？？答应我不要选择性失明好吗,37261615,1572792857
欲为圣明除碧诗,我们要的是解释，查IP，雇佣兵，枪击案，脚本删评，亲日团体如此嚣张，解释哪一个不比你搞这些有的没有更能被原谅？台阶都给你摆好了还不下来？（原作者:虚空来声）,8822687,1572792839
e级沙包,还好意思说东方盈利，你对塞尔达与东方群体得态度摆明你就是想出名想疯了,8490206,1572792829
集结榜彡帕秋莉10388号,@碧诗   我at的这个就是车万人，你惹得起吗？,351250805,1572792825
白狼天苟犬走椛,还在群里口嗨呢？,13548943,1572792819
名旭东不姓黄,说谁CIA就是CIA？您就是CIA头头？,37220030,1572792792
蟠桃pt,评论快3东了，大家加油，我先睡了，明早看咩大佐又有什么神奇操作[doge],360743233,1572792765
e级沙包,你还想删动态洗白？路人注意一下：这个人是真的不值得关注，帽子扣得比谁都高，现在反而在卖惨+转移话题,8490206,1572792731
沉迷红茶的威严酱,一个专作BA的up居然敢惹车万圈，你这是自断后路啊[偷笑],346465198,1572792729
酸黄瓜重工,你还有啥可说明的 直球道个歉这么难马,17134772,1572792728
崩坏3萌新hhh,cia gd啥的只是在扯淡吧，大家都别认真 @氪炻釕,185638068,1572792728
鈴仙_優曇華Official,好，这下dd人和600勇士会师可能性微存，，，,12129724,1572792726
无法显示名称这个名称都有人取,https://www.zhihu.com/question/353654052,180262342,1572792718
我永远爱里苏特_jpg,羊所认为的道歉=说明一下+无脑技术\n@咩2016 我说得对嘛？,7842445,1572792697
彼岸相梦,👴先睡了，看明早起来宁能不能再整出来点活\n顺便问一下，宁是真的连有诚意的道歉都不会写?,38413898,1572792696
孙笑哭,这道歉我想起了那个演员刘露,349927356,1572792648
冰狐墨言,木大大，动态截图有一堆（我们又不是哈）你以为我们为什么喷你，求你好好的用你考上大学的脑子好好想想。（装可怜是木大大的）不要以为在网上可以随意口嗨。（我要是你，一开始搞个小号来口嗨，然后大号指责一下，直接火上天好吧。这么好的资源不会用，恰烂饭都能恰歪，觉了）哦，对了动态的图现在是满天飞哦。（求求你快把这些图删了。）[奸笑],37415686,1572792641
msdkal,前车万600勇士，今CIA特工前来报道[doge]顺便问问up你到底什么时候才肯真正道歉呢？前一脚在道歉，后一脚就在粉丝群里面继续开始了？国内东方同人就是盈利？我呸，东方能盈利？不去了解就乱说，真的让人越来越火大，那么多up做东方都是为了恰我们的钱吗？还CIA特工，你还要扣上多少个帽子才满足？我们只想要你真诚的道歉啊。,82833203,1572792622
极皮生物RoadRoller哒,车万人均被升职为CIA特务，还真是谢谢您的帽子了咩桑[吃瓜]会扣就多扣点？,96869707,1572792580
蓝琉32767,1671了兄弟盟加把劲上2k,13932031,1572792528
红叶の鸦,给我整笑了,89519,1572792526
骊驹_早鬼,想必是个正常人都能看出来，光是对第三个问题的回答就避重就轻，何况在B站外的奇妙深刻发言?你的道歉毫无任何诚意，这几天以来你干了什么大家都心里清楚。怎么？面对动态中的疑问可以回答，怎么一到了我们问问题时就成了缩头乌龟?证明你就不敢回答，做贼心虚。请现在，马上，立刻对本次事件所有的受害者进行真诚的道歉。请在道歉书中说明你做错了什么并对自己的行为进行反省，以免下次发生类似情况。请在不超过五个工作日内道歉，不然这次战争永远不会结束，请好自为之，谢谢。@咩2016,49218887,1572792494
OdaNobunaga152,CIA来力，，，,3249617,1572792452
无法显示名称这个名称都有人取,（转自贴吧）\n“他恼羞成怒 开着自爆卡车冲向了车车人 但他没发现他和车车人之间隔了个悬崖”,180262342,1572792352
卡密da,话说你居然把我放出来了，不错,76576034,1572792298
卡密da,贴吧里的车万众都只是冰山一角，你的评论区算个？,76576034,1572792265
wolf菌Daze,你这整的比煎饼果子都实在  一套接着一套的  就是不肯好好道个歉,88393784,1572792259
彷徨旳罪人,好，我现在评论过你了，所以你现在能把车万籍还给我了吗,14412517,1572792259
鈴仙_優曇華Official,在？本fw4级，事中级新东方厨子，下次要不要来个uid降序检索？,12129724,1572792235
小石头一块钱四个,你没反悔觉悟就别怪人暴力了,21914614,1572792123
宇智波元首,这……你不是个技术主播吗? 怎么搞出了这种事来[嫌弃]，取关了,190155414,1572792075
鲁娜_斯卡雷特,水都泼到下水道了还想捞回来洗白?,125119365,1572792061
SCP_403FBd,在B站我默默无闻，在群里我重拳出击    ——咩2016,298005732,1572792055
我永远爱里苏特_jpg,存在于群里的美梦\n　咩2016的主题曲。\n\n　目的是表现出隐藏着什么秘密的恰钱的形象。\n　我觉得平常里经常出现的笑点之类的，果然还是(毫无)技术力的\n　象征啊。\n　不过本身是看利益所以脑袋还是空空如也。,7842445,1572792019
射命丸宝华,这么多评论都没了，都被拖进隙间了？你就是八云紫？,106285371,1572791980
鈴仙_優曇華Official,对于炸出老人是好事坏事我暂且蒙在鼓里,12129724,1572791925
元雪峰,我们根本看不进去，乱扣帽子不行，尤其是带有政治性的，这是玩火，政治性乱扣帽子这可不是闹着玩的，别说你智商再高，能力再强，也没用，团中央是懒得管着鸡毛蒜皮事，真要惹了团团，视觉中国怎么死的[画风突变][画风突变],30607234,1572791902
ゼロの世界,笑死我了，还统计、分析[吃瓜],8063194,1572791899
Z员外,接着放黑屁的话，我们就有必要继续打拉锯战了呢,11593589,1572791856
孙笑哭,哦哈哈哈！东方厨只有600人怎么算的？还程序员呢哈哈哈，看看你东方的那个视频，515万播放，剩下的呢？平均不过十万，几千的也有，从播放量看得出来，看你视频的人是东方厨，比看那些无聊的东西要多的多，你还敢惹真是xswl,349927356,1572791848
极皮生物RoadRoller哒,品茶🍵（已不想说什么，谢谢您的帽子,96869707,1572791794
FesAmaniノXenonノ,呵呵,353912636,1572791788
一般通过大酱,cv3888874,188493595,1572791786
抗原大爷,1602评论,6949741,1572791742
幽靈列車牛排,…………“我真傻，真的，”咩2016抬起他没有神采的眼睛来，接着说。“我单知道加了东方tag会有东方众。我不知道不加tag也有。我一清早起来就开了企业授权的正版Adobe全家桶，就开始意淫车万人用的都是盗版Adobe，车万人买不起正版，叫我自己写的脚本去控评。他是很听话的，我的话句句听；他出去了。我就在屋里意淫。我叫脚本？，没有应，出去看，只见代码撒得一地，没有我们的脚本了。他是不会坏的；各处去问，果然没有。我急了，央人出去寻。直到下半天，寻来寻去寻到哔哩哔哩里，看见一个评论都没删。大家都说，糟了，怕是糟了车万人。再进去；评论区果然寸草不生。600个东方众在评论区刷了2651条评论，我被东方圈子霸凌了。……” 他接着但是呜咽，说不出成句的话来。 …………,23469049,1572791694
七月琴奏,你们车车人能不要再迫害我们最好的咩酱了，ao吗？,352881338,1572791685
吉diao八千慧,你又在群里说啥呢，什么CIA什么间谍什么同人正统之类的咱也不懂啊,34638388,1572791658
埴安神蛋糕,二次元圣地的主题曲。\nElectric Genius\n　\n　    二次元圣地的内部。\n　    说起来bad apple成了镇站之宝。不过，因为与东方没有太大关联就没有被限流，所以实际上并不知道这到底是什么东西。让人十分向往。,33792933,1572791644
Forward_マーシュ,大冬天的，晚上冷噢，，，大佐又给大家发帽子取暖辣，，，,32243159,1572791636
全所为,我算过了，几百黑名单你换着人拉黑？可惜了吧,45561729,1572791569
神隐陌路,不要回避话题，不要一笔带过你之前发表的言论。请道歉，逐条道歉。,85504386,1572791505
只是个新人罢了,现在我是被雇佣兵枪杀的600精日文盲CIA芳香，您打算再缝几块进去？再扣几顶帽子？,20874632,1572791478
玖溟猫,别说你这统计图里面一共的3000多人 你再翻个一百倍也不止,10454724,1572791460
lrk520,你给东方众分了层(,8334495,1572791422
不思议巫女,之前的评论被删了，您可真是厉害呀。,45444730,1572791410
52根绿发,也不知道您的24万大军什么时候来（本来不想阴阳怪气的，是您逼得哦,356136688,1572791404
cornerfish,在？你就是cia特务？,15157346,1572791402
过路的旅者,水群水这么嗨就没空出来发个正式道歉？我还真想这事就此揭过呢，您这态度是不想还是咋地？你没正式表态前我也不嘴臭先，但你这样子真的很幼稚，既然知道怕了，还要继续口嗨，我求求你别又整出个事来，我真不想跟个家长一样一直在这里指出你哪里有错，您就高抬贵手放过600人的小圈子吧，去祸害其他大圈子好吗？,13021130,1572791399
无法显示名称这个名称都有人取,这位动态里的图片解释一下 呆鸡术士。@氪炻釕   UID:480339844,180262342,1572791316
up牛b,全新黑屁，cia与外国间谍\nhttps://t.bilibili.com/317618178774698439?share_source=copy_link&amp;share_medium=android,197695353,1572791311
懒挞挞的银蛇,宁删评程序的CD才好？是不是得出个减CD的装了？,132935710,1572791269
54113074043_bili,CIA员工前来报到,391446962,1572791268
鈴仙_優曇華Official,421是怎么统计出来的本fw十分好奇,12129724,1572791266
豐聦耳神子,？？？？？草，发生了什么\n老年车万狗迷惑,8429565,1572791258
妖贤八云紫,？咩的评论区为咩说话的真粉不到10个，那么请计算咩刷了多少僵尸粉 [抠鼻],166553465,1572791199
鈴仙_優曇華Official,删动态实属奇妙深刻，，，,12129724,1572791195
极皮生物RoadRoller哒,您一人的力量如此强大。我们可无法匹敌了，要不我还请着让你给东方道歉？,96869707,1572791184
回光返照ing,我寻思着8是隔一个小时说明一下吗，怎么装了三个小时的王八，黔驴技穷啦？600人的解释还没够呢，不如做个ppt嗷，我还等着你说明n下亲日，雇佣兵，枪击案，盗版，文盲这一揽子事呢,34866434,1572791144
抗原大爷,又开始删了吗？还是别的什么？,6949741,1572791113
52根绿发,表面一套背后一套，不愧是你,356136688,1572791111
余九堂,黑名单已经几万了，你还真有脸说出口···,399574954,1572791081
蓝琉32767,这个时候印第安纳波利斯9:22，估计某咩在上课，所以说加油不要停火啊！,13932031,1572791000
小偷478,睡了，奶一口大佐没有更精彩的表演了[吃瓜],67654630,1572790999
古明地撒头里,给大家讲一个故事\n某一年，一支由600人组成的被称为“东方”的部队遭遇法国十六集团军24w人的枪击\n为了掩盖事实，临走前，十六集团军崩了几个自己人\n第二天他们对外宣称一伙精日部队袭击了他们\n但大家看到十六集团军的总指挥时不禁感叹：\n为什么它是一只删羊？,320564312,1572790958
我好Fr,模拟删羊回来力，不要停下来啊（指开火）,53147736,1572790945
一条咸鱼散发出的光芒,别说那么多，还是那句话，你删了动态你就给我死命的爪巴,123719160,1572790904
雲裏霧裏沙,睡了，各位晚安~,36016178,1572790879
我也很绝望_,所以🍋就又双怂了，删动态？接着删评论，不对精r发言道歉，这些都是🍋诚意的表现？[抠鼻]截图我动态有，木大的，不正面对你从开始到现在所做的所有问题行为道歉你就没救了[画风突变],24394145,1572790867
