uname,message,uid,ctime
咸余是个破画画的,你醒醒，你说我们极度亲日的那个截屏没放出来嗷？,194328372,1572929298
妖现惊梦,-能表演一下那个吗？\n-什么？\n-说明一下，说明两下，说明……\n-哈哈哈哈哈哈[doge],39624794,1572924762
禄存天玑,又想删评了是不是？,2117299,1572924095
若鹭姬工作室,让我想想怎么写进稿子呢？\n天狗的记者也就两个，我为什么要标上鸦天狗的标签？\n不知道，不过改改绝对没问题,35928181,1572921178
进击の肥皂君,在 ？  人在cn刚刚被删评   请问雇佣兵什么时候到？ 为什么一个精曰团体可以如此嚣张？？ 在这几天之后东方project就完了！！！,2032027,1572907182
阿萨德两年,不加东方标签的后果是 (只识bad apple不识东方peoject)这样的话东方众肯定不同意你自己也说了圈外人不管这事那他们也不会知道这是东方的二次创作对吧？,3934082,1572887795
不言而嘤,这是异变！！！,179579308,1572884809
Tick嘀嗒,你说你nn呢？,30597225,1572882059
魔法少女れんげ,用户？,16986154,1572879485
饶思哲,[吃瓜]自己非要活成个笑话，何必呢,283838646,1572879027
宽-容,东方project用户？只怕遮著了这相扑！,8410129,1572873204
四季映姬亞瑪薩那度,把你管理交了，就当无事发生吧,383046855,1572869847
Kotohime丶,睿智操作 丢人丢到家了,3595603,1572867358
应天从物Nev,就等了各位同好,鄙人现在已重新上线评论追踪\n某咩在BA事件本篇评论区的一举一动都将记录在我的设备上\n详情请看cv3891603\n只是小小的工作,但是也带动了复数的兄贵加入了评论区保护和追踪的行列\n再次为他们表示感谢,也欢迎更多技术力的兄贵加入进来\n再次提醒某咩,请停止这种暗度陈仓的行为\n你可以欺骗善良的东方爱好者,但是躲不过数据检测的眼睛\n为防止被削除或沉默,鄙人恳请各位600勇士点赞保持评论热度,谢谢各位\n1024,391690264,1572864639
往生莲,丑恶,14929388,1572862872
Kurokoma-Saki,我寻思着中午还是一千多现在怎么就一百多了,238680490,1572861535
幻境安之匙,不对，要不是评论里说的我都忘了那个管理员了,308019621,1572860790
科学世纪のShadow,其实我不满的也就随地放照但这点而已，虽然我不知是谁最先开始的,4864050,1572859961
起id挺麻烦的,找黑水啊,93437434,1572858121
雀食堂账房小忍Official,评论少了好多啊,377421140,1572854064
星流羽れ,果然不愧是程序员 一连串的动态搞得我觉得我在看补丁更新一样,130950923,1572850186
a1555555,截图保存，等过几个月再来看看,8409269,1572849454
桑尼·米尔克,等等，东方Project&#34;用户&#34;?（重点错）,7672824,1572844914
课代表八云,我并不希望我的同胞拿分裂主义来做文章，做这样有损社会和谐的事情。同样也不希望人们被冤枉，说他们是精日之类的。我也理解你在这几天的心情。\n道歉了就算了，原谅了。,109112967,1572844125
化工人人人,瓜吃完了，该取关了,10686418,1572841541
博丽彩樱,说明亿下,229020656,1572841355
不思议巫女,雇佣兵呢？怎么没见？,45444730,1572840537
新人帽,睡个觉起来就车软了,343055122,1572840157
拱火冲塔ky的小鬼,放屁，帽子随便扣说原谅就原谅的？,12275970,1572839845
依神女苑厨,瞬间车软还行，法国都比恁持久,2496582,1572839034
清闲如梦,终于好好道歉了，希望下次不要再犯了，要是再搞事的话……[如果能把“说明一下”改成“对不起”就更好了](-_-#),20171036,1572837561
文文厨一号,异变结束\nstage clear,87462796,1572836977
孤之流星,别只在b站道歉啊，去其他地方道歉。,104388229,1572835760
AntsiLynn,非常想知道威胁要雇佣 雇 佣 兵搞massive gunshot的事情怎么样了。希望这件事情得到明确严肃道歉，不然天晓得你们是不是在准备再来个山林华事件。相信您老在美国读了本科，和我们一样清楚米帝在massive gunshot 这件事上的正 治敏感度。,144045315,1572834731
街角的单行道标,这就行了,4893677,1572834488
咲夜丶白兰度,算可以了，早这么干至于会闹这么大么？这还只是基层车万人的小场面，真要惊动那些车万千年老芳香可就不是评论区几千楼闹腾几天就能解决的了。另外你那洒比群管可是拱火主要元凶之一，自以为很仗义很路见不平其实就是个巨婴，如果没有他那些窒息言论这事的热度能少一半，希望你能谨慎交友，不要因为网络上一些碍不着他干系的假仗义就随便对人掏心掏肺，就像这事虽然放出蠢话的是他但最后矛头不全指向你了么，他有正面出来替你抗一次火力么？反倒是两三个不相干的人帮你一把，就像那某黄姓小兄弟虽然憨点但至少还算是够意思，而这狗群管只敢在群里大放厥词关门自嗨给自己埋雷却完全不敢出来替你分担半点火力，也配叫人？注册个B站号不难吧？望好自为之,865097,1572833291
cornerfish,我寻思你这申必管理的名人语录比你还多,15157346,1572833268
cornerfish,把你群里钦点技术一流的自称某未上市科技公司老板那位管理给我交了,15157346,1572833163
往事はしない,不把你在群里说的那些恶毒的话贴出来嘛？？？说的这么难听，现在就一句对不起？看了你在群里说的那些话，我甚至都觉得不可思议，这么匪夷所思的言论竟然是一个研究生说出来的。,145860611,1572833130
提督是中二病,半个路人，东方浅入坑（因为手残被虐了之后就不敢玩了）。初闻此事，有些难以言语，于是选择观望。开除人籍（600车车人）过河拆桥（我做的bad apple，和东方没有关系）yes my yuri！（强制改变阵营jr），雇佣兵警告（等我出来把你们都sa了）…操作一个比一个骚啊。\n不过既然都已经道歉了（虽然看起来没什么诚意）那停战协议也算是签订了吧…\n继续观望，继续观望,19883894,1572832617
灬破碎丶,这自然是好的，不过希望你说到做到，别出尔反尔，那我自然会接受你的道歉,4122938,1572832156
AndyLithia,最速车软传说,220566,1572831996
虚空来声,建议从此远离东方，再拿东方恰烂钱可能就不止评论区爆炸力。,34360388,1572831709
过路的旅者,可以，早这么干不就完事了吗，我这就把自己冲塔言论删了去,13021130,1572831637
_梦违科学世纪_,散了散了[小电视_笑],105495732,1572831482
羽立今天又咕了,行了行了就这样吧我也希望这事到此为止了,2982041,1572831345
名旭东不姓黄,以及直接的“对不起”比没感情的“说明一下”这给人的感觉要亲切很多。学硬件别把自己学成了硬件了啊。。。,37220030,1572830885
医药费规划局,行了吧，事已至此，只要你不再有什么睿智操作，别再b站认怂群里装大爷，我相信大多数东方众也会结束这个争端。\n但别当停战了就无事发生，我们可都记住了你当初蹭ba热度然后倒打一耙，再删评控评引导舆论，最后恼羞成怒乱扣帽子试图置东方于死地的嘴脸。\n奉劝你从此别再接触东方，别再做ba有关的视频，被你激怒的东方众不会支持你的。\n还有，千万别想着日后反攻，我们存留着你劣迹的全部记录，你想要背刺也没那么容易。但万一真的有那么一天，你发一百条道歉动态也没用了。,35829867,1572830838
帕奇利兹パチリス,好，群里言论不一起挂出来道歉?,11569451,1572830792
抗原大爷,真心希望有朝一日你能对得起你的小闪电，能成为一个真正的融入社会的人，不论是中国还是美国。,6949741,1572830556
名旭东不姓黄,那个。。。道歉不是说明。。。还有把道歉对象搞清楚。你这就暴露出你是真的不知道东方Project是什么了。。。下次注意啊。。。,37220030,1572830493
芙兰朵露-斯卡-雷特,先停一下!听我说!\n瑶姐开直播力!快去听歌啊,283269718,1572830422
叶修我可以,您黑名单不准备解了吗，我三个号没一个可以评论的，还有在黑名单里的吗,37261615,1572830419
szfhsxr,你在和保守估计50万人（中国范围）的圈子对线，肯定不好受啊，下一次你可以试一试更刺激的，朝LOL圈子开火,11619405,1572830409
聪明强大的琪露诺酱,你把管理员交了，把脚本关了早就没事了，真以为这么多人愿意和你一个小up整天对线?,12070284,1572830392
1997垚,先看看什么态度,10111026,1572830345
我的工业2,好，硬度下降,3749614,1572830331
龙语冰川0311,删评论可还行，越描越黑，顺带一提，我才三级，我不是车万人，我只是来蹭个瓜2333,57257383,1572830214
Froze霜,希望到此为止吧 也别在私底下装大爷了 两面三刀真的恶心人。。,7838863,1572830206
来自遥远非洲的鸽子,被删评的说一下,262229374,1572830199
蓝琉32767,停止脚本、处刑管理，咩你距离完事只差这两件事了哦,13932031,1572830185
563641,肯道歉就行，也希望您别b站一套背地里另一套\n大家也冷静下吧[吃瓜],8019129,1572830181
冰凝丶霜结,还搁着删评呐[吃瓜],2121009,1572830174
心之泠羽,竟然有道歉标题为“说明一下”，我还是第一次见,388429008,1572830167
怎么改名字灬,速度堪比法国,221615336,1572830092
蓝琉32767,删评了！刚刚还是98评现在60评,13932031,1572830086
支点与侧卫,对你的做法表示赞赏，最后一个要求就是那个憨比管理了，交出来他咱们以后井水不犯河水。\n顺便我们不是“用户”,266702839,1572830081
来自遥远非洲的鸽子,虽然这个道歉我也不太满意\n但人家既然道歉了就先停火\n再说下去都是我们理亏,262229374,1572830059
夜雪伐竹,嗯，那先冷静冷静吧。\n管理的事你看着办,2741221,1572830053
谷口稔,在群里会看着你的管理到底是怎么表现的，别表面一套背后一套就行,38800681,1572830010
丢人的东东,不愧是咩 这格式 这气势 告诉你这还远远不够  起码把自己做了啥列出来，包括没管好群员嘴，为人处世要网友教你吗？怎么道歉也不会了？,16057265,1572829999
黄禄轩电脑专用账号,抱歉，评论区的各位中也有人没有进行一些恶意行为，刚刚的评论存在一些纰漏，我只是觉恶意行为也需要一句简单的道歉，毕竟这些行为也会造成很多困扰，如果你觉得不需要道歉那就算了，这只是我个人的看法,24022863,1572829993
名旭东不姓黄,你这是不是AI自动生成的“东方Project用户”。。。,37220030,1572829925
虚空来声,在？把你群口嗨管理给我交了。,34360388,1572829864
来自遥远非洲的鸽子,大家冷静下吧 这件事差不多得了\n人家既然道歉了 再闹难免令东方圈风评不好,262229374,1572829860
暗网业火,你终于认真一点【虽然也就是认真一点】道歉了我是很高兴啦，但在这之前能不能先控一下你群里的评？,397136382,1572829822
叶修我可以,希望您不要这里道完歉，跑回群里又背后捅刀哦,37261615,1572829793
抗原大爷,到现在还阴阳怪气，刷梗的，真得开除车万籍了，丢人！咩都不如！,6949741,1572829784
蓝琉32767,冷静冷静，大家把火力对准管理,13932031,1572829726
Rainylightsama,好好做视频不就好了哪有这么多事情[呆]人还是要圆滑一点的,157838754,1572829703
--纯狐--,哦，你道歉辣？\n下一步，雇佣兵头子呢？,11526362,1572829681
丢人的东东,不愧是咩总   格式要对 气势还在,16057265,1572829623
Kurokoma-Saki,还隔这说明啊我要真正的道歉，最好发个视频来道歉,238680490,1572829605
二百卌,吃瓜,11707348,1572829582
五十多岁的三,希望宁不要再动态道歉群里大爷了，让管理（如果真的不是宁的话）出来为它的言论道歉,12225203,1572829578
圣诞苦力怕,还是东方project用户。。。咱们不是在用系统啊,12304404,1572829550
真不控萝太,前排看戏,7542315,1572829532
自由落体的GF,您群那个管理请尽快处理,230045938,1572829465
抗原大爷,大家前排后排都动动手，让大家冷静冷静,6949741,1572829440
宫古芳香Official,还搁着说明呢，我雇佣兵呢？,9645133,1572829358
孙笑哭,帽子批发商倒闭啦（狂喜）,349927356,1572829326
粉白道长,多打个标签多一堆人看，你不打东方的标签我还不知道你发布了什么玩意。,33343049,1572829320
多多粮老伞,害管我们叫用户呢？[微笑],21891352,1572829268
丢人的东东,前排,16057265,1572829265
我刚刚用了6硬币,一个妖精，历时⑨年\n暴晒了400,000小时\n总计死了80,000,000次\n继续被太阳融化了,8210975,1572829264
鉝116,先把你群管理下了，或者让他出来道歉。真当自己雇佣兵？,22861950,1572829230
幻想乡首富博丽灵梦,给我康康什么事黑水好吗，秋梨膏,194330762,1572829226
抗原大爷,还有，你那个管理真的就，很，内啥,6949741,1572829123
路人怪,吃瓜,42349027,1572829106
回忆微风吹过,大佬[微笑],33058137,1572829097
所向披靡的巨型毛玉,要不是那个管理。至于爆出来那么多梗吗,91734546,1572829093
所向披靡的巨型毛玉,你的管理功不可没。赶紧管管吧,91734546,1572829058
懒挞挞的银蛇,最后一个要求，你把你憨憨管理员给大伙交了,132935710,1572829017
美国间谍羊大人,谁能统计一下它说明了几下？,472365872,1572828989
fufufhtxf,还搁着说明呢，你黑水呢？,4478501,1572828963
