uname,message,uid,ctime
甲乙丙没丁,反正只是迫于压力2333，真心道歉咱是不太可能的，不过不再搞事就这样吧23333,24048624,1572927170
佐佐木琪露诺,我记得我是在第一波削除风波的时候在这里搞牢不可破的联盟来着（,107042878,1572927168
z1z1zhou,美利坚技术带师[吃瓜],8079067,1572927146
一条咸鱼散发出的光芒,给力嗷,123719160,1572927128
秋水之溟,咩酱还未认识到删的越多发的越多的道理，我原本只是个一般通过，现在我决定在咩的动态里常住[小电视_害羞],21804772,1572927118
来自遥远非洲的鸽子,今宵是飘逸的删评主义者,262229374,1572927094
藤原朝臣红子,二次大战？,22606681,1572927077
秋水之溟,请大家多多使用各种手段保存史料哦，咩2016吧或者知乎都行，以防咩酱倒打一耙，以后还可以整个博物馆啥的~,21804772,1572927035
佐佐木琪露诺,有哪个会做同人游戏的大佬做个东方咩咩梦 我觉得是时候了（,107042878,1572926979
AwesomeTom,在？为何删楼？别以为老版本看不出来，你要是硬耗看谁耗的过谁,20086458,1572926858
来自遥远非洲的鸽子,行为过于迷惑 请求辱骂许可,262229374,1572926842
狐灵Kitsuna,[无语]过了17个小时才被放出来，这个网络状况是真的糟糕啊，脚本拉黑的速度倒是很光速的啊（[阴险]也不排除继续选择性取消拉黑的可能，根据之前你的所作所为，嫌疑犯被称作嫌疑犯不是没有道理的）\n[嫌弃]丑话先说在这里，以后你又在其它圈子惹出事端又打算怎么办？像这次一样用同样的方法打压，能压就压然后见势不妙再含含糊糊的道歉？[阴险]你这样再不改善改善以后什么样可说不准了。我建议你作为一个20多w粉丝（虽然可能只是个冰冷的数字）的大up请尽量多思考后再做实际行动好吗？能无脑打地图炮又扣一堆zz相关的帽子...[吃瓜]emmmm自行思考吧，想做好一个优秀的好up可不是几个高人气作品就能说明一切的。群众的眼睛可是雪亮的啊。\n[doge]话又说回来，既然你肯对我们道歉，那么你也应该会有肯向在其它圈子惹出的事端道歉的想法吧？事实就是事实，不是你随便忽悠就能过去的哟。 对于其它圈子道歉也好不道歉也罢，事情该过去也算过去（但这留下的笑柄怕是会人尽皆知了），以后再这样惹事说不准就又撞上什么东西呢。[妙啊]最后希望你能认认真真尽职尽力做一个up主吧，别让真正喜欢你的粉丝们失望。\n补充：[阴险]果然还是当面一套背后一套的小人啊，连道歉都是假的啊，群里还在口嗨脚本还在删评？？,57224401,1572926841
Drs-Latency,二十年休战（有端联想）,36828603,1572926839
托卡列夫毁灭魔炮,有关咩大军阀在群里的申必新言论请各位移步咩2016吧鉴赏。,57935470,1572926774
虚空来声,我是鹰派，你有什么屁放？,34360388,1572926752
来自遥远非洲的鸽子,诚邀咩太佐来一同摸鱼 大家一起来快乐对线吧,262229374,1572926744
藤原朝臣红子,又开始了？,22606681,1572926729
来自遥远非洲的鸽子,我决定了 我要正式从主和摸鱼派转型为主战派……\n我真心忍不了了,262229374,1572926662
虚空来声,我这么说8，你就别继续迫真道歉拖时间私下硬汉了。,34360388,1572926632
幻梦樱璃,最新战报（站在咩谎的视角）我要把你们所有说过越共的都要zz话题举报其他的直接骚扰举报给B站内地用户举报给网警取样线性回归，热度1771→139已举报一位UID三位数的将军，4位9人，5位46人，累计删评1900➕,227868562,1572926619
大江山颪,当个男人，有话来这里发出来对线，别在群里怂着heip好吗,7860301,1572926599
candleflame,什么时候才能到六面啊，我已经等不及了,19610465,1572926569
血祭纯粹之主,宁又开始删评了嗷,39286359,1572926486
--纯狐--,更新一东数据:1东=595,11526362,1572926457
佐佐木琪露诺,看来之前我们打的是五面（,107042878,1572926423
来自遥远非洲的鸽子,后排等一个新说明,262229374,1572926422
来自遥远非洲的鸽子,怎么说呢 好像真被人小看了一样……,262229374,1572926344
雲裏霧裏沙,B站动态我唯唯诺诺\nQQ群内我重拳出击,36016178,1572926303
candleflame,刚出一个评论被秒删，也许这就是诚意吧,19610465,1572926291
艾吉奥的披风,根据贴吧最新战报来看咩并不打算认错,239332224,1572926280
来自东♂方的哲学家♂,还搁这说车万人爆破你群？我们除了派内鬼潜入进去截你的黑道发言之外有干涉过里面与这事无关的人吗？,1708305,1572926242
Coma-White,嗯，之前最上面的的逐条翻译评论不在了吗🤔,5371995,1572926232
来自遥远非洲的鸽子,又开战了 东方又重新上涨热度了[doge],262229374,1572926105
秋水之溟,这不是和平，而是1天的停战？[2233娘_无言],21804772,1572926017
e级沙包,你还想继续搞事情？这事情跟你就快没完了,8490206,1572925977
--纯狐--,我突然发觉对线途中最恶心的不是对面，是某些嫖完不负责的一般通过路人。\nz？你阴兵终于出动啦？,11526362,1572925945
梦符佳月,还在搞事，群里还在硬核统计，高强度口嗨,2059519,1572925931
魂淡妖夢,你说这600人有点多啊，新华里溜达过吧,126840,1572925893
来自东♂方的哲学家♂,宁能别老是窝在群里放黑屁不，来评论区重拳出击一个好吗？秋梨膏,1708305,1572925611
来自遥远非洲的鸽子,我认为这事坏的 而且没有任何好处,262229374,1572925565
不要踩我的帽子先生,完力，咩酱停不下来力,5892393,1572925195
神乃木製作所,来来来，“这次的始作俑者是东方黑粉”？？。,392551002,1572925158
来自遥远非洲的鸽子,加大删评力度[doge],262229374,1572925118
外层空间之颜色,经 典 回 顾\n圣 经 诵 唱\n超 越 本 家\n百 万 脚 本\n六 百 勇 士\n全 员 文 盲\n盖 帽 达 人\n骨 冰 警 告,10913201,1572925057
古明地热,https://www.zhihu.com/question/353654052/answer/878859062\n翻到此回答最后几张图可以看见咩带佐还在跳，这几条说明可以当p处理了,22773221,1572924861
来自东♂方的哲学家♂,我做咩酱鬼畜音mad，好吗？,1708305,1572924805
懒挞挞的银蛇,B站我唯唯诺诺，群里我重✊出击\n还在跳，属实给力嗷,132935710,1572924542
本人猫癌晚期,快点把那个魔怔管理员的人头给我们端上来，以为你在这里一瞬车欠了就当事情过去了？该黑屁还再黑屁，该删评还再删评？恁道歉说明是不是还得再来114514次？,75549002,1572924466
来自遥远非洲的鸽子,之前猜测的ex是管理目前存疑 我怀疑ex还是他 管理要等到ph\n所谓摩多罗 咩 隐岐奈,262229374,1572924427
秋水之溟,我们定居在咩酱的动态里，好吗？（指狗管理被橄榄前）,21804772,1572924394
サリエリの-隣人,人口普查来了，快去囧仙那登记啊,35822724,1572924008
外层空间之颜色,能让不同理念的人放下成见联合起来一致对外，咩先森属实带善人,10913201,1572924001
来自遥远非洲的鸽子,怎么说呢 我个人认为我们这边已经是很给面子了 道歉那么没诚意就不说了 连个实际行动都没有 只让把管理交出来我们两边何解就很让你占便宜了 结果这边还在着跳 评论还在这儿删 真是有点给脸不要了 我们和解 是我们给你面子 真以为东方是什么可以捏的软柿子 趁早把脚本关了 好好反省一下已经 是不是想恰烂钱想疯了,262229374,1572923976
禄存天玑,是不是还想删评？,2117299,1572923923
ミクのCharlotte,打完一发地图炮企图用糖果安慰中炮人的开炮者是屑,14216346,1572923908
血祭纯粹之主,👴说👴保存了宁发的自己视频火和东方up没关系，宁就又删评了嗷,39286359,1572923876
禄存天玑,评论区将近20条删除评论暂时统计完毕（不完全），https://git.io/Je2DC,2117299,1572923869
神乃木製作所,在？又删评？\n别以为现在没人用老版APP了,392551002,1572923557
泷汐lynn,囧仙在统计越共，大家点赞了吗,382152808,1572923377
蕾米莉亚-斯卡雷特゚,这个b就是恰够烂钱翻脸不认人 没一点道歉的诚心 你一个个动态说明了个⚒️？ 有本事500万播放拿的钱全捐出去。,19399966,1572923349
虚空来声,让你kb分子管理滚出来书面道歉解释就那么难？\n现在装死是不是早了点？,34360388,1572923330
来自遥远非洲的鸽子,脚本上升到了新的高度,262229374,1572923254
--纯狐--,本人地摊儿四年学的电子信息工程，up说的这些大概都懂一点但是这也太强了吧我至今只会模电数电设计和单片机就这水平可以到五金店当研究生导师了,11526362,1572923240
52根绿发,又发生什么事了，谁来跟我讲一下,356136688,1572923237
冰塘雪狸柚子茶,说明一下.jpg,9862706,1572923199
来自遥远非洲的鸽子,激烈的删评大赛,262229374,1572923139
我的工业2,别样的暗中清理大赛开始了,3749614,1572923115
谷口稔,高技术视频地下又变成空中花园lei,38800681,1572923098
外层空间之颜色,还是那句话，你群的管理呢？如果那是你小号就另当别论了,10913201,1572923078
外层空间之颜色,服了，高技术带视频底下评论瞬间被清到只剩夸你的一般通过路人，这就是恁道歉的诚意吗(捂嘴笑),10913201,1572923030
Railtnelis,上升到了新的高度,21974996,1572923018
我的工业2,继续打架\n来点乐羊群？,3749614,1572922577
抗原大爷,有没有乐咩群啊…求乐咩群,6949741,1572922448
--纯狐--,这态度，看来之前劝大家停火消气的评论全部木大啦（悲）\n虽然我的评论已经被吞了就是了。,11526362,1572922384
辣汁猫,可算给我放出来了,10768806,1572922341
懒挞挞的银蛇,在？那一点点虚假诚意都8要了？,132935710,1572922135
逃避行飞行,对于宁直接说明的控评仍在继续\n请不要挑战车万众的底线,24882101,1572921808
LVN-Zhang,欢迎加入川渝东方群834149868,171292103,1572921743
四季映姬-亚玛萨娜度,我活了!!!,164139973,1572921603
英灵子龙,纯路人不吹不黑，看完六条说明，upnt,167392856,1572921493
Mitesoo,大 触 陨 落\nhttps://neroasmar.top/mie2016/,634144,1572921166
古明地热,在视频低下发依旧被删除[支持],22773221,1572920999
就是她吗゜,哟，我出来了，不知道脚本停没停啊,114275256,1572920667
来自遥远非洲的鸽子,似乎开始有点意思了\n(又好像没有),262229374,1572920617
虚空来声,时间都是1s1s流逝，但显然咩的恐怖分子管理时间流逝是正常人的1/114514。\n管理员ex面boss说可能性微存？,34360388,1572920509
幻梦樱璃,还在删评，各位不信的话可以去我的动态看看，可能在审核，你敢删，我敢复读，只要有一个被拉黑，您可是再一次点燃了战火啊整整一天过去了，我们看看您干了什么：把你的管理员交出来，没有摘掉莫须有的两顶帽子，没有向东方up道歉，没有解禁所有被删评拉黑的人，没有向塞尔达圈道歉，没有向你的科技圈道歉，没有那么你做了些什么？说明一下说明一下说明一下说明一下补充一下删评一下删评两下这就是你的诚意？昨天我还在想肯定一早起来继续背刺，果不其然，就冲你这肉眼可见的删评速度，态度也不言而明。他们主和派会忍，但主战派不会忍，你要是还在进行这种rz操作，那就几家联军一起蹲点，你这泉水就别想出来了,227868562,1572920197
妖梦酱的小麻薯,草，放出来的都是很眼熟的第一梯队兄弟们,34790800,1572920113
泷汐lynn,你那个管理员说话真的欠，要么让他道歉要么把他踢了，好吗¿,382152808,1572919884
来自遥远非洲的鸽子,继续摸鱼 努力保持版聊区热度,262229374,1572919804
Mitesoo,？瓜呢，那么大一个瓜呢？,634144,1572919635
水底粼光,！！！我复活了,133208187,1572919159
布鲁恩,散了散了，架不打了。哦，顺便，华灯宴投稿来一个？我们会很高兴的,14471325,1572919024
来自遥远非洲的鸽子,二度摸鱼\n顺便有没有聊天群啊……,262229374,1572918092
庚午飓至,我出狱了,23402522,1572917628
懒挞挞的银蛇,脚本大概确乎已经停了罢\n管理那事你得给大伙gkd,132935710,1572917472
外层空间之颜色,你把你脚本给我停了，害特莫搁着删评呢？你群管理呢？,10913201,1572917408
外层空间之颜色,众所周知，大话西游是原创电影，与西游记有什么关系？\n大圣归来是原创动画电影，与西游记有什么关系？\n卡卡罗特叫孙悟空又与西游记有什么关系？\nBAD APPLE与车万又有什么关系？这不是恁这技术带手子的原创PV吗(捂嘴笑),10913201,1572917238
炙炎燃焚寂煞,无内鬼，👴就是东方600勇士之一,40826292,1572917207
天启Hammer对空,B站是对随便用脚本的人没有任何处理马,14638301,1572916939
加糖杏仁茶,害，总算出狱了，别的也不多说了，建议您把群里那位迷惑管理员给处理掉哦，这次事情没有他必定少一半的问题。嘛，作为东方众在这里提醒你，千万记住，有些话不能乱说，有些事不能乱做，您的“丰功伟绩”我们人人都有记录，不怕您背刺哦，然后，如果真心想入东方，可以诚恳了解，如果可以在华灯宴看到您，我们都会很惊喜哦[画风突变],15633052,1572916883
秋水之溟,二度提问:有无乐咩群？[小电视_害羞],21804772,1572916395
Six_can,怎么感觉up在炎上营业啊，如果是那挺成功的👍\n虽说粉丝掉率第一第一第一第一，但是热度是上来了，学习了👍,5774431,1572915844
西行寺家的妖梦受,新的快乐源泉,171960062,1572915777
来自遥远非洲的鸽子,摸一摸\n顺便我也想找个群聊天……,262229374,1572915753
外层空间之颜色,第一批被gank的僵尸来了,10913201,1572915747
橄天亮,知错能改，善莫大焉\n但希望你能改得彻底，不要糊弄了事\n感谢解黑\n以上,12344062,1572915719
应天从物Nev,回顾往昔,或许某咩说的&#34;大概是我最后几个视频了&#34;成为了真实\n早期你确实做了不少质量优良的科普视频\nba相关虽然技术力都是&#34;hello world&#34;水平,但是做出成果确实需要消耗大量的时间和投入行动力\n以至于轩辕的评论区我只觉得某咩技术力就这样,但是东方tag实际上不是我反对的原因\n但是后面某咩的种种行为,像极了某些营销号的行为\n我这是在动态评论了一句&#34;回头是岸&#34;,便被拉黑了\n太多的不说了\n你的如此行为,败坏了自己的人品,也动摇了你低技术力的根基\n愿天堂没有脚本,391690264,1572915686
禁止评论君,精日帽子真就扣上就不说了…这瓜吃的爽,10865519,1572915629
秋水之溟,有无乐咩群？[小电视_害羞],21804772,1572915383
--纯狐--,“他，带火了东方。”,11526362,1572915310
--纯狐--,眼看着有条评论没了不知道是系统还是自删还是别的（悲）,11526362,1572915245
佐佐木琪露诺,“你有权保持沉默，但你所说的一些都将成为呈堂证供”？\n总而言之不知道会持续到什么时候呐。如果就此不再发言那大概也算是一种“解决”,107042878,1572915057
墨染の樱-,目前根据我的实验得到我们伟大的技术宅斗士依旧在删评论，毫无悔改，请再发个动态「说明一下」呗,11265053,1572914550
dtyerfgf,贴吧过来的一脸懵逼，不看帖子还不知道有这事,12010780,1572914498
佐佐木琪露诺,M U T E,107042878,1572914294
Phantom_T,我出来了\n好心劝你一句被无差别删评拉黑\n粉了你几年，以后估计是不会再粉回来了[小电视_差评],14118073,1572914076
LT-TH,一早起来发现自己终于被放出来了，毕竟我是在最早的无差别拉黑中阵亡的那批……\n之前的事情应该不需要多说了，东方爱好者们现在也吵累了，我只提一个事情，就是你粉丝群里面的那位神秘的管理员，有一说一这次事件中一半以上的迷惑言论都是那位发表的，所以如果没有对那位进行处理的话我认为这个事情并不会真正地结束\n我不太希望在时间线上继续看到这个事件了，所以我等待一个妥善的结果\n希望up能吸取教训，你是一个有公众影响力的人，说什么话都必然要考虑可能带来的后果，否则就辜负了你的二十多万粉丝\n（顺便我觉着你还得感谢熊怪，他昨天发的那条狗头动态击溃了不少人的战意）,5363930,1572913665
FAIREEEEE,我想up以后不会再出ba了,2023022,1572913430
比那名居奏子,终于出来了,334567579,1572913317
风巽虚,技术大佬终于把我放出来了，呜呜呜，我600勇士好难啊,19848666,1572912621
1997垚,就是恁带火了东方  恁就是车万头子  别整这些有的没的 好了 把狗管理端上来吧,10111026,1572912548
月之杂鱼,真就以为600人了[2233娘_大笑],28968047,1572912522
月之杂鱼,笑死我了，迫害自己风评的家伙我真是第一次见,28968047,1572912499
赤色之洋,不多bb.观望，劝你善良,208824802,1572912330
来自遥远非洲的鸽子,早上起来摸个鱼\n又是版聊的一天呢,262229374,1572912276
赤色之洋,啊，我终于被放出来了,208824802,1572912232
--纯狐--,本来把你管理扬了就结束的事，你非变着法儿恶熏人嗷？,11526362,1572911857
豆沙丿团子,终于被解除黑名单了，看样子是烧了，应该没事了,63016861,1572911715
是你的浅汐啊,22小时过去了 后续呢,10956571,1572910703
泷汐lynn,我感觉那个管理不太可能是同一个人，说话方式不太一样（仅是个人猜测）,382152808,1572910230
Z员外,关于你群管理之事处理完了没？不会就这么处理成空气了吧，接受道歉不代表我们彻底放过你了，而且如果那个管理就是你本人的话事件将会更加恶劣,11593589,1572909926
泷汐lynn,还在删评论吗,382152808,1572909914
泷汐lynn,我终于出来了，不容易……,382152808,1572909875
正針なる,我告诉你不是谁都想放过你的，但是大众的意愿如果想先这么算了那也不能违背。但你要是再说话不过脑子出来跳的,221845801,1572909339
有珠玛格特罗伊德,我出来了(°∀°)ﾉ,9898201,1572908793
来自东♂方的哲学家♂,你这黑名单是有多大？版聊都结束了才放👴出来,1708305,1572908735
Yongfan_Cui,现在就是管理的事了,57248328,1572908392
美国间谍羊大人,大号终于出来了，头像先给你撤下来，id没硬币改不了，要是再整活就换回来,472365872,1572908044
Yongfan_Cui,居然出来了,57248328,1572907891
此号只关注大便,我居然出来了？？？,471198746,1572907748
头号被玩家,我出来了，\n那个管理搞定了没有,12794895,1572907686
进击の肥皂君,在 ？  人在cn刚刚被删评   请问雇佣兵什么时候到？ 为什么一个精曰团体可以如此嚣张？？ 在这几天之后东方project就完了！！！,2032027,1572907114
Tick嘀嗒,我打的字让你给吃了？,30597225,1572906418
天鹅绒少女-VIVIT,你可算是给我放出来了,33124248,1572906357
Tick嘀嗒,恰烂钱恰够了没有,30597225,1572906119
Tick嘀嗒,删评论可笑死我了,30597225,1572906110
正針なる,你把你管理给我交了,221845801,1572905823
满身疮痍Tenma,管理还在搞ex面？,27408833,1572905596
塔宾斯-格林,我出来了，送你四个字:\n下不为例,102768847,1572905543
芙兰咄陆,可劲删，你这脚本惯性确实大,5153949,1572905283
Z-六月,评论1000+了，所以有不少人开了小号,300756022,1572903384
射命丸文保护协会会长,给👴爪巴,23088436,1572900678
Railtnelis,？我竟然出来了,21974996,1572896592
RyanneLee,草，我要被这UP主的行为笑死了,31007838,1572895598
咔嚓咔嚓咔嚓咔,明明是十一月出头，我却嗅到了新生草场的欢快气息……看来，这↗️里↘️就是土澳了（确信,14677147,1572894416
車万众,顺便说一句，希望您能对您群内那位大放厥词的管理有所负责与行动，这次的冲突扩大很大一部分由这位管理造成，假如您再遭遇此等事件而造成冲突扩大的恶劣影响又有这位管理的一大功劳那对您而言可是百害而无一利。假如这位管理就是您的小号这种事情是真的话，被查出证明后可怪不得他人了。希望以后对于双方来说还是各退一步平等对待，相见不如不见，也希望您对处理以后可能发生的类似事情有着更理智与友好的方法，再见，祝好。,614154,1572894342
linyifei,你还得补充一下 就是那个所谓“管理”到底该怎么处理？,640523,1572893266
虚无音匀,爷来了😁,335539657,1572893108
車万众,总算把我放了,614154,1572891726
蕾米莉亚-斯卡雷特゚,这个b就是恰够烂钱翻脸不认人 没一点道歉的诚心 你一个个动态说明了个⚒️？ 有本事500万播放拿的钱全捐出去。,19399966,1572891406
你俩是不是搞对象呢,哦豁？给我放了？,46090469,1572890963
戈鲁多,总算解黑了,331281233,1572890801
虚空之翼MAX,批判的话就不说了，就问一句你来不来华灯宴投稿？毕竟异变结束后邀请元凶参加宴会是传统（\n（华灯宴类似于东方版的拜年祭）\n我们很需要你这样的技术力人才，投稿说不定还能将功补过，有意向的可以联系@思维跳跃的熊怪,206081604,1572889540
虚空之翼MAX,总算出来了,206081604,1572889216
鴉鴉鴉鴉鴉鴉儿,第一千条评论。希望事情到这里得到一个圆满的解决,382165082,1572889117
摸鱼楚狂,动态怎么样我不清楚，但是视屏下面还在删除评论，我寻思你有个锤子的诚意，就算道歉也给我像话一点，就你给我们扣精日这顶帽子，至少也要为此专门写一封道歉信，这种没有诚意的道歉不是你认识到错误，只是掩饰自己内心慌张的遮羞布而已。,132780670,1572889104
服部鬼刃,出来啦,156993763,1572889065
sunrise000,咩↗️2↘️0↗️1↘️6↗️！\n为什么你不在视频里面加东方的标签？\n为什么你质疑东方一个嫉妒亲日的群体为何如此嚣张？\n为什么你觉得BA和东方没有关系！\n不要再说了！（一号选手起跑）\n那么答案，只有一个了\n住口啊（二号选手起泡）\n咩↗️2↘️0↗️1↘️6↗️（三号选手起跑）\n你就是世界上，第一个觉得东方众只有六百个人的男人啊啊啊啊啊啊,34011275,1572888835
twostepsfromyou,静观其变，截图都有，再想搞事，直接橄榄,286978764,1572888420
サリエリの-隣人,我终于出来了，这件事就先算这样解决了。顺便再说一个题外话，加不加东方tag无所谓，但能不能在你的所有ba视频的简介里放出本家的出处地址？既然这是ba的二创作品那么把原作贴出来是应该的吧？,35822724,1572887715
血祭纯粹之主,👴现在可以不追究你，但是你说自己作品上首页和东方up没关系👴可保存了。,39286359,1572887622
铃仙玖号,不早了，睡了，希望事情趁早解决,39204593,1572887073
铃仙玖号,有一说一，我不希望那个管理最后查出来是你小号，别让事情越搞越大,39204593,1572887001
懷古傷己,是时候打EX面了,227075311,1572886694
铃仙玖号,终于出来了，憋死我了[抠鼻],39204593,1572886676
懷古傷己,600勇士之一的我出来了,227075311,1572886663
琪露诺rushB,呦，十五个小时以后总算给我放出来了嗷，米国网络这么差的么（笑）。讲真，这回这破事儿差不多算告一段落了，你以后别再给我们瞎扣帽子了嗷，咱不是恋恋，帽子先生可不是咱们的好朋友。自己想想你现在整这破事儿值不值，咱东方众不是二刺猿，咱是越共，平常躲起来见不着人，你惹了嘛……现在爽了？既然现在也差不多结了，我也就不喷你了，以后干啥事说啥话都注意点，别瞎扣帽子也别瞎说批话，平常也别搞的自己多厉害一样，人外有人天外有天，比你顶的人多了去了，总之以后还是低调的好，估计这回这事儿一整，你得上萌百（笑）。既然这破事儿暂时过去了，咱就先不掰扯了，回头自己想想说那几句批话值不值，整的叫一堆人把你往死里喷，谁被骂都不好受，你也一样吧，好好想想。那……就这吧，你以后别再整出这种事了，这回就当是个教训吧。这种破事嘛，对谁都不好，你也应该明白吧。那就……暂且祝你的学业顺利吧。               哦，对了，你把你群里那闸总管理给我扬了，什么司马玩意啊都……,213300670,1572886635
w御宇,说实话，瓜吃的不咋滴，心里挺难受的[呆]感觉现在欺负东方的越来越多了，真就虎落平阳吗,49834006,1572886525
独孤丞太康,各位保持情绪稳定啊。不要被带节奏啊。虽然咩的行为让我们不会轻易原谅他，但我们当下要做的是集中精力去追踪那位管理啊。[嘘声],288355728,1572886364
爱德王,终于出来了，现在就剩那个管理了,38343111,1572885831
艾卡苗,草 我出来了 是不是第一批斯巴达先锋都放出来了,37900009,1572885719
妹紅妹红碳,等了12小时终于出来了，就差处理那位口出狂言，妄以违法言论恐吓群众的管理了,5497883,1572885665
来自遥远非洲的鸽子,感觉事态已经走上正轨了 这边至少黑名单也在慢慢往外放\n管理问题肯定是要追究的，如果管理解决不好必然又是要闹一场\n事情的处理也确实是她做的不好，目前还是优先静观其变\n总而言之 这件事情肯定没完 但即便如此 我觉得也轮不到某些人来带节奏吧 现在越战打都打完了再来强行开战 真是想拉东方路人缘啊  虽说他确实做的很不够厚道 我看着也很不爽 但相对于最开始已经有基本改观了 所以在事态进一步发展前 好好静观其变就好了 要是他到时候解决这事没解决好 那时候在喷也不迟(…) 所以各位兄弟们 饶人之处且饶人 更别让最后再借势装出一副受害者的样子 \n又及:管理这事儿什么时候能解决啊…好麻烦啊好麻烦……,262229374,1572885660
独孤丞太康,现在要调查的就是那位管理是不是咩的小号，如果是，恐怕会再起事端。,288355728,1572885448
为什么那你,哦哟，可算把我放出来辣?,2492243,1572885222
红萌馆dr女仆长咲夜,宁可终于给我大号放出来了，别的事咱先放一边。有一说一，可否把宁群的那管理员交出来对个线？,160246761,1572885175
Tick嘀嗒,不可能那么容易放过你的,30597225,1572885152
我兔V武,好，本600人出来了，希望你好好兑现你的诺言,35961261,1572885130
宁州广南,行，既然你说你没有发表过任何威胁性质的言论，那你就把你那个鉔种管理交出来给我们，一人做事一人当，你不会是想包庇这种脑殘吧。\n提醒一下，不要想着搞什么幺蛾子，我们只要你那个弱潪管理就能不追究已经很仁慈了，如果你还想着搞什么花样，抱歉，没机会了。,25406219,1572885038
w御宇,600人这么多人吗？[doge],49834006,1572884923
妖现惊梦,感谢宁高抬贵手把👴放出来\n我没错，下次还敢[doge],39624794,1572884835
水仙玖号,在？我大号怎么还在黑名单里？为何不试试脚本除黑呢？[微笑],95965378,1572884436
独孤丞太康,给在场的车万人一个公告：\n管理问题尚在讨论之中，我们不能放松警惕。我们在后续仍要密切关注管理的问题，[响指]直到管理的问题能完满解决，这事才能了结。在此之前，我们能做的，就是静观其变，一直这么做。,288355728,1572884073
蕾米萌亚-抱头蹲防,ex面：无中生友,11975222,1572883879
血祭纯粹之主,👴今天就是放血小鬼的化身，事情可没完呢。👴在看着,39286359,1572883708
七月琴奏,说明一下，解释一下，妥协一下～,352881338,1572883461
蓬莱山雪月,你把我们东方众当成什么了？啊！！,60375938,1572883376
古明土也觉,停火协议刚刚签完，看现在这样的形式，真就打算开启ex了？,59795427,1572882759
射命丸宝华,美军撤军越南了，游击队们打扫战场准备撤吧[2233娘_卖萌],106285371,1572882639
血祭纯粹之主,👴现在越仔细👀宁之前发的东西就觉得不对，\n一、不肯放下面子道歉，而是恳求和觉原谅\n二、宁还是在为之前的言论找借口，什么六百东方人是计算出来这种无脑言论都有。\n三、若干小时了仍在继续冷处理。\n👴寻思嗷😄，宁就是在转移火力，并且试图保持高傲的息事宁人🤑,39286359,1572882489
宁州广南,把你那个骡子管理交了，这事算完，我觉得我们已经很仁慈了。,25406219,1572882426
UUZ_PRIME,接着补充啊,3854842,1572882243
UUZ_PRIME,牛逼啊   你就是我这几天的快乐源泉啊,3854842,1572882229
Tick嘀嗒,*无耻上升到了新的高度*,30597225,1572882157
Tick嘀嗒,xswl,30597225,1572882139
独孤丞太康,看样子你也是有真心在反思罢。也，没什么好说了，不说了。\n不过那位管理我们还是会追踪的。,288355728,1572882118
楠哥BRONAN,( ´_ゝ｀),1847169,1572882080
--纯狐--,嗨名单似乎扬完了。\n那么就等个管理后续，这事算完。,11526362,1572882046
蓝琉32767,管理出来挨打谢谢,13932031,1572881974
CHocARAtooo,居然被放出来了...\n总之现在除了那位管理员大概没什么好说的了[2233娘_喝水],36111283,1572881972
時雨丶青枫,人生有梦，各自精彩，咩桑在这里正式宣布车万正式与烂苹果正式解约，感谢咩桑三天以来为烂苹果脱离车万籍所做的努力。相聚有时，后会有期。无论何时，咩桑都会全力支持烂苹果有关未来的决定与安排，也祝福咩桑能够在未来的道路上，收获自己理想的人生！,22085175,1572881536
蓝梅一盅酒,*请找出草丛里的斗笠壬,473069333,1572881272
血祭纯粹之主,宁要是还不肯放下美国牛学生的高贵😁，后面可真就开启ex了嗷😀,39286359,1572880685
伊图_丹莫刺尔,那些说幻想乡里打一场之后就都能开宴会的，注意一下特殊情况哦。\n口嗨干爆全幻想乡(的强者)的正邪至今全乡通缉\n凭借高技术力为所欲为的易者现在....\n\n就看现在评论区的风向，我觉得一定的警惕还是要有的。\n&#34;并不是每一场异变都能被解决，有一些，只能被终结&#34;,23171079,1572880671
血祭纯粹之主,👴想想嗷，宁群内管理呢？现在有个专门叫咩2016的吧里有讨论过嗷🙃。这位挑事管理曾经说过“我的b博”这件事情就有趣了嗷😃,39286359,1572880551
血祭纯粹之主,说明一下，说明一下，说明一下，说明一下，👴看着就烦,39286359,1572880347
血祭纯粹之主,十个小时现在不止了，宁还没有结果，宁是三姓家奴？,39286359,1572880303
血祭纯粹之主,宁高贵的自尊心使得宁没法直接说抱歉，对不起？,39286359,1572880265
血祭纯粹之主,👴寻思直接说抱歉对不起很难做到吗？“表示歉意”宁可真8⃣错,39286359,1572880142
懒挞挞的银蛇,在？你那群管理什么时候给大伙交了？,132935710,1572879762
来自遥远非洲的鸽子,3/2东纪念,262229374,1572879208
unrealer,做的夠多了，但是那個管理必須安排了,4568559,1572878954
-因幡地为-,我觉得他应该有内意思了\n我大号已经解禁了,43748585,1572878843
权_powWwWwer,打完传教，准备ex\n推荐last station（,71496835,1572878766
白狼天苟犬走椛,接受道歉是一种礼貌，我想咱们都会接受，但原谅可不属于礼貌的范畴，为什么在我的印象中“说明一下”是妥协而不是道歉？是我家教没教好还是说大家都是这么表达歉意的？\n只希望你能真心悔改罢，如果不是因为热爱谁会没事找人对线呢？不过以你之前两面三刀的行为想让人难以相信，不过你是怂了还是知错了这都和我们没关系了对吧？ \n无论好坏，你的认知都终将会在将来的某一天与你回报,13548943,1572878530
伪君-Ambil,当然要道歉啦,以后做的BA还得要我们这些600人的车万狗们“捧场”呢,要不是为了流量小憨批会道歉??[奸笑],19283432,1572878483
--纯狐--,《丈育六百众能否梦到装死电子羊》,11526362,1572878361
哦吼G,有没有乐咩群私我一下吧呜呜呜 我快憋死了 大号到现在还在里边待着,260211078,1572878236
国际共产233,今日有无版聊，我小号回来了[doge],36250680,1572878019
一朝平步上天台,在？把管理员挂出来道个歉？管理员就是你么？还是您也被管理员请雇佣兵包围了？[doge],395420913,1572878018
禄存天玑,算你700个黑名单，两小时7200秒，平均删除一个要10秒，手点都比这快，怎么还有人没被解除？,2117299,1572877945
水仙玖号,那啥，我等了半天了，我大号啥时候解除黑名单啊[抠鼻],95965378,1572877727
霧雨丸丸文,从车万大总统到航到暗阳花再到这次，其实本质上没太大区别，不过感谢他们为我们平淡无奇的生活增添了些许的乐趣。下一个又会是谁呢？,28022442,1572877447
369871C,放学再看了下，本篇那里中午之后的楼层都是连着的，没再有删楼行为，这么看还真是脚本惯性大刹了两小时车，UP是真心道歉的，大家不妨多等等……,68376317,1572877295
余九堂,晚安咩桑，期待你明天的表演,399574954,1572876660
一般通过大酱,大伙还在版聊咩？有无企鹅群带我一个啊[妙啊],188493595,1572876397
地上好多渣,我笑了,12112185,1572876330
白狼天苟犬走椛,“同人就是同人，圈子再大都不是正统”解释一下？\n别和我讲什么息事宁人，这个词难道不是非常消极的用词？,13548943,1572876324
林逸_晓,看来脚本已经变成了付丧神，有自我意识了呢,244768801,1572876165
幻想中庭,今个上课还不知道停战协议签的如此之快。但这事就算完了?依旧是毫无诚意的第三人称道歉，群里那位发言奇妙深刻的管理依然还在。昨天动态发的抹黑东方精日的言论也没有任何表示。你真觉着这件事情敷衍敷衍就能了事?,26566457,1572876003
二阶皛Eziua,up你怎么还不出新的人工智障对话视频啊？东方车万是什么意思？zun啊巫女啊什么的完全不知道呢[doge],102876842,1572875990
暴力为了纱雾,观望吧,175057250,1572875958
不灭深红丶Scarlet,黑名单还没删完，请问是脚本进化了有自我意识了吗？,22756959,1572875893
红魔馆的红茶杯,米国睾校睾才生果然强👍,99806016,1572875848
秋水之溟,有🈚带佬整点二创，为幻想乡加一个鬼人正邪？（非恶意）,21804772,1572875586
--纯狐--,再这样拖下去咩咩子二创都要有了（悲）,11526362,1572874783
懒挞挞的银蛇,没有交代呵？二次爆破不可避,132935710,1572874736
--纯狐--,半天过去了，莫得动静，不愧大忙人👏👏,11526362,1572874713
盈_利盈_利干_杯,这就完了吗我瓜都没吃上啊[蛆音娘_吃惊],23533315,1572874095
沐夜muye,也还是有不温柔的车人，没有多少车人在你干了错事还跟你好好说话，别不服了，踢上铁板还是认栽吧,302442642,1572873794
蔚嘉,过来加入车万老年爱好者人口普查…,8554096,1572873321
余九堂,av52746762\n另外一个也破了十万了，悲报,399574954,1572873158
自由落体的GF,还在拖，黑名单和管理问题还没处理好的话，怕是会二次爆破( ´_ゝ｀),230045938,1572873149
小偷478,结束了吗？结束了，我方舟刷材料去了,67654630,1572873011
饶思哲,人口普查开始，阿咩别跑啊,283838646,1572872989
来自遥远非洲的鸽子,我好想打文明啊……,262229374,1572872751
余九堂,还是没有啥新消息···十一月霸权番就这么烂尾了,399574954,1572872120
余九堂,佛了去看了你之前的动态才发现你删的原来是那里的....,399574954,1572871659
美国间谍羊大人,如何评价《仁王2》B测？,472365872,1572871650
流风之巡礼,长进再小，也是长进……？\n哦不，我就一吃瓜的，没评价总结的资格\n华~灯~宴！✧٩(ˊωˋ*)و✧,38715106,1572871562
Occultism,我是不可战胜的究极生物仿生羊，我曾击败了无数圈内人，直到有一天，我碰到车万600勇士，他们用儒雅随和的话语和比我脚本还高级的程序一点点粉碎了我的BA视频，为什么会这样呢，明明是车万厨都喜欢的Ba，明明是圈外人看不懂的蜜汁视频，明明是双份的快乐，为什么我要一直发说明呢，我不做阿婆主了！谔谔！,59688214,1572871554
清廉正直-射命丸文,boss攒大中…,23088148,1572871524
美国间谍羊大人,看来你是不打算放我大号出来了,472365872,1572871494
羽纶笔,异变结束了，是时候在版聊开宴会啦,35606011,1572871457
touhoufans-,越南战争结束x\n对越自卫反击战（大嘘）开始√,11377999,1572870992
来自遥远非洲的鸽子,闲着也是闲着 再问一下吧\n真的没有郑州的老乡吗？,262229374,1572870695
秋水之溟,我做东方鬼畜音mad，好吗？,21804772,1572870441
命莲寺-神灵庙,休战了，是传教时间，\n意にそぐわぬリターニー\n[微笑]粽子我吹爆！,249115843,1572870294
来自遥远非洲的鸽子,奥利给！！！,262229374,1572870294
咲致布,从北伐战争到抗日战争又到太平洋战争，我们终于有回到越共状态了，这次就算了吧，我们准备华灯宴，也许这就是（忘了要说啥了）,100811766,1572870234
咩6324,我看了一下这个月的充电名单，10个人里有7个是内鬼就离谱\n\n琴 酒 模 拟 器,480262617,1572870217
吟游死宅,迟来的支援……和平了？滚了滚了。,10266074,1572870124
命莲寺-神灵庙,6面打完了，一起去神社开宴会吧！,249115843,1572870048
秋水之溟,考虑到美国时间，也不用太急，说不定睡一觉就什么都有了……,21804772,1572870017
提督是中二病,十个小时了……怎么这事情还没结束啊。\n口嗨管理？控评脚本？黑名单？\n拖字诀，几番轮回\n你锁眉，哭原谅换不回～\n纵然评论已经成灰\n档案没毁,19883894,1572869931
来自遥远非洲的鸽子,再摸个,262229374,1572869656
佐佐木琪露诺,av71928144 圣白莲同志的珍贵视频,107042878,1572869567
咩6324,歌曲推荐环节：\n\n天の邪鬼,480262617,1572869547
--纯狐--,*我来编商议结果，好吗？,11526362,1572869455
风一样的皇,拖时间，只要熬时间就可以吗？,10037259,1572869309
虚空来声,根据管理维护您的程度您和管理应该关系还8错。\n那为什么还不出来帮您 澄 清 道 歉 做 出 解 释 呢\n到底是不是您精分反串，我暂且蒙在堀川雷鼓里。,34360388,1572869060
--纯狐--,被动蓄力还行_(:з」∠)_,11526362,1572868838
虚空来声,已经⑩个甚至⑨个小时了，管理仍然在装死。\n如果靠拖的话我觉得您会被二次爆破。,34360388,1572868745
563641,十个小时后，一看，发现事情没那么简单，群管理问题还没解决，拖字诀kana？[吃瓜],8019129,1572868648
风一样的皇,补充一下，该视频依然在删评论,10037259,1572868638
eldTan厄火子,十个小时过去了，黑名单没清完这咱们知道，你和你们群主商量的如何了？你别想蒙混过关，不管怎么样先发个新动态证明一下你还活着吧,20278208,1572868396
佐佐木琪露诺,av37711907 来看森萝万象,107042878,1572868141
来自遥远非洲的鸽子,求发一个新动态\n方便集中火力[doge],262229374,1572868021
--纯狐--,十个小时了，黑名单没清完，商讨后续连个屁都没有，评论数谜之变化这个另说。\n就算狗管理使了，十个小时也够雇个人编出来个商讨结果了吧？呐呐呐？？\n在？差不多早晨了吧？高学历带手子不起床的嘛？还是米国哒不稳定因素所致嗷？,11526362,1572867643
Paulzzh,av74540768 那个高产手书作者又更新了，快来,73796753,1572867338
咩6324,呐，你能把我的号先放出来么，呐呐呐呐呐呐，即便是这样的我，也想要用大号和友达们版聊呢,480262617,1572866947
余九堂,无内鬼，推荐歌melt in the sky,399574954,1572866761
来自遥远非洲的鸽子,好麻烦啊 又要编段子了……,262229374,1572866579
来自遥远非洲的鸽子,开始了,262229374,1572866549
托卡列夫毁灭魔炮,您又开始了？\n诚恳？\n麻烦给个解释？,57935470,1572866515
伊之巡,笑(jpg),266787830,1572866488
君梦Re,道歉就行，东方众还是很佛系的，谁也不希望自己喜欢的圈子风评被害,234084196,1572866475
云玩家厨一号,怎么我两个小号早都出来了大号还没出来？,389408883,1572865997
红魔馆的红茶杯,爪巴,99806016,1572865736
妖梦酱的小麻薯,终符【通知一下】,34790800,1572865289
虚空来声,在？来版聊。,34360388,1572864946
天国的小刀,技术大佬被自娱自乐小圈子纠缠,13091866,1572864916
来自遥远非洲的鸽子,好的 一东了,262229374,1572864785
应天从物Nev,就等了各位同好,鄙人现在已重新上线评论追踪\n某咩在BA事件本篇评论区的一举一动都将记录在我的设备上\n详情请看cv3891603\n只是小小的工作,但是也带动了复数的兄贵加入了评论区保护和追踪的行列\n再次为他们表示感谢,也欢迎更多技术力的兄贵加入进来\n再次提醒某咩,请停止这种暗度陈仓的行为\n你可以欺骗善良的东方爱好者,但是躲不过数据检测的眼睛\n为防止被削除或沉默,鄙人恳请各位600勇士点赞保持评论热度,谢谢各位\n1023,391690264,1572864583
来自遥远非洲的鸽子,闲着也是闲着\n大家来乳法吧,262229374,1572864503
来自遥远非洲的鸽子,既然管理依旧没有动向\n我们来版聊吧[doge],262229374,1572864009
虚空来声,⑨个小时过去了，管理杳无声息，管理到底是不是咩小号我暂且蒙在堀川雷鼓里。,34360388,1572863963
蓬莱山樱子,佛爷，黑名单里有个添加时间，11.1日以后的，还是说您还想整些迷惑操作？,420233504,1572863559
无辜的一张脸,要是真心道歉了，那我也没什么想说的了，就是想问问那个管理怎么办了╮(￣▽￣)╭,114943858,1572863483
清正廉直的天狗记者,异变结束了 该回去搞华灯宴了[2233娘_大笑],20347594,1572863126
余九堂,等等，你把你管理员给我交了,399574954,1572863069
青鹭光子,請把@伊书亚・拿撒勒努斯 解除屏蔽,296851524,1572862905
小杰喜,up主既然道歉了的话，我们也不会再纠缠您的，但是记住以后不要再犯这样的事了。,275583013,1572862550
Kurokoma-Saki,我刚才看了看，恁评论删了不少啊，累不累啊？,238680490,1572862490
咩6324,我的号至今还在黑名单里，这是几个意思？？？从您上午发动态到现在，手动解除都能解除完了吧？？？放出一部分人造成你道歉的假象，让他们给你说点好话，然后让没被放出来的人失声？？？再然后你是不是还想再背刺一次？迷惑,480262617,1572862351
幽忧梓,多年后的某天，up正在抖音刷着短视频，突然飘来一句弹幕:awsl是东方系列里面紫妈的BGM(指幼女幻奏)\n那一天，up终于回想起了曾经一度被东方project用户所支配的恐惧。,335059135,1572861803
我是隔壁你王叔叔,我们是600人哦,8942590,1572861306
平安清华,奠 邊 府 戰 役,20433899,1572861263
爱-格Egger,冲塔多好玩，可惜这乐子很快就没了\n希望咩大佐能梅开二度，继续为人民群众提供娱乐[抠鼻],16100315,1572861224
抗原大爷,大家都能和平相处是最好的，打完架开宴会是传统嘛～（￣▽￣）,6949741,1572860858
幻境安之匙,你留下的梗很好玩，但是希望以后不要再留下了,308019621,1572860581
极道八千慧bqingh,好，知道错了就行（口球三天后没法参加战争表示谅解）,15389640,1572860558
夜雪伐竹,嗯嗯，up可以说很诚意了。欢迎在华灯宴投稿，毕竟打一架再一起开宴会是东方的常规操作（确信）,2741221,1572860293
余九堂,[doge]虽然来晚了，不知道有没有人还能看到，我想求一张图，早年在贴吧看见的，现在估计被百度删没了，就是三个人站在很大的柱子上，我只记得中间是灵梦了，那张真的是我最喜欢的一张图，如果有人有我先谢谢你啦,399574954,1572859827
余九堂,既然你都道歉了大家也都不会再纠缠了，可能我之前也有把你写成各种梗我这里也道歉，希望你以后别再像以前一样，好了，再见咩2016,399574954,1572859704
高低,你丫的重新发一条能累死吗？还有把删评脚本给我交了,2290198,1572858685
fcbater,这时候说雇佣兵应该不会被删了吧,1762700,1572858229
不灭深红丶Scarlet,让管理负全责可以吗？,22756959,1572858225
深圳养鸡二厂,咋怂了？,18527256,1572858202
我谔谔谔谔我,ん,310334,1572858120
古明地热,-你管理呢？\n-我不到啊\n-害搁这沟通呢？,22773221,1572857862
252725272527,既然道歉了那就行，下次别再犯了。,325272894,1572857390
--纯狐--,我说不要引战的评论被删啦，哭哭,11526362,1572857345
U-237,早知如此，何必当初,175000838,1572857273
東風谷靈夢,成都也是有东方活动圈子的，涉足此地的车车人欢迎加q群834149868,331891291,1572856777
地底的托卡马克装置,行了行了，华灯宴都在搞了，咱还是准备准备在宴会上版聊吧[滑稽],190789747,1572855772
雀食堂账房小忍Official,600勇士的故事还在书写，而前线的战争暂且画上了逗号,377421140,1572853873
★LR攻君略IOゎ,从倾墨事件就能看出你的为人，上次尝到霸凌的甜头了没想到这回碰上钢板了吧？咱和大部分只要你道歉的和善的东方众不同，巴不得你④的说，但既然大家都妥协了（暂时），那咱也不穷追猛打啦，我认为你这个最多算是认怂了完全不服气呢，但咱也学着大家大度点了就不管这么多了，可不要想着日后背刺我们啊，你们群内鬼清不完的，一直在监视着你，管制下口嗨行为，特别是那狗管理，没它你能少大部分麻烦（一体的话当我没说），东方众的上限东方众也不知道，还望你不要再作死，否则到时讨伐你的可能不是600勇士而是600猎马人。梗我都收下了，好好改过自己吧，你现在是真的⑧行。另外，要是在灯华宴康你的话，咱会很惊喜的呢（各种意义上）,13735463,1572853648
来自遥远非洲的鸽子,停火啦停火啦\n既然人家都道过歉了就暂且收工了\n顺便您要真闲的慌爱去哪去哪\n别在这儿败坏路人缘了,262229374,1572853506
蓬莱山樱子,佛爷，意思我被针对了？大号还没被放出来,420233504,1572853364
HerobrineWQC,总之，支持车欠,87797395,1572853249
HerobrineWQC,我局的这件事是不是可以记录到某百科（不出道）,87797395,1572853209
水仙玖号,道歉了就好，我们也不是什么不讲理的人，还有你那个管理趁早安排了罢,95965378,1572853142
虚空来声,大家现在暂时停火。\n但是东方众保留声讨权利。,34360388,1572852531
justaneet,啊，来晚了，可惜,2027314,1572852357
U_511,咱也喜欢东方，虽然表面上看不出来罢了(°∀°)ﾉ,287443848,1572852093
用户名因违规暂时屏蔽,我黑名单呢我黑名单呢我黑名单呢？\n我视频tag呢我视频tag呢我视频tag呢？\n我本篇评论呢我本篇评论呢我本篇评论呢？,24986068,1572851008
Firefly219,等下，你这里面的评论怎么又少了？解释一下？,27127561,1572850647
浅寒轻晓,总算解黑了，我也不想闹得太不好看。。大家就当看个笑话，别太过火了。。各玩各的就是了。。,2739014,1572850058
刀塔Austin,在？沃尔沃卖枪看看,1797247,1572849632
a1555555,刚来，原来东方只剩600人了吗？[doge],8409269,1572849008
L丶葱灵C,是真的收手就好   东方圈子虽然小  可是技术力可不是普普通通的  你的所作所为已经被人记录下来了  当是个教训吧,7802922,1572848944
CheeseDAZE,其实不用搞得这么上纲上线的，大家都熄熄火吧,33186625,1572848689
咩6324,咩酱本身没做错为什么要道歉，奇了怪了（管理并感,480262617,1572848589
杨淑芬,快车欠，车车欠，车一欠,564295,1572848566
某只三无,停火了停火了，去找恋恋的帽子去了[吃瓜],22805835,1572848405
黑暗的中二骚年,我是第599个勇士，我刚知道消息呢，你怎么就拉了胯呢？🐏🐏🐏🐏🐏,5094408,1572847921
LIMBO丶gate,终于出来了(〜￣△￣)〜,5388815,1572847002
nspace_std,嗯？,454548181,1572846417
雾雨月藏,我是那个在贴吧做了时间轴的人。\n说一句，虽然你的“说明一下”里仍然有不地道的地方，但看在up终归做了退步，大家就暂时撤了吧。,2422052,1572846233
QREI,说明一下之说明一下之最后一条之补充,1417004,1572846148
永遠的紅白丶,——越战停火了？那……一起来乐囧好吗？\n——*好！*[滑稽],59239598,1572845973
369871C,结合时间再看，这是脚本延迟太高还是?\n10465(昨晚十一点)到10517(今天上午10点)完全空白\n10517到10546 镶嵌分布\n10546(一小时以前)到现在暂时连贯\n观望,68376317,1572845952
雾雨月藏,我解封了？？？,2422052,1572845925
Drink一杯酒,撤军！从这事情看来，盲目扩大争论总会被别有用心的人利用。删屏也有b战删的，基本上up主也做到没控评，各位同好也理智，毕竟我们本心也是好的，围护我们这个圈子，最后希望up引以为戒。也希望来东方花灯宴咯。,13061595,1572845505
咩6324,本篇评论仍旧有删除迹象，距离你说解除黑名单已经4个小时，我几个号还全部在黑名单里，这就是你的道歉ma？整的我有点慌，别再跟上次一样背刺一刀,480262617,1572845269
二百卌,这事好的！,11707348,1572845173
ミクのCharlotte,虽然我第一天就被拉黑了，但后面几天的战场我可是全程在线，点赞点到了手发麻[吃瓜],14216346,1572845118
咩6324,我黑名单呢我黑名单呢我黑名单呢？\n我视频tag呢我视频tag呢我视频tag呢？\n我本篇评论呢我本篇评论呢我本篇评论呢？,480262617,1572844974
保卫二刺猿,up既然道歉了那我们就停火，只是有个要求需要你去解决一下就是你群里那个憨憨管理员，要么把它飞了要么让它出来道歉，别到时候这憨憨管理又整出什么幺蛾子那就是你自己吃的亏了，我们只要个道歉罢了而你群里那个憨憨管理估计是巴不得你好😵,29505455,1572844933
黎魂冥雾JK88,搞快点，把管理交了！(破音),321029973,1572844833
MoukuC,打什么仗，都给我回来过年！！,25702078,1572844701
全是注册名,这结局应该算好了，部分细节也别深究了，累了,28116840,1572844687
ミクのCharlotte,不管怎么说，黑名单终于解除了，那就先暂时原谅你，虽然我知道你心里一定不服气，但我还是要提醒一下你：如果以后胆敢出尔反尔，再倒打一耙甚至地图炮，那恐怕你要做的事，就不仅仅是道歉那么简单了。,14216346,1572844674
应天从物Nev,有关本篇评论区的数据备份请看我最新的专栏cv3891603\n个人因为上班工作电脑环境和自己私人电脑差异,无法继续备份工作(而且导致上午上班一直在摸鱼)\n而且我的账号现在被制裁无法发图\n原各位能力的理所能及的完整的保存评论区内容\n谨防某咩表面删评背后暗度陈仓\n以上,谢谢茄子,391690264,1572844673
有点逗的熊贰,解锁：ex面,29621757,1572844526
咩6324,在？本篇评论大量削除是自发删除还是你搞得？,480262617,1572844425
古明土也觉,东方众:现在认识到自己的错误了吧！现在那个管理怎么样了？\n\n口羊2016:说明一下【图片】\n\n东方众:哦哦哦\n\n口羊2016:说明一下【图片】\n\n东方众:???\n\n口羊2016:说明一下【图片】\n\n东方众:那个管理在哪里？\n\n口羊2016:说明一下【图片】\n\n东方众:问你话呢！\n\n口羊2016:说明一下【图片】\n\n东方众:→_→\n\n口羊2016:再次说明一下【图片】\n\n东方众:( ´_ゝ｀)\n\n口羊2016:补充【东方project用户→东方project爱好者】\n\n结局NO.1——再次说明\n                                                                 解锁EX,59795427,1572844413
犹格索托斯的残芷,好，认错态度良好,1761949,1572843992
不正经的小空,以后不乐囧了，以后改乐咩了[滑稽],23426781,1572843851
佐佐木琪露诺,@咩2016 黑名单还有剩下的呐 （受@爱德王 委托通告（,107042878,1572843850
百里丿怖怖,说真的，你可能是我见过B站删动态和发动态最快的了，而且是不过脑子的那种,5718514,1572843811
咩6324,三个多小时了，我几个号怎么还在黑名单里？恩～你给我 你给我 你给我,480262617,1572843633
应天从物Nev,在？为什么还在删评？,391690264,1572843236
应天从物Nev,本篇评论区评论再一次被大规模清除了，我佛了，真的佛了\n这态度，我去你的吧（xx）,391690264,1572843181
时空龙银龙军团之王,简直就是奇迹啊。,240290860,1572843069
时空龙银龙军团之王,我出黑名单了，我去,240290860,1572843056
时空龙银龙军团之王,。。。,240290860,1572843044
MTHP-ARIKADO,終   戰   詔   書,6577129,1572842984
瑾瑜哒,UID:448681047  ID反esu圈 钓鱼任实属给力,448263837,1572842565
槐安の夢,七回啊 七回,11870145,1572842546
52根绿发,好啦好啦，大家停手停嘴吧，up真诚认错啦，我们也没必要继续深究了，还有劝up一句，多学学为人处世，早点道歉就不会有这么大的波动的，还有那个管理你要么让他自己出来道歉，要么飞了。,356136688,1572842423
瑾瑜哒,也行吧…,448263837,1572842168
楠哥BRONAN,属实法国人,1847169,1572842166
咩6324,害搁这说明呢，我黑名单呢？拉黑我用了3秒，解除拉黑用了快3天了（恼,480262617,1572842043
Agartha-wind,六面打完了，开启happy end\n至于有没有ex，ph，last boss\n我先暂且蒙古（,27465785,1572842032
冰狐墨言,～(￣▽￣～),37415686,1572842029
回光返照ing,555越共好不容易钻出来发起一波攻势，才过了四天又要钻回去了[大哭],34866434,1572842021
羽神带你学IT,再再再请教一个问题，如果我进行创造，只使用bad apple这个歌曲，需要加那个什么东方吗？就事论事啊，大家别开枪[喜极而泣],199294575,1572841997
应天从物Nev,新发的评论目前目测已经停止删除，但还得请各位兄贵截图自己的评论\n然后据部分兄贵反应昨日的评论有被删的情况，但是没有对比不能下结论\n别忘了我这边可是记录了这两天的所有评论\nyqy当时有x站官方保护伞，但你没有\n我也想收手了但是但愿你不要再弄神秘操作,391690264,1572841952
东方project用户,我又来了[画风突变],198388589,1572841935
Yuina_BingGan,行了行了，差不多了,9142549,1572841622
丢人的东东,静观其变ing,16057265,1572841556
夕夜歌,顺便欢迎你往华灯宴里投个稿，异变结束后邀请元凶参加宴会是东方的传统。,49687820,1572841367
妖梦酱的小麻薯,兄弟们，我出来了,34790800,1572841306
午夜琉璃花,都散了吧，我们没必要咬着不放，道歉就行了，以后不要随便口嗨上头，只要你认错，我们照样欢迎,41925914,1572841281
万恶的大当家,更正可还行,8549831,1572841083
咩6324,555，我四五个号还全部在黑名单里呢，能安排一下ma？,480262617,1572841060
夕道樱,华灯宴要来了，大家准备过年吧没必要和一个死要面子的人吵,194673531,1572840993
人生如梦一鬼瞳,这根本不是道歉，说明一下就行了吗，说句对不起有这么难吗,8058526,1572840908
邪馬台與桃姬,還有你說明你早鬼個批呢？說明一次性還不夠還分段上癮了？還是說這就是你最後的倔強嗎233333,6831403,1572840906
羽神带你学IT,还有谁能来解答一下，啥是东方？？为啥他这个bad apple没有加东方就不行？？是所有的创作都要加最初的创造还是因为其他原因？？有没有人解答一下,199294575,1572840801
羽神带你学IT,话说总算扯完了？？高级攻城狮被整成这样说句实话也是有点无语,199294575,1572840734
应天从物Nev,午饭吃完了，评论区还在删啊,391690264,1572840703
新人帽,最强技术宅的失败,343055122,1572840691
邪馬台與桃姬,三二一就被橄欖了？可憐又可笑啊[笑哭]？,6831403,1572840677
摄命红叶,胡 志 明 小 道,14539911,1572840601
应天从物Nev,，，，,391690264,1572840579
权_powWwWwer,终于解除拉黑了\n我没说过侮辱性的话，我也不会说\n异变结束就结束，以上(･∀･),71496835,1572840419
b北极狐d,感谢up的合作，这几天我的言论也有过激之处，在此向up和一般通过路人致歉。\n不过我还是那句话，身旁的奸佞小人一定要及时铲除。有些人看似两肋插刀，实则心怀鬼胎。没错，说的就是那位迫真极道管理。还请up回想一下，异变前期的节奏是不是都是他带的？如果说“车万六百勇士”不过让我们觉得滑稽，那么这位管理口中的“雇佣军”、“枪击”、“文盲”可就令人感到强烈不适了。我们看到这样的字眼怎么会不气愤？up看到我们的愤怒言论，“失去理智”，整个异变激化到了新的高度。up真正的敌人是谁？不是车万，不是ba，而恰恰是这个躲在幕后煽风点火的、害得你两天掉了三千粉丝的无耻之徒，还望up能够看清他的真面目，做出明智的选择,2289046,1572840220
風浦かふか,这样不就行了吗，一些人是不是还意犹未尽呢？,456041600,1572840186
Firefly219,同学同学，这就是我们所谓的一个，这是好的[喜极而泣],27127561,1572839949
冰之妖精Chirunous,Your government abandon you,G.I.,3711274,1572839651
皮皮杂,👴🏻巼鈊钚蚮恁退畢站嗷,15293121,1572839043
进击用尸0010,在？能把嗨名单解一下？,411293566,1572838856
进击用尸0009,在？能把嗨名单解一下？,408494251,1572838817
进击用尸0008,在？能把嗨名单解一下？,408270680,1572838769
进击用尸0007,在？能把嗨名单解一下？,408268738,1572838725
进击用尸0006,在？能把嗨名单解一下？,408264709,1572838687
fufufhtxf,在？为啥举报这个？\n“说明一下，说明一下”可不是道歉，是认怂，只是单纯的试图息事宁人。\n你群里那个要买凶杀 人的，把它姓名所在单位或学校交了，让600人中的几个报个警上报一下所在单位，怎样？\n你把所有东方project用户污蔑成费清，并且叫某权力极大的官方爱国团体来橄榄整个中国东方，这可不是小事。\n不是“说明一下”就够了的，不够。,4478501,1572838591
进击用尸0003,在？能把嗨名单解一下？,407267830,1572838572
平安清华,1973年，美軍撤出越南,20433899,1572838540
进击用尸0002,在？能把嗨名单解一下？,407264448,1572838503
进击用尸0001,在？能把嗨名单解一下？,407258195,1572838458
禄存天玑,8，10，11，19，37，42，44，49，60，解释一下，怎么会有这么高的评论消失率？无论是举报还是自删也太异常了,2117299,1572838276
应天从物Nev,本层评论71是反串人员，专门找乐子，千万不要加钓鱼群！,391690264,1572838058
Electucy,说明一下\n说明两下\n说明三下\n补充一下\n补充两下\n。。。,38219022,1572838001
禄存天玑,我仅代表我个人发言，请在所有地方完全停用脚本。你这只是想用无技术道德的手段回避除东方外惹到的其它所有人罢了。,2117299,1572837998
稗田嘉木,别停，加大力度（⌒▽⌒）,17014999,1572837769
你是我的小水蜜桃,我还等着看雇佣军枪击呢，,12578461,1572837463
崩坏3萌新hhh,OK,185638068,1572837381
本人猫癌晚期,本层评论71是反串人员，专门找乐子，千万不要加钓鱼群！,75549002,1572837057
lrk520,好,8334495,1572836699
かぐやandもこう,算了，可以了，哪怕这个道歉没达到大部分人满意的程度。但是东方本来就是个和谐友爱的圈子，大家也都挺忙的，不要为了这些破事忙里偷闲继续杠了，留个纪念罢手吧,31361372,1572836612
提琴超兽吉根,放出所有被拉黑的人，你没有权利阻止别人发声,311588633,1572836535
不来方丶深羽,你不是做鬼畜 的up主吗,26339567,1572836353
杖刀偶磨弓,说明一下说明一下说明一下说明一下说明一下说明一下说明一下说明一下说明一下说明一下说明一下说明一下说明一下说明一下说明一下说明一下,8647317,1572836165
高坂穗乃果汁,哈哈,2303362,1572836128
up牛b,建议把管理叫出来道歉,197695353,1572836077
杖刀偶磨弓,说明一下,8647317,1572836014
OrangeFlowerBay,六百勇士守住了间歇泉关，幻想乡免于毁灭\nup知错就行了,28171131,1572835617
小小の心愿,给与这件事无关的路人道个歉，这两天我们的部分言语行为可能有些过激了，如果引起了你们的反感非常抱歉,35878699,1572835615
Z员外,点到为止，我们也不是要打死你，但是记住，说过的话，泼出去的水，请负起责任，这一次算是暂时的和解，请铭记这个教训,11593589,1572835408
应天从物Nev,要想彻底结束这些事情,某咩你最好这么做\n1.删除这污秽不堪的本篇\n2.录视频真人出镜给全世界的东方爱好者道歉\n3.放出所有相关软体源码,并且给被盗用的发布者道歉\n\n另外你暴露的个人信息足够多,我的意思?\n(为防止XX欢迎接力转发),391690264,1572835249
傻涛二号,说明一一一一一一下\n最后亿条说明\n补充,13657135,1572835249
SoFoTo,让那个管理出来走两步呗[奸笑],4779415,1572834978
冰鉴风,希望您能够以后能够快乐生活，也不要对一个自己么有怎么了解过的群体莫名其妙的口嗨了。\n怎么说呢？看看漫画，听听歌，看见自己的视频的投币又多了，自己的粉丝数又多了，当成是一种惊喜而不是任务或者目标，就很好。,340528904,1572834786
军萌道流,我是圈外人，没什么可说的( ´_ゝ｀)感觉还会有后续,96961144,1572834736
QREI,最后一条。jpg,1417004,1572834703
大龙虾编译器,异变结束了（？）今晚七点半博丽神社宴会 顺便欢迎大家入坑东方project,180298637,1572834440
恋恋的帽子朋友,及时认怂，逃避了成为乐子的咩先生，泪流了下来\n希望阁下以后能好好做人,8858575,1572834364
小辰同志,从黑名单里出来了，也不会多说啥了，希望您之后说活做事都稍微思考一下,11586602,1572834192
粉白道长,喷子大军已整备完毕，随时可以发起进攻，请首长指示。\n什么？敌军投降了？,33343049,1572833599
联邦的怪物MS,事情虽然过去了 但梗留下来了,44629226,1572833485
恋恋的帽子朋友,无 血 开 城,8858575,1572833442
提督是中二病,我觉得已经可以了，只要是诚心的，那么原谅也是水到渠成的事情了。,19883894,1572833395
佐佐木琪露诺,虽然很想再编一波六面boss符卡名称什么的，想了想还是算了（,107042878,1572833226
SQwatermark,各位也不用太抠字眼吧？把人逼得太死对大家都没有好处，退一步海阔天空。毕竟人的语言习惯不是说改就改的。总之期望up能够有所改变。,11621025,1572833134
面包已成年,好啊，就此结束吧,4114434,1572833129
本人猫癌晚期,请把群管理给我们交了,75549002,1572833095
某花田,彳亍,85942987,1572833051
来自遥远非洲的鸽子,1973年 美军撤军越南,262229374,1572832800
妖夢の霊,正准备吃瓜瓜就没了？[惊讶],87202098,1572832792
自由落体的GF,最后，请尽快把你群的那个管理给下了，或让他本人出来道歉，否则可能会搞出更多事来,230045938,1572832719
酸黄瓜重工,把你在群里的激烈发言挂出来用不用 沃尔沃买东西贵不,17134772,1572832715
禄存天玑,可以，确实解封了，等着看群管理的处理方法,2117299,1572832662
发新人,我不要这些高高在上的补充，我要的是公开，透明化的道歉，黑名单解除的公开化，还有你对其他被你霸凌的up的道歉!谢谢配合!,38015492,1572832658
清廉正直-射命丸文,收工！散伙！\n希望uo真的是知道自己错误所在\n既然这样子咱也先退出战场力,23088148,1572832635
煮沸的冰块,建议补充ex面管理,225531190,1572832623
RedtheJagunar,终于算是很及时的合理道歉了，我差不多可以了，愿就此息事宁人,19002696,1572832574
72胸围保密会会长千早,我希望你以后还会在补充一下你群管理的问题，CIA的事我有点受不了，不过毕竟是口嗨，口头道个歉就完事了,86639976,1572832554
紫鲟くん,我觉得已经差不多了，咩今天的处理态度不用再死抠字眼要求了吧，大家都还是希望有个好结果的，继续对一些细节处理死要求只会让事件越来越难堪。东方本质难道不就是一个和谐友好的爱好者团体么，也希望咩不是被迫道歉而是真心的致歉，希望你能明白我们东方众并不是苛刻无礼的人，我们只不过是一群被睿站压榨价值，只能靠自己的力量维持人气与尊严的人。,13954461,1572832544
春缘铃音,ao,4456158,1572832518
魔法少女鹿目园,为什么一个极度亲日本的团体现在如此嚣张？\n\n                                                          ———圣经咏唱,12994137,1572832441
来了一个路人,魔理沙:灵梦，这是异变啊！\n灵梦:变你大爷\n……,289816340,1572832309
--纯狐--,知道听意见了？ao,11526362,1572832215
ZZR会有猫的,我只想说，身为东方圈外的一般通过粉丝，我原本只是想看up主提供更多有意思有技术力的内容，结果这两天动态直接变第三次世界大战战场了。。我能理解你们的愤怒，但是也请你们考虑自己的一些过激行为对他人造成的负面影响。,21251397,1572832213
鴉鴉鴉鴉鴉鴉儿,单从你道歉的态度来看，我认为还是不够诚恳，一直在那说明说明补充补充，从根本上道歉的内容却很少,382165082,1572832165
秋帳含此明月光,行了行了，适可而止，做素质东方众，别把人逼得太紧，走吧，回家准备华灯宴去吧。对了，我们在这诚切邀请up往东方华灯宴投稿[doge]，如果能看到我们会很开心的,22788538,1572832103
_梦违科学世纪_,[小电视_笑],105495732,1572832018
聪明强大的琪露诺酱,视频道歉个人认为不必了，拜拜,12070284,1572831966
虚空来声,给劲嗷，我就等最后一个：你群那个狂妄自大的口嗨管理什么时候出面。,34360388,1572831865
佐佐木琪露诺,持续了两三天的咩咩异变迎来了尾声。不会有ex面吧？不会的吧。,107042878,1572831825
我的工业2,差不多了吧，梗也存起来，希望以后不会再有当面刷梗的机会,3749614,1572831600
白兔味的芒果汁,补充一下\n补充一下\n补充一下\n最后一条,250205151,1572831452
心之泠羽,能不能把“说明一下”更正为“道歉”或“对不起”之类的,388429008,1572831451
秋水之溟,我认为这是好的，并且没有任何坏处,21804772,1572831427
4399一1111,东方才火了4天又要凉了,2238480,1572831412
凉宫朔叶,不是说明变成补充了[doge],237608370,1572831392
抗原大爷,草，ao！,6949741,1572831346
