uname,message,uid,ctime
9鲁诺9巴纳,4.7w浏览 320评论 删的够多的啊！,436342605,1572933305
卡密da,可以啊，b站上我暗箱操作，群里面我重拳出击，口嗨加大力度，奥利给,76576034,1572930527
幻想乡的武器A,评论数量被锁了,430966500,1572929741
抗原大爷,EX面来了！,6949741,1572927923
一条咸鱼散发出的光芒,我有预感这绝对不是最后一条说明,123719160,1572927270
提督是中二病,群里继续口嗨，车车人！集合！,19883894,1572926992
北辰千明,好了，争端再起，本以为带佐软了，没想到大佐依旧硬啊，别她妈搁这假道歉，不是你群里进了内鬼，是一群看乐子的都没吭声，还有找乐子的还在附和你个憨批，带佐再硬点，别让乐子消失啊,28009578,1572926973
提督是中二病,过段时间我再来观测一下，看看会不会跳会307这个数字，那怕有自删每次看都是307也太不正常了。,19883894,1572926968
芙兰朵露-斯卡-雷特,现在更新1东数据:\n1东=595人,283269718,1572926770
芙兰朵露-斯卡-雷特,我删除了和平言论。自删。因为这货还在跳。,283269718,1572926740
提督是中二病,已知刚刚我说307的那条评论是第308条，现在…2333,19883894,1572926424
e级沙包,600勇士别停下来，这货在ex面等着呢,8490206,1572926011
candleflame,extra 删评start,19610465,1572925410
妖现惊梦,-能表演一下那个吗？\n-什么？\n-说明一下，说明两下，说明……\n-哈哈哈哈哈哈[doge],39624794,1572925136
提督是中二病,绝对在删评，刚刚我上一个评论按时间排还在下面，现在又上来了。少了好多评论，而总数好像一直维持在307这个数字！,19883894,1572924866
禄存天玑,又在删评哦？,2117299,1572923912
禄存天玑,测试测试~,2117299,1572923905
提督是中二病,还有个管理的boss没解决…\n继续删评的新关卡又出现了！,19883894,1572922539
大江山颪,评论少了这么多？,7860301,1572919922
9鲁诺9巴纳,你这叫道歉吗？,436342605,1572917269
卡密da,还在删评？这就是技术大佬吗？爱了爱了,76576034,1572916616
星期八的虚,异变解决，准备宴会（指华灯宴）,8917195,1572913978
9鲁诺9巴纳,还搁着“道歉”呢？我看到评论被你删了不少呢,436342605,1572907668
照烧铁板鱿鱼酱,这才是一个拥有24.4万粉丝的up主该做的事情,359310083,1572905642
54132553617_bili,散了散了,349796442,1572890103
w御宇,管理的事可要好好搞啊，真网上重拳出击?说话不用负责任呗?啊网络时代真好啊,49834006,1572884703
高天原的观测者蕾琪尔,大家注意一下，现在仍有大量删评的现象,15853247,1572881623
宁州广南,既然这样那就不作追究了，不过我还是想你把你那个脑瘫管理给我们交了,25406219,1572881222
ydnhaha,被关了三天黑名单终于出来了（第一次被拉黑还有、激动），如果up停止了删评最后也放完了黑名单感觉大家就可以停了罢，得饶人处且饶人\n\n（但是那个群管理是真的恶心到我了，观察后续发展,167433310,1572879980
天堂与地狱666,怎么这么快就结束了，咱还想即兴写一两首小诗加大力度呢（笑）\n果然高三狗真是悲催，连胜利时刻都没见着，咱还是在全面战争前被偷袭的一批人之一嘞\n既然这样诚心道歉了，就不要再提了吧（当然玩梗是停不下来的），耗了这么久，也该停下来了，up以后做事记得多想想后果，谨言慎行（话说一个研究生为啥要我一个高三的来教）\n这次事件应该会被载入史册吧（\n好了就说这么多了，溜了\n（早就散伙了我还搁这说啥呢）,177734373,1572879632
nlimes,说明一下\n我脚本成精了,99084718,1572879012
一朝平步上天台,在？把管理员挂出来道个歉？管理员就是你么？还是您也被管理员请雇佣兵包围了？[doge],395420913,1572877942
静静的炖河,这算是劫掠西域都护府还是殖民圣地盖亚呢？,4657652,1572877208
藤原_妺红,收了，时间刚好，再晚可就无法挽回了～\n说起来，如果可以做个东方视频，那就当道歉礼原谅你了\n可以的话，把那位枪击人祭出来让带家伙看看呗,220262831,1572876624
红光ASL,up能道歉认错就是好的，大家各退一步皆大欢喜。希望以后别再出现这种事情......,12073240,1572875277
面筋超带劲,可以，支持，知错就改就是好的。不过，，，600人 可能要成老梗了[笑哭][笑哭][笑哭],183500019,1572874709
扬扬tjy,总算是结束了……这样就可以了，我觉得大部分人也不会太纠缠的吧（总算是可以出来说句话了）,85288818,1572874196
白的影,我在群里突然被移出了什么鬼？,269911167,1572872596
Type64_Automatic,六百越共愣是打出了二十万的效果。\n玩笑话到此结束，希望up认真反思错误所在，我们也不是甩不掉的尾巴，既然up愿意下台阶，我们也没有不给人台阶下的理由。但这不是我们或者up的单方面妥协，而是我们共同的进步。\n我没资格命令up做什么，只是一个建议。为了防止这种事情再度发生，我强烈建议up在发表言论的时候先考虑一下公关效应，这是对他人负责也是对自己负责。,4057040,1572872418
魏姜来,凡  尔  赛  合  约,278071294,1572870542
一只可爱的泪月,在？标签加一加？,283299941,1572870008
懒挞挞的银蛇,管理员问题如何了？,132935710,1572866995
咩2077,十个小时了，技术大佬的诚意就这？你可真的把你爷爷整笑了。我说真的就恁这连环作死换别的低素质圈子底裤啥颜色都已经扒出来了,180093632,1572866880
来自遥远非洲的鸽子,第1/2 东,262229374,1572866184
应天从物Nev,就等了各位同好,鄙人现在已重新上线评论追踪\n某咩在BA事件本篇评论区的一举一动都将记录在我的设备上\n详情请看cv3891603\n只是小小的工作,但是也带动了复数的兄贵加入了评论区保护和追踪的行列\n再次为他们表示感谢,也欢迎更多技术力的兄贵加入进来\n再次提醒某咩,请停止这种暗度陈仓的行为\n你可以欺骗善良的东方爱好者,但是躲不过数据检测的眼睛\n为防止被削除或沉默,鄙人恳请各位600勇士点赞保持评论热度,谢谢各位\n1032,391690264,1572864606
骊驹_早鬼,请问评论的数量为什么，从今天上午的350评，降到了现在的256呢？,49218887,1572864075
Flandreeee,我看那管理员挺有意思的，咱们给他整个活吧,380258255,1572863780
青鹭光子,請把@伊书亚・拿撒勒努斯 解除屏蔽,296851524,1572862932
Kurokoma-Saki,我寻思着中午还是一千多现在怎么就两百多了,238680490,1572861605
只好随便起名,那...继续乐囧？[doge],69749748,1572859632
衛星カフェテラス,越战胜利\n他要是再硬一天，估计就步刘泽后尘了吧,248595051,1572859522
飘逸的自我主义者,既然这样的话 那就先停火吧,87664690,1572858640
我亦好歌好酒,散了，散了，喝茶，喝茶。,14440076,1572857428
SNALG,口球摘了，瓜也没了，另外你的群群主不是你可海星[偷笑],87506505,1572855073
雀食堂账房小忍Official,来瞻仰下日掉粉榜第一,377421140,1572853986
来自遥远非洲的鸽子,停火啦停火啦\n既然人家都道过歉了就暂且收工了\n顺便您要真闲的慌爱去哪去哪\n别在这儿败坏路人缘了,262229374,1572853154
老透光,前面说了一堆屁话，现在来动态里“说明一下”就想回避过去，刻意抹黑，扣帽子，26W粉丝就把自己当个人物了嗷，大家对你口诛笔伐的时候你的粉丝在哪里呢？(=0ω。=),266798,1572852654
天外天星,有一说一，一般路过，你这道个歉就算完了？怎么保证不再犯?怎么保证那个人身攻击的管理员不再犯?[偷笑]这拱个火蹭波热度，再来几个不痛不痒的道歉就算完了？[抠鼻]现在的营销是不是连道歉模板都包办了?觉得车车人好欺负就来蹭热度呗？,596885,1572851658
浅寒轻晓,给UP各建议，恰饭可以，惟热度至上也可以，但起码多对其他人，其他群体，其他爱好，多怀有尊重之心，别膨胀，别张狂，B站不是QQ群，美国也不是法外之地，要谨言慎行，谦和待人，自我提升，开拓创新。,2739014,1572850600
浅寒轻晓,兄弟们，我终于从小黑屋出来了（作为第一波阵亡的1/600），既然停火了，大家也都停了吧，别太过火以免影响东方众的名声，。。这几天我都没好好看东方视频了，得去补一补了，推荐周刊，我来啦[喜欢],2739014,1572850289
黑发惠黑化会发黑,这是好的，至少没有坏处,19961110,1572850118
HUVA-8961,呵，被我说怕了,401896022,1572849415
全て僕らの所為です_,已经被解除黑名单 希望UP主以后不要妄想控评拉黑能够解决一切,452120,1572848885
佛罗伦萨的导师,不要发截图，键盘在自己手上，建议打出来,33123440,1572848038
咩6324,都4个多小时，我几个号怎么还在黑名单里？？？？？,480262617,1572846429
yaobaizhong,你会用个鸡儿的脚本 4小时过去了 我大号怎么还在里面,13596680,1572846164
尚不鸣雀,你这脚本惯性挺大的呀,171552379,1572844880
9鲁诺9巴纳,不要停下来啊！(指脚本),436342605,1572844597
幻梦樱璃,首先是感谢各位战友的倾力相助，是所有人的努力才能让这场战争的机器得以停下，也希望大家能够理智发言。现在这个情况真的很不错了，主要的矛盾已不再是咩咩这里了，而是他幕后那个煽风点火兴风作浪的管理员及其幕僚。我们在给搭台阶，是谁在背后拆台阶？我们在给你找出路想办法，是谁在背后作妖做法，一步步把你逼到绝境上？听我好言相劝，尽快供出群里那群“黑心党”，好好认清这种人的丑恶嘴脸，关键时刻他们不会给你帮助，只会在角落里面口出狂言狺狺狂吠。想想前几天，他们之中有任何一个人为你站出来了么？事已至此，相信不少东方众以不再会咄咄逼人，但肯定会提出其他小问题，这些可以坐下来谈求同存异，但是那个管理员及其幕僚必须现身！此外，你这场战争将五路主力部队卷进战争的漩涡，还给别人扣上莫须有的帽子。至少希望贵方不要再涉足这几个圈子了，虽然反对不会有，但肯定不会有人支持。此外，希望这次道歉是真诚的，不要想着息事宁人以期日后谋反，我们所有人都记得清清楚楚你是如何背刺那些帮你在东方出道的好心人的。最后，是我个人的想法，我希望看到如下一句话：所有东方爱好者都是ai国ai党之人。,227868562,1572842937
幻刺曦锐,散了散了，希望别再有下次了,33148594,1572842565
777473838,可以停火了,199357312,1572842542
骊驹_早鬼,我希望您的道歉是诚恳的，事到如今我们彼此已经可以放宽心态去看待对方了,49218887,1572842341
Sahara酋长,草，黑名单用户是什么？主动进入黑名单？[微笑][微笑],361226041,1572842030
_星辰美景_,《巴 黎 和 平 协 议》,162752983,1572842011
Pedix_Vinnd,行，如果你是诚心诚意道歉那我们就可以不追究了。但是如果你再偷偷摸摸又搞什么幺蛾子，我们不会再心慈手软了。不要当我们都是傻的，我们看得一清二楚。给你机会，改过自新，不要再把机会搞掉，那样谁都救不了你。,433351698,1572841899
王door传人,呜呜呜版聊区又要没了,201402424,1572841842
妖梦酱的小麻薯,我终于出来了,34790800,1572841270
BC_Frost_Pig,还会有新视频吗？,52877776,1572841227
雾屿祈祷中---,我被移了！耶,263172098,1572841191
GreenLawn,一直在默默关注此事的东方众，终于看到此事有了转机，停火了。（兴奋的从树上跳下来叽里呱啦说越南语）,2688048,1572841103
妒娘-帕露西,人 間 宣 言,21289320,1572840937
9鲁诺9巴纳,在？怎么还在删评？,436342605,1572840490
简直了鎏金,散了吧散了吧，差不多行了，那个暴躁老哥管理要考虑撤职什么的，一半的火都是他捅的,85943326,1572840369
Shamemaru_Aya,密 苏 里 号,23154567,1572839497
嘻嘻哈哈走过去,那么你删掉的动态可不可以恢复呢[吃瓜]，终于可以发评论了,17476698,1572838903
我就想看看沃还要换几个昵称,什么时候你能给之前被你欺负的其他up也道一个谦呢……,122607227,1572838876
イカレ野郎,结束了！闭庭！,536132,1572838728
成败皆潇洒,你群管理属实拱火之王，留着小心哪天又把你炎上,37211647,1572838209
efuious,怂。你作为一个相当有影响力的up做事完全不考虑后果，之前狗急跳墙该说的没说不该说的全说了现在收不住了认怂了就想道个歉一了百了了？,144096235,1572837819
皇之子龙,还和群主协商，你和你自己协商吗（\n其次配合这词，哪有要求别人配合犯错的人的（,3781775,1572837560
AntsiLynn,说不删评但是我上条评论还是被删了。另外，希望严肃处理那位声称要雇佣 gu yong bing搞qiang ji的，严肃认真道歉，不然天晓得你们是否在准备下一场山林华事件。想必您老在美国接受了本科教育，和我们一样清楚美国社会在这种事情上的zheng zhi min gan度。,144045315,1572837162
DIAVOLOofficial,咩大佐为何车软？恁又一次加深其他圈子眼里我们600东方警察的丑陋形象，现在不被橄榄还想走？,34672884,1572837043
路过的白夜叉,现在只剩管理的事了，暂时停火。,35313047,1572837040
路过的白夜叉,虽然没有期望中那么好，但这事应该也就过去了。为人处世多学一点没坏处，知错能改，善莫大焉。,35313047,1572836771
伞U3,好了好了，道歉了就成，大伙散了吧,20808271,1572836725
上杉绘梨衣丶ovo,咋回事，溜了溜了,12449732,1572836716
AntsiLynn,嘛还有，你只说这6条下不删评论，其他视频下还会删。那么，是否意味着你将来准备这6条致歉一删就不认账了？希望解除其他视频下的控评，蟹蟹。也希望其他看到的人注意做好备份。,144045315,1572836492
90638092611_bili,想借贵群管理人头一用，升官加爵有你一份,346291588,1572836440
up牛b,最后一个要求\n你把你管理给我交了,197695353,1572836399
六乃コヰムOfficial,Mission Accomplished,31542008,1572836375
全所为,拉黑功能关闭了，删评还在继续,45561729,1572836305
猫车地灵殿专线,那整挺好,24691129,1572836213
椛薰子,谢谢,281106410,1572836206
孤之流星,停火可以，但不代表你就没事干了。,104388229,1572836164
天子之旅,我评论又被删了 我又没喷你也要删？ 这道歉看起来也没什么诚意 不过就这样了 我们也只是想要一个道歉而已 说点认真话 up锻炼下为人处事吧 对你没坏处的 而且交点真正的朋友吧 那些在你做错事还一味拥护你的人和那些在你将要犯错时能拉住你的人 我相信你能明白 忠言逆耳  利于行啊,21808539,1572836147
王朕紫灵,我也刚知道这件事。希望正如你所说的一下。,133564951,1572834865
被无视的LR,虽然我不觉得咩是真的诚心道歉，这表面工作做得也还不够漂亮。不过既然认怂了，大家也就别死磕，这样也差不多了。以及那个管理的事后续还要处理吧，别协定着就没下文了。,13517814,1572834485
山彦桜,终于道歉了吗，希望这次是真的道歉了,19169559,1572834461
古-明地蕾,结束了就好，我们600人该准备过年去了，啊，对了，600东方众这个梗我们收下了，说不定还能玩一阵子,15042584,1572834319
厌战渣渣,知错认错是好的，虽然梗已经留下来了,225889369,1572834214
怠惰得长蘑菇,散了散了,99322849,1572834078
十五夜咲夜-,你的群原来你自己不是群主的吗[无语],8004797,1572833981
Z员外,既然如此，请你引以为戒，若是还有再次事件发生，这可就是明知故犯了,11593589,1572833640
来自遥远非洲的鸽子,1973年 美军撤军越南,262229374,1572832767
SQwatermark,退一步海阔天空，如果看到过激评论请大家予以制止。,11621025,1572832737
無名ハモニ,哇,來遲了,大家都把我想說的話都說完了[蛆音娘_哭泣]\n既然已經道歉了,那麼此處的大型版聊環節就沒了啊(大霧)[蛆音娘_哭泣],36022677,1572832492
不要踩我的帽子先生,刑  满  释  放,5892393,1572832479
发新人,行，你话说到这里，我可以同意暂时算了（暂时），但你给我记住咯。不要以为你这最后一条说明，就是整个事件的终点了。\n1.后续的道歉（对于哪一方面的道歉）黑名单的处理，我要求具体化，公开化。\n2.群里某些弱智发言，不管是你还是别人，我要求相关责任人道歉。\n3.对于霸凌其他up主方面，希望借着这次事件，你一并道歉。\n以上。,38015492,1572832446
酸黄瓜重工,车车人还是太文明（温柔的世界）,17134772,1572832280
佐佐木琪露诺,散了散了，《东方咩々梦》通关了\n大概会有那个群管理作为ex面吧,107042878,1572832276
章鱼鸭,行吧，虽然没有期望中的那么好，但能道歉说明你还是心里有数的，不管是被黑云压城搞得顶不住压力被迫道歉还是反省出自己真的做错了不然不会有那么多人无端怼你都无所谓了，我们本来要的就只是个道歉而已\n另外给你几个忠告吧(所以一个研究生为什么还要我一个考研的人来教):\n1.凡事都要有敬畏之心。BA在东方圈心中的地位你也是知道的，你的作品嘛我承认之前说的有点过火，但无法替代原版这点你应该明白。不是点击高就一定是好作品，影流之主1000多万点击你觉得他在制作水平上超越你了吗？如果你觉得光凭点击量就能把原版踩在脚下的话，那你和我那些觉得孤芳自赏好过&#34; Something just like this&#34;的混账同学一个样\n2.过河拆桥不可取。那个那个，你能给我讲讲你是出于什么心理才删的东方project标签的吗？之前我也说过，你和东方圈开战完全是你自找的，自己没得到任何好处还弄得一身腥。利用完别人之后再甩开是我最痛恨的行为，不说滴水之恩涌泉相报吧，好歹你也别在背后捅一刀啊\n3.没有无妄之灾这一说。不要以为一出事被人喷你就委屈的要死你是受害者，在洗地之前先反思下自己做了什么事才搞得大家来&#34;无缘无故&#34;攻击你。什么？真的有无脑喷子？哦，当然有啊，为啥他们会来你这呢？还不是你先惹的事\n4.好好提高下自己的语文水平。真的，不是说工科生语文就可以不好，我也是工科生，高考语文才130左右，但好歹我能做到评论里不会被人抓到把柄(大部分时候)昨天你自己分不清比喻把别人的正常言论拉出来批判我想你自己也很尴尬吧，还有发个公告连续5个都是“说明一下”，丢，你自己看着不累吗？你哪怕把&#34;一下&#34;去掉都没这么别扭。还有，别再叫东方project“用户”了，BA做了两年了连对东方基本的了解都没有你觉得你有资格挂起&#34;镇站之宝&#34;的招牌吗？\n大概就这些了，还好你惹的这事是在网上，现实中如果做了这么魔怔的事估计是要社会性死亡了。这事估计再过个几年你自己都会觉得自己干了件蠢事。希望你能记住这个教训，以后谨言慎行别太浮躁，这事如果你不会再在后面捅刀子的话我们也就当过去了。你以后可以继续发你的视频，我们也井水不犯河水不会骚扰你的(但最好别逼我反悔)\n你那个管理必须严惩,1968882,1572832250
-夢違科學世紀-,散了散了，这事也就告一段落吧[小电视_害羞],105495732,1572832115
Techqin,👴🏻刚开始恰🍈怎么就要结束了？,36761069,1572832021
9鲁诺9巴纳,各退一步海阔天空吧！都消消气,436342605,1572831955
热心市民御坂美琴,看到这就感觉车万人脾气真是太好了,173996798,1572831954
-宇佐见莲子-,知错能改，善莫大焉,32970986,1572831909
帕奇利兹パチリス,溜了，以后别再搞这种睿智操作了,11569451,1572831757
春缘铃音,你能做到我就不再追究了,4456158,1572831645
博丽日涅夫Channel,希望您说这话是在柏林而不是贡比涅森林。,169997238,1572831635
-夢違科學世紀-,[小电视_害羞]大家散了吧，没事了。,105495732,1572831560
Guy孜游,我看还是暂时停火好了。但我还是想说一句  互联网是有记忆的。希望你管好你今后的所作所为。,8542579,1572831415
清正廉明铃兔子,啊？就这几句话能顶什么用？因为害怕而道歉的话这道歉又有什么用？对不起，你从内心都不会想着去改变，我现在只想看你GG然后恰你的人血馒头,1800830,1572831353
日月月庄猪,脚本批量控评拉黑这件事，任何地方都不应该有。,275598177,1572831286
土著神頂点の諏訪子,散了散了,18735017,1572831252
丢人的东东,我们散了不代表事情没发生过希望你清楚哦，你能处理到哪一步心里有数吗,16057265,1572831251
来自遥远非洲的鸽子,顺便 借由此事 我发现诸位对鸽子很不友好 我也想要一个说明[doge],262229374,1572831249
假的阿喀琉斯,早点一个道歉哪来这么多事，我都不知道这几天在你身上浪费这么多时间为的是啥...,46447145,1572831207
563641,散了散了，肯道歉就行吧\n瑶姐直播中快去听歌吧[微笑],8019129,1572831198
懒挞挞的银蛇,咩的态度可以了，各位不要过于苛责,132935710,1572831100
白兔味的芒果汁,新  番  速  递,250205151,1572831095
--纯狐--,大家停火，散了散了，版聊启动（不是）\n\n不过你这“最后一次”就免了，别什么“管理员问题正在协商处理”就没后续了。,11526362,1572830955
日月月庄猪,黑名单怎么样了，脚本大肆删除，管理怎么处罚，我们要看到明确的道歉和处理结果,275598177,1572830947
古door明夫,多数人其实有瓜就吃，也不敢多bb什么，我就是其中之一[吃瓜][吃瓜],110537997,1572830932
迷途容人,异变解除,114074766,1572830908
日月月庄猪,你背刺囧仙等帮你转发的up们又怎么解释？https://h.bilibili.com/40708371,275598177,1572830900
乾团神様,记得给ba视频加上东方tag,93843993,1572830896
szfhsxr,论如何在四天之内成为网红,11619405,1572830873
关你皮丝,行，那就散了,91305165,1572830834
冰凝丶霜结,散了散了,2121009,1572830791
暗网业火,您还说您不会人身攻击呢？虽然您是道歉了但这不代表没发生过啊，精日的帽子什么的。,397136382,1572830783
迷途容人,就这样吧，散了散了，毕竟我们也不是什么魔鬼，没必要缠着不放,114074766,1572830760
fufufhtxf,你雇佣兵呢？枪击案呢？,4478501,1572830746
来自遥远非洲的鸽子,好了好了 散了散了,262229374,1572830726
9鲁诺9巴纳,都这样了，\n我只希望你做到以下几点\n1 不要再用东方盈利了\n2 不要再扣帽子了\n3 把你群管理员给我扬咯\n4 视频道歉,436342605,1572830723
支点与侧卫,好了，大家先停火吧，感谢up主合作，知错能改善莫大焉，早点认错也不会把情况激化到现在这样。\n另外感谢东方众（越共）的热情支援，也希望大家能反思自己在此次事件中的过激行为。,266702839,1572830711
二百卌,散了散了，咩酱加油噢，以后别惹一身骚啦,11707348,1572830707
洛呀么洛小仙儿,爬,13100120,1572830668
Saberzxe,大家住b站吗,159170198,1572830665
hybft,道歉就行,88173644,1572830659
蓝琉32767,好了好了散了吧,13932031,1572830629
红魔馆的An_,人  类  迷  惑  行  为  鉴  赏,28156448,1572830627
幽萌子,说主要的，别躲责任，那样是真的一切都会解决,4571075,1572830554
오스카상,？ 发生什么了,172596443,1572830485
