uname,message,uid,ctime
蓝琉32767,总感觉好安静啊，评论区里也没有以前的评论了，大概是被咩大佐给删掉了。\n大概是把火力全调走到新战场了呢，我也不要松懈便乘加把劲骑士呢\n是啊，我们所做过的一切，全 部 木 大,13932031,1572962358
kanna_空条妮可,还在删?可以,11861588,1572960867
w御宇,评论咋变这么少了？又删了?,49834006,1572959283
进击の肥皂君,在？  人在cn  刚刚睡醒 昨天评论2000+ 今天100+  问 ： 雇佣兵什么时候到 \n为什么这个精曰小团体何以这么嚣张？\n东方project在这之后就完了！！[蛆音娘_无语][蛆音娘_无语][蛆音娘_无语],2032027,1572955371
東風谷靈夢,成都也是有东方活动圈子的，涉足此地的车车人欢迎加q群834149868,331891291,1572952064
达芙妮基恩,说得好，把你稿件给我删了,9819579,1572929701
妖现惊梦,-能表演一下那个吗？\n-什么？\n-说明一下，说明两下，说明……\n-哈哈哈哈哈哈[doge],39624794,1572924734
芙兰咄陆,昨天晚上这动态底下还有一千二百多条评论，咋今天一看就少了两百多条了？,5153949,1572914865
进击の肥皂君,在 ？  人在cn刚刚被删评   请问雇佣兵什么时候到？ 为什么一个精曰团体可以如此嚣张？？ 在这几天之后东方project就完了！！！,2032027,1572907236
NekoのMeowbot,听说up主被碴条搞了？？到底怎么了,12751226,1572868851
高天原的观测者蕾琪尔,想借用事象干涉大法假装道歉当挡箭牌吗，呵呵\n不到半天时间评论就消失了大半，你可真勤快啊（笑,15853247,1572847153
平安清华,1968年，美軍進了越南,20433899,1572838526
星空迹く,3.6w浏览，151个评论，你这也忒能删了吧[吐],50970021,1572827962
来自遥远非洲的鸽子,这里好冷,262229374,1572827243
隙间里啃西瓜,我透你不知道bad apple和东方啥关系搁着掺和啥呢？偶然看到觉得好看决定搞点东西？脑回路清新脱俗啊（好比不知道穆斯林和伊斯兰教啥关系决定搞个穆斯林集体蹦迪再拍个夜店tag？）,36619789,1572795299
独孤丞太康,有用么？,288355728,1572795133
饶思哲,笑死我了哈哈哈哈哈哈,283838646,1572794980
默默今天做什么,无限月读？,7787576,1572794824
灵魂建筑师,科技区评论该视频技术低下？科技区有几个大佬？有本事自己做一期比这还厉害的再出来BB。,50993472,1572794072
我永远爱里苏特_jpg,存在于群里的美梦\n　咩2016的主题曲。\n\n　目的是表现出隐藏着什么秘密的恰钱的形象。\n　我觉得平常里经常出现的笑点之类的，果然还是(毫无)技术力的\n　象征啊。\n　不过本身是看利益所以脑袋还是空空如也。,7842445,1572792469
幽靈列車牛排,…………“我真傻，真的，”咩2016抬起他没有神采的眼睛来，接着说。“我单知道加了东方tag会有东方众。我不知道不加tag也有。我一清早起来就开了企业授权的正版Adobe全家桶，就开始意淫车万人用的都是盗版Adobe，车万人买不起正版，叫我自己写的脚本去控评。他是很听话的，我的话句句听；他出去了。我就在屋里意淫。我叫脚本？，没有应，出去看，只见代码撒得一地，没有我们的脚本了。他是不会坏的；各处去问，果然没有。我急了，央人出去寻。直到下半天，寻来寻去寻到哔哩哔哩里，看见一个评论都没删。大家都说，糟了，怕是糟了车万人。再进去；评论区果然寸草不生。600个东方众在评论区刷了2651条评论，我被东方圈子霸凌了。……” 他接着但是呜咽，说不出成句的话来。 …………,23469049,1572791726
古明地撒头里,给大家讲一个故事\n某一年，一支由600人组成的被称为“东方”的部队遭遇法国十六集团军24w人的枪击\n为了掩盖事实，临走前，十六集团军崩了几个自己人\n第二天他们对外宣称一伙精日部队袭击了他们\n但大家看到十六集团军的总指挥时不禁感叹：\n为什么它是一只删羊？,320564312,1572791473
写作佐藤读作砂糖,说明亿下（,8724282,1572791370
辣只橘猫,车万众只有六百人可还行[滑稽],28941280,1572790859
我也很绝望_,所以🍋就又双怂了，删动态？[抠鼻]截图我动态有，木大的，不正面道歉你就没救了[画风突变],24394145,1572790469
DewIckol,说明亿下，但是就是不正面道歉,8457139,1572789263
Shamemaru_Aya,对了你那个亲日还有hk相关动态我都有保存哦,23154567,1572788541
Shamemaru_Aya,一开始挺生气的，现在我的心态是看猴就图一乐,23154567,1572788282
博丽彩樱,这就是你又删动态的借口～💃💃💃,229020656,1572787824
换个姿势去蹦迪,我为什么会关注你[2233娘_困惑]取关取关[2233娘_汗],110888028,1572785780
我永远爱里苏特_jpg,把原动态直接爆破掉换成新动态厉害,7842445,1572785465
幻辰氏,把原动态直接爆破掉换成新动态还行……,17763773,1572784507
叫我大佬jing,3东的评论呢?,37417112,1572783914
叫我大佬jing,删评厉害敖,37417112,1572783763
大家的老婆真好用,删到一百啦，瞎得我以为这是zfz主题曲的评论区（,123956694,1572783235
氷妖精琪露诺,咱的养老发言评论都没了,209005860,1572782366
丢人的东东,为了up好，我建议up处理一下那位群管理员吧，你没发现很大一部分火气都是他挑起来的吗？至少让他以后说话时考虑一下，搞成这样他有很大责任，甚至说句难听的，他想让你死。（转发）,16057265,1572782209
DewIckol,不要停下来啊（指模拟删🐑,8457139,1572781537
Chiyer-,也不看看你和你群里的狗管理说的睿智言论再来反思,168808829,1572781243
大家的老婆真好用,这边想好好说话的评论也被删了，宁到底想干什么，我谔谔，，，,123956694,1572780328
苏联SSS战线工作台,破100,13657339,1572780261
7d5dff,无能💣打不响只有最后的装可怜一招了,55512626,1572779194
寻-米,这人是谁？,81621195,1572778985
游荡的骑士,这里之前那么多评论几时删的谁给个信儿（我大概4点多看还是300+）,3928726,1572778836
HerobrineWQC,什么叫极度亲日本？B站二次元文化很多来自日本，名字都是致敬日本的超电磁炮，不喜欢别呆着，gun（便乘）,87797395,1572778565
路过的白夜叉,一，请对脚本删评这件事做出解释\n二，请为您之前的动态发表看法\n三，关于您的黑名单不考虑做点什么表现一下诚意？\n四，好像您还在删评？可以做出解释吗？,35313047,1572778552
-阿琅-,动态删除了？,10732776,1572778257
幻梦樱璃,后排再补充一下，本来，这也就是一个动态几张图片就能解决了的事，现在，又是妖言惑众又是危言恫吓，还有威逼利诱，自己的一手好牌全给打散，如今仅凭几张图片几句话还有那脚本机器人就想博得四路联军的原谅，太嫩了，你以为我们都可欺不成？\r\r真要道歉，首先把所有给你宣传过视频的大手子，萌新，还有曾经为你辩护但转移阵营的粉丝，单开一贴，挨个艾特过来道歉\r\r关于所谓雇佣兵，请把你群里面那几个兴风作浪的妖拉出来，是骡子是马拉出来溜溜，别让他一天到晚张飞卖肉，光说不做，假把式。\r\r你要证明自己有真才实学，好，把脚本开源，不删一个字节公开出来。\r\r把所有因你而中枪身亡被封禁或拉黑的用户全部解禁。\r\r但我知道你根本做不到，因为你还在删评，哪怕你现在跳出来说一句发了动态忘了关机器人，误删了，那也可以。真真是可笑之至,227868562,1572777921
AlkNymor,咩，关注你的都是东方众吗，他们是什么，你又是什么？,33105034,1572777286
廢土走继,好  戏  唱  三  天,147890062,1572777237
托卡列夫毁灭魔炮,请不要装可怜，我们是能看出来您是不是真心道歉的。,57935470,1572777029
应急理智顶液,你不关心所谓的限流?那你找大佬up推你码的视频，说的话和自己做的事前后矛盾,77434396,1572776981
乘风行走之物伊塔库亚,在稻草人上，在稻草人上，在稻草人上\n插上了，五寸钉，五寸钉，五寸钉,153920931,1572776745
佐佐木琪露诺,呜哇啊啊之前的版聊没了...！！！,107042878,1572776728
射命丸木翎,还在这儿卖惨呢？把你删了的若干条动态给我交了,13930151,1572776706
虚空来声,说明和删评同时进行！,34360388,1572776705
乘风行走之物伊塔库亚,上海上海上海上海\n蓬莱蓬莱蓬莱蓬莱\n法国荷兰西藏东京伦敦俄罗斯奥尔良!,153920931,1572776662
托卡列夫毁灭魔炮,百般武艺，此乃装怂删评，是你赢了！,57935470,1572776621
-夢違科學世紀-,后排雅座,105495732,1572776396
妖贤八云紫,那是誰 是誰 是誰\n那是刪羊人 刪羊人 刪羊人\n背負着鎮站之寶的名義\n捨棄了一切的男人                 \n刪羊之箭如超聲波（指超速刪評）\n刪羊之耳是順風耳（指精準刪評）\n刪羊之翼直飛天空 （直接刪動態）\n刪羊的光束是灼熱光線（腳本24小時掃描評論區）\n將刪評之力 集於一身\n正義的英雄 （大噓)\n刪羊人 刪羊人,166553465,1572776381
帕奇利兹パチリス,恁之前不关心所谓的限流，只关心让车万圈的人帮着转发kana，要是真的不关心限流也不至于捞了114甚至514次罢,11569451,1572776089
梦符佳月,场 景 再 现,2059519,1572776041
埴安神袿姬Official,载 入 存 档,9809142,1572776035
梦符佳月,重 新 来 过,2059519,1572776019
托卡列夫毁灭魔炮,还在删评？,57935470,1572776010
近战法师ex,恳请大家注意方式方法，有节有礼有据\n时间轴\n19年8月11日，up咩2016(下简称咩）的发表视频av63148356 ，该视频未添加东方tag\n发表后，咩多次寻求东方圈的大佬帮忙推广 ，包括但不限于囧仙。\n在东方众的助力下，该视频不久上了首页。\n大量的路人涌入后，出现了一个问题，后面会提及。\n8月，咩因发表游戏塞尔达传说：荒野之息的相关视频，与人发生矛盾，具体情况这里不细说、不评判，因为和东方无关。重要的是，同期，出现他的ba视频被恶意举报现象。这或许是咩一开始加不了东方标签的原因。\n10月7号前后，一些科技区的用户批评该视频技术力低下，同时谈及咩的为人问题。 同期，恶意举报咩的现象再次增多。 \n8月到10月间，咩15次打捞自己的ba视频，其中多次说出“播放量超过原版了”、“要成为镇站之宝了”之类洋洋得意的话。 \n10月27是BA十周年。\n10月27日，up轩辕无痕发动态，表达对b站限流东方的不满，并未将矛头指向咩\n10月27日，咩打捞自己的视频，并表示“BA十周年了，大家来看看我做的视频好不好” \n需要注意的是，27号的两条动态并无瓜葛，因为轩辕没有针对咩，咩当时也没有看到轩辕的言论\n直到11月1号，咩发表动态，表示“我做BADAPPLE视频和东方有什么关系”，并且删评控评、把恶意举报和网络暴力的锅甩在东方众头上。 在粉丝群里叫嚣“大家不要怕，东方众只有600人” 。舆论爆发。 \n11月2号早咩发表动态道歉，辩解称自己不知道BA和东方的关系，并说因为举报的原因，仍然无法tag(那你之前怎么知道找东方人去宣传的啊）。该视频依旧在删除评论。（现在还在）,41355221,1572775986
efuious,你之前的操作太太太太拉仇恨值了，估计也很难这么平复下去,144096235,1572775872
幻梦樱璃,迟到的道歉，虚假的道歉，无和有道歉\r仍然在删评，不是在删评，就是在删动态，如此一来根本没人信\r即使图片天花乱坠，要想人不知除非己莫为，你这双线操作实在令我等佩服,227868562,1572775863
叶修我可以,玉  音  放  送,37261615,1572775845
小石头一块钱四个,最后一个问题：脚本还开着吗？tag加了吗？黑名单清了吗（疑惑）,21914614,1572775782
VSK-94,说明和删评同时进行！,407468300,1572775696
十六夜咲夜_魔怔,复读机会梦见删评电子羊吗，，，,11063273,1572775639
mikarua,似 曾 相 识 燕 归 来,23681086,1572775601
小石头一块钱四个,哎何必呢，当初好好说怎么可能会这样，但宁这q群里的言论真的太过分了,21914614,1572775541
御坂10833号,？发生了什么[2233娘_困惑][2233娘_疑问],164985848,1572775398
小石头一块钱四个,q群里之前怎么说的来着？删了又发是为了清评论吗,21914614,1572775375
春缘铃音,何必当初呢？,4456158,1572775354
万恶的大当家,经 典 复 刻,8549831,1572775328
gyfjsw,所以说，啥时候更新,31353811,1572775314
--纯狐--,那就把你脚本自动拉的黑名单放出来啊.jpg,11526362,1572775273
蔻田杏子_谦,你还在这不知道关系呢？\n&#34;请各位多联系几个东方大佬帮我宣传&#34;可是有截图的。,225364345,1572775269
MPNaCl,经典复刻,1522573,1572775256
小石头一块钱四个,又是这样？,21914614,1572775228
托卡列夫毁灭魔炮,现在估计是装可怜时期，我们绝对不能恶意辱骂他，但理智评论和质问gkd！,57935470,1572775122
来自遥远非洲的鸽子,又开始了……,262229374,1572775042
--纯狐--,为什么一个极具技术力的带手子，要对一个嚣张的极度亲日本的团体做出说明？\n脚本删评gkd，跨国诉讼gkd。,11526362,1572774959
明♂眸,更无聊的网友较真他们会更加起劲，就当无视发生，还等着看傻屌机器人呢,7345219,1572774912
近战法师ex,666,41355221,1572774870
杨氏乱码,恳请大家注意方式方法，有节有礼有据\n时间轴\n19年8月11日，up咩2016(下简称咩）的发表视频av63148356 ，该视频未添加东方tag\n发表后，咩多次寻求东方圈的大佬帮忙推广 ，包括但不限于囧仙。\n在东方众的助力下，该视频不久上了首页。\n大量的路人涌入后，出现了一个问题，后面会提及。\n8月，咩因发表游戏塞尔达传说：荒野之息的相关视频，与人发生矛盾，具体情况这里不细说、不评判，因为和东方无关。重要的是，同期，出现他的ba视频被恶意举报现象。这或许是咩一开始加不了东方标签的原因。\n10月7号前后，一些科技区的用户批评该视频技术力低下，同时谈及咩的为人问题。 同期，恶意举报咩的现象再次增多。 \n8月到10月间，咩15次打捞自己的ba视频，其中多次说出“播放量超过原版了”、“要成为镇站之宝了”之类洋洋得意的话。 \n10月27是BA十周年。\n10月27日，up轩辕无痕发动态，表达对b站限流东方的不满，并未将矛头指向咩\n10月27日，咩打捞自己的视频，并表示“BA十周年了，大家来看看我做的视频好不好” \n需要注意的是，27号的两条动态并无瓜葛，因为轩辕没有针对咩，咩当时也没有看到轩辕的言论\n直到11月1号，咩发表动态，表示“我做BADAPPLE视频和东方有什么关系”，并且删评控评、把恶意举报和网络暴力的锅甩在东方众头上。 在粉丝群里叫嚣“大家不要怕，东方众只有600人” 。舆论爆发。 \n11月2号早咩发表动态道歉，辩解称自己不知道BA和东方的关系，并说因为举报的原因，仍然无法tag(那你之前怎么知道找东方人去宣传的啊）。该视频依旧在删除评论。(转载自贴吧)\n只求让更多路人看到这一事件的真相，今天我也是600先锋队,31098629,1572774869
帕奇利兹パチリス,不了解相关性，烂钱倒是恰的来劲，恁属实带手子,11569451,1572774854
時雨きい,啧，东方又出事了[吃瓜],80694310,1572774836
那条平凡的狗3,额,75455356,1572774833
9鲁诺9巴纳,宁说过的话自己都忘了？👴可是记得很清楚,436342605,1572774832
帕奇利兹パチリス,好,11569451,1572774811
