uname,message,uid,ctime
外层空间之颜色,众所周知，大话西游是原创电影，与西游记有什么关系？\n大圣归来是原创动画电影，与西游记有什么关系？\n卡卡罗特叫孙悟空又与西游记有什么关系？\nBAD APPLE与车万又有什么关系？这不是恁这技术带手子的原创PV吗(捂嘴笑),10913201,1572917167
我自求识问道,本人大学四年学的电子信息工程，up说的这些大概都懂一点但是这也太强了吧我至今只会模电数电设计和单片机，就这水平可以到学校当研究生导师了,261459730,1572916800
椎名雩,我做ba跟你们车万有什么关系.jpg[2233娘_喝水],15207460,1572915038
谷口稔,然而现在还有很多楼没了（不排除自删的可能）,38800681,1572914769
车万没过气,ba不属于东方，属于车万,290722403,1572914469
Scarlet6772,谁在車万，踢了,5437937,1572913713
辣鸡底部弹幕,看不懂,204487477,1572912325
華鳥風月21,我是车万人，我举报车万tag，我自裁#(滑稽),38826769,1572912074
二百卌,(=・ω・=),11707348,1572911789
サリエリの-隣人,原版av706,35822724,1572887792
风祈_,观望,24768333,1572887748
德国的骨科去三遍,弟啊，标签还没弄呢,12453588,1572887283
sunrise000,我支持600勇士，请让我成为第601个,34011275,1572887227
w御宇,有点难受(╯﹏╰）,49834006,1572886050
丢人的东东,后排,16057265,1572885822
风羽F,原来我认识的人个个都开了几百个小号建了几千个群,87159285,1572884662
MGYHCX,律师加强团233333,280091969,1572884142
明_堇,我来试试传闻？,286400586,1572880256
牛头_待定,吃瓜了四天，终于舍得好好看了下这段《最硬核bad apple》，bad apple作为一段MV影响自然是深远的，但是我不信你作为一个做了49个BA视频的UP不会在某个瞬间好奇并去百度Goole,Yahoo之类的地方查下东方projet是什么,它有世界观,它有什么故事。还有它那令人赞叹的人物，音乐和故事的融合，以及故事背后深远的意义。,4529545,1572879253
369871C,放学再看了下，今天中午之后的楼层基本都是连着的，没再有删楼行为，“文字游戏”也是没有的事。这么看还真是脚本惯性大刹了两小时车，UP是真心道歉的。,68376317,1572877512
鼆處mengchu,卷积神经网络[doge]，强👍,44942144,1572873962
帕奇利兹パチリス,草，他之前的道歉动态里已经说了除了那六条动态之外的评论会削除，早就玩上文字游戏了(半恼),11569451,1572873405
天启Hammer对空,空 中 花 园,14638301,1572872406
O5级,急了急了急了急了急了急了急了急了急了急了急了急了急了急了急了急了急了急了急了急了急了,59471543,1572872324
szfhsxr,希望你的视频不要恶臭化，中国圈子应该比较文明，你要在日本搞这不仅声名变臭，技术力更高的yin民也会根据你和你的作为+114514个yin梦要素二创这个事件结合以技术力高得多的方式鄙视讽刺。,11619405,1572872291
某科学的大咸鱼,兄啊，标签呢( ´_ゝ｀),171986963,1572871537
CupsOfCubs,我寻思着我不太可能是那⑥百分之一，那我自除车车籍了（悲）,18123970,1572870646
余九堂,怎么听评论怎么又有脚本...踩给你取消了你也赶紧把脚本删了吧,399574954,1572860004
白玉楼-幽幽子,嗯……道歉还是接受了，那脚本？,393984453,1572857180
这次叫什么呢,相关推荐也依然没有本家,3815110,1572856365
滑稽列夫搞基,东方众只有600人，哈哈哈哈哈哈,89618252,1572855573
秋水之溟,个人建议，大家差不多可以停火了，暂时各退一步，留点面子吧[小电视_笑],21804772,1572855178
苏维埃的守望者,绝对魔兽战线，乌鲁克最后只剩500+人口，\n所以\n“绝  对  Tou  Hou  战  线” \n成了[大笑],4356710,1572855155
--纯狐--,我也是加把劲丈育,11526362,1572853621
老透光,600人嗷,266798,1572851856
庶城,才600人吗，明明有114＋514=628个人。,9043027,1572851655
沐夜muye,啧啧啧牛逼，指把ba开除车万籍,302442642,1572851274
地灵殿主人,大家好我是仅剩的600人之一,8589253,1572848590
a1555555,刚来，这就是b站高技术力大手子吗？i了i了,8409269,1572848453
一般丢塔寅丸星,就这？就这？就这？,38818971,1572846548
瞬间的灿烂,从贴吧看戏来到这里\n听说车万只有六百人?,33127232,1572842977
妖梦酱的小麻薯,罪 己 诏,34790800,1572842582
白露型驱逐舰山風,我支持车万600勇士，你可以封我了.jpg,3949681,1572842187
孙笑哭,这火我就先停了，如果你以后态度诚恳的话我会对我之前的言行道歉，至少我不会给车万抹黑，如果你还反转我就自除粉籍和你死磕,349927356,1572841711
洩矢诹访子゙,来看,3234337,1572840775
某科学的大咸鱼,停火观望,171986963,1572840418
幻想乡的莲子,结束了吗?(一般怀疑感),227998042,1572839623
有点逗的熊贰,ba算什么车万（叉腰）[吃瓜],29621757,1572838431
禄存天玑,nb！,2117299,1572836825
高坂穗乃果汁,你好有趣,2303362,1572836272
空灵若现,如果全部道歉，彻底反省了，那么便就此打住\n希望您别再犯，毕竟前前后后的场面我们都记下来了，希望日后不要排上用场,34954023,1572833280
空灵若现,真的结束了吗？\n（我希望您是真的反省了，而不是美军撤出越南）,34954023,1572833180
本人猫癌晚期,终于解除黑名单了,75549002,1572832837
丘不与易也,谁还不会写个拉跨脚本,34686715,1572831474
蓝色汛汐,该停火了各位，up在动态中道过歉了，也保证不再删评（举报除外），大家也不要去纠结东方tag的事，不加东方tag的ba视频多了去了，ba出自东方，但作为模因脱离了东方，就像油库里一样。,23318278,1572831012
悲风-而泣,说到加tag，我感觉badapple已经出圈了，而且这相对于东方是以炫技为主和车万似乎没有啥关系了...感觉没必要因为加不加tag吵，看评论是up干啥了吗？,12207977,1572830993
EVA残光ゥ,超过原版可还行？,345924131,1572792671
月之杂鱼,发生什么了，给我切块瓜,28968047,1572792319
狼群梦想,我居然看过还没三连，得补上,451410672,1572791713
抗原大爷,动态已停火，黑名单开始解禁，诸位先观望，保持最基本的冷静,6949741,1572789973
爱学习的鸡仔丶,这个当做研究生毕设都够了吧...,302582465,1572788854
一只猥琐的滑稽,给👴整乐了，👴就是那六百分之一,272381426,1572788500
二次元づ小新,3,455252272,1572788141
碎钻samaの抓根宝,嘿嘿,251518951,1572787056
我永远爱里苏特_jpg,能说话了吗？,7842445,1572784975
谷口稔,⚠️bad apple不是东方⚠️,38800681,1572784689
重名太多心好累,动态已停火，黑名单开始解禁，诸位先观望，保持最基本的冷静,13025699,1572780666
Chris_Hem,怎么现在搞的跟恶臭饭圈似的了？,28470172,1572777090
一般通过大酱,传送https://thwiki.cc/\n \n                                    少女传教中………………\n看不懂迷惑性发言的路人不妨了解一下东方哦,188493595,1572777067
砂砾杍小迷妹,既废物又看不惯你的人，都是这样的。只能拼命找所谓的人品漏洞，反正又没有门槛。这种人我也见多了。\n嫉妒砂哥stg技术而借他所谓前女友的单方面“渣男”指控来黑他人品的某些人，大抵也和此处这些嫉妒你模电、单片机等技术，只能借用的一个打不打一个二刺螈tag来文字狱你的人一样。,16801997,1572776671
古明地灵殿,刚入b站，这就是技术大佬吗，i了i了,51884178,1572776356
所向披靡的巨型毛玉,山羊继续啊,91734546,1572775579
幽谷响子Official,我继续闪屏，好嘛？,294438410,1572775503
幽谷响子Official,这就是技术大佬马？爷爱了,294438410,1572775473
幽谷响子Official,我评刚发就被删了，太给力了,294438410,1572775458
圣杯火,批站烽烟正十年，\n此头须向车万悬。\n后死诸君多努力，\n捷报飞来当赛钱。,19517474,1572775228
二百卌,呜呜呜，被节奏大师私聊啦，好激动,11707348,1572775040
一般通过大酱,战场转移,188493595,1572775028
简化名称,新动态,344506328,1572775004
CrimsonOz,《乐子》,11405217,1572774986
如我平A,不愧是你,47082076,1572774985
十六夜丿鸢一,呕,11894323,1572774821
二百卌,咩咩咩咩咩咩咩咩咩咩咩咩咩咩咩咩咩咩咩咩咩咩咩咩咩咩咩咩咩咩咩咩咩咩咩咩咩咩咩咩咩咩咩咩咩咩咩咩咩咩咩咩咩,11707348,1572774761
虚假の车车人,240k阴兵咋没来护主呀？,226328675,1572774697
神绮・玛格特罗伊德,曲奇☆☆☆☆tag，请,475411617,1572774646
碰瓷之王十六强,24w神触帝国被野蛮车万600勇士冲塔泉水蹦迪，可能宁的手下都是沙兵罢，，，,158195630,1572774629
斯忒诺桑,真的现象级,29010214,1572774613
二百卌,我挺你，那些东方痴就只会自我感觉良好。跟喷柯洁不尊重女性的女拳表一样。抱团就能让废物变技术好？有本事自己做一个。顶你个肺,11707348,1572774599
露米娅channel,第一阶段战事结束，同志们任需努力,64257215,1572774598
二百卌,车万其实就是一群文盲看不懂繁体字引发的梗ZZ,11707348,1572774572
空灵若现,我的母亲是拂晓的明星\n堕出天堂的天使\n把握着胜利\n拂晓的明星直射冥府!（咩2016biss）,34954023,1572774567
斯忒诺桑,咩 莉 亚 凯 莉\n咩 莉 赛 勒 斯\n妮 基 咩 娜,29010214,1572774494
125094845,怕被删评的可以下个加速器，实测有效,125094845,1572774486
博丽樱梦,🐑❤💵,4237723,1572774469
万恶的大当家,口区口区口区口区口区口区口区口区口区口区口区口区,8549831,1572774467
星的十六夜,我挺你，那些东方痴就只会自我感觉良好。跟喷柯洁不尊重女性的女拳表一样。抱团就能让废物变技术好？有本事自己做一个。顶你个肺,339238591,1572774449
Ln2_,600人大军胜利了！,22724866,1572774444
しきえいき-,b站都给吃瓜群众便捷通道了（指搜2016直达）,396443006,1572774403
某只三无,动态全没了？,22805835,1572774383
125094845,我挺你，那些东方痴就只会自我感觉良好。跟喷柯洁不尊重女性的女拳表一样。抱团就能让废物变技术好？有本事自己做一个。顶你,125094845,1572774382
星的十六夜,👴要中场休息了，你们补上,339238591,1572774366
神绮・玛格特罗伊德,坐等视频被删,475411617,1572774356
料理NueNueDance,我觉得这有失公正,3877510,1572774342
Bg2h9rnsJ,来来来，新型版聊区,372362315,1572774272
125094845,挂个东西试试能不能发,125094845,1572774241
1toRUq3XT,草，锁我IP？\n挂个\n外\nP\nN\n照样发,370543866,1572774231
那谁182,现在评论1.2万，我们只有600人，也就是说我们每个人有二十个小号，而且这些小号也基本四级起步，二级三级都是珍惜物种，五级六级随处可见，我们好厉害啊,39260586,1572774160
1toRUq3XT,终于发出来了！他锁ip，我挂个*东西*就能发出来了。,370543866,1572774116
星的十六夜,感谢up主提供的置顶评论，让更多的人知道过河拆桥的咩还有别的ba恰烂钱视频！,339238591,1572774059
星的十六夜,感谢up主提供的置顶评论，让更多的人知道还有别的ba恰烂钱视频！,339238591,1572774020
木旦木旦木,最近小丑不是上映了吗，所以出现这么个小丑也是可以理解的嘛[滑稽],39663897,1572773868
CRAZY_WZH,前 赴 后 继,355804816,1572773818
东方妖妖梦-,up主辛苦了,479104191,1572773770
托卡列夫毁灭魔炮,弹幕都删了哦。,57935470,1572773736
时空龙银龙军团,有种把所有视频和动态都删掉。,240293425,1572773653
秋水之溟,以空间换时间，宁就是空一格？,21804772,1572773648
面包已成年,好像脚本只管的过来一个动态或视频？管不过来的直接被删了。,4114434,1572773640
125094845,弹幕也被清了？,125094845,1572773558
飘逸的自我主义者,赶快的，把这个也删了，好马？,87664690,1572773517
哦吼G,快快快 把这个视频也删了,260211078,1572773446
某只三无,别删除动态了，把这个删除了吧,22805835,1572773446
东方妖妖梦-,希望下星期回来这事能妥善解决吧，加把劲，车车人,479104191,1572773377
余九堂,是,399574954,1572773350
花笙夙梦华,车万600勇士不请自来，哈哈！,56875489,1572773314
申必壬Official,把战线烧回到这里,441868519,1572773199
虚假の车车人,.....🐑\n💵💵💵\n💰💰💰,226328675,1572773189
虚假の车车人,🐑\n💰💰💰,226328675,1572772835
星的十六夜,恋色脚本spark\n咩2016的主题曲\n与曲名已经无关了，走自己路的，是恰烂钱少女么？,339238591,1572772809
丢人的东东,脚本坏了？,16057265,1572772767
虚假の车车人,💵🐑💵,226328675,1572772585
美国间谍羊大人,我看你敢不敢把这个给删了,472365872,1572772582
游荡的骑士,恋色脚本spark\n咩2016的主题曲\n与曲名已经无关了，走自己路的，是恰烂钱少女么？,3928726,1572772503
托卡列夫毁灭魔炮,我决定直接举报视频，我的好兄弟。,57935470,1572772492
虚假の车车人,tql,226328675,1572772390
虚假の车车人,草，这也被删了,226328675,1572772145
星的十六夜,ha,339238591,1572772144
简化名称,太强了吧,344506328,1572772138
虚伪图搏,给力,35372928,1572772130
砂砾杍小迷妹,我挺你，那些东方痴就只会自我感觉良好。跟喷柯洁不尊重女性的女拳表一样。抱团就能让废物变技术好？有本事自己做一个。顶你,16801997,1572758939
一条咸鱼散发出的光芒,粪球,123719160,1572758762
KOISHI-NIAN,东方众只有六百,270004339,1572758753
禍禍禍禍灵梦,一边蹭车万热度一边踩车万人呗，真就睿智操作,399194281,1572756877
彼岸相梦,宁配吗,38413898,1572754974
9鲁诺9巴纳,最强技术宅(确信),436342605,1572754913
待宵_Jan19,正在使用非WiFi网络，播放将产生流量费用114M流量\n播放量 514w（察觉）,13570732,1572754779
PS5中国,哦豁人在家中坐，帽从天上来,52698511,1572754574
集结榜彡帕秋莉10388号,我应你的东方视频关注，现在才发现原来你不知道东方啊，那我关注个头。,351250805,1572753615
闲置的李白,🤮🤮🤮,4266956,1572752744
琴音大魔王,600勇士抵达战场，，，,39187314,1572752725
二百卌,最强技术宅！！！！！！！！！,11707348,1572752241
抗原大爷,我们常说的词：技艺，技艺，「技术」和「艺术」相辅相成，但如果加上了「利益」，这两者就都得靠边站。不了解东方我们可以和睦探讨甚至拉他入坑，但事情发展到现在这样，说实话，是什么原因？到最后他疯了一样与东方「为敌」，是不是因为不能沟通？B站的up主没有话语权，B站的用户不会沟通，B站的亚文化内耗严重，什么时候能解决，这些问题谁来管？一个本来就有些暴躁的up和一个早已因为限流与B站管理者暗处矛盾重重而有些暴躁的圈子有了如此大的冲突，这些问题谁来管？痛心！,6949741,1572748253
芝士咲夜,这活整的属实给劲嗷,17804806,1572748191
戴墨镜的小太阳,👎👎👎👎,9994415,1572748062
八目鳗摊文厨,三年动画什么时候安排上?,25711745,1572747860
StruckX,一群5/6级用户看起来冠冕堂皇，要刷孙笑川的恶臭梗去他的视频下刷不好吗，为什么到处污染空气？,130050642,1572747843
返魂胃八分饱,太惨了，只有600个人[委屈],53246459,1572747522
暮雨落空城,[微笑]真的后悔给这个视频投币了,43852215,1572747477
q8849358641,车万600勇士冲嗷,72117145,1572747293
原来叫南方文,车万 亡了啊！,227157,1572747262
Thegrandboos,好了 b站本家都没你播放多,361248806,1572746504
黑空之王,技术宅带手子牛批哦,83650184,1572746422
朔月姫,年末新活,423735444,1572746105
我永远爱里苏特_jpg,*也许之后就没有新的Bad Apple了*\n可是🐑为了恰💰还要继续出ba\n还不慎把脑子丢了\n555我哭了，你呢？,7842445,1572745833
斯坦因之门白衣控,您把爷的币交了,13738612,1572745649
风雪ZAUN,算命先生说：你算什么**?,25433536,1572745600
EarthSky,？？？？？当初看的时候觉得挺好的，现在我都后悔投币了，那就取消点赞和收藏罢，币是收不回来了，这烂钱你拿好。,37519906,1572745569
我永远爱里苏特_jpg,@咩2016 在？你粉24.5万了，快刷粉,7842445,1572745535
Got生命的甜包,alr厨激怒,12413760,1572745531
Got生命的甜包,每日投诉乐趣多,12413760,1572745516
蓝色汛汐,淝 水 之 战,23318278,1572745295
铃仙优昙华院斯卡蕾特,最强技术宅就这？,11378189,1572745151
蓝色汛汐,只有600人是真东方众，其它人都是假的。你这是给爱好者分了层。,23318278,1572745141
我永远爱里苏特_jpg,喜欢这个视频就给我点个不喜欢吧👎👎👎👎👎👎,7842445,1572745138
铃仙优昙华院斯卡蕾特,600之一不请自来，在？出来对线？,11378189,1572745133
铃仙优昙华院斯卡蕾特,人间迷惑行为大赏，我做badapple和东方有什么关系,11378189,1572745116
铃仙优昙华院斯卡蕾特,年度笑话，bad apple和东方有什么关系，之前我以为做bad apple二创的人不说有多喜欢东方，起码对东方有点了解，今天算是开眼界了,11378189,1572745041
32区黎明守卫军,跟其他ba比起来，你只不过空有一个唬唬路人的封面罢了。至于路人，你认为这个视频很牛，我没意见，不过不要对up的人品抱有多少期待,263690354,1572744572
Mars-wzj,我本来想成为up主那样的人，进大学报了计算机专业，还进了电子社团。想尝试自己也能做一个像up主那样的视频。\n                            结果就发生这种事?,173970355,1572744061
晶石蔓藤,是什么让你产生了东方众只有600人的错觉[调皮],30329440,1572743897
古明地恋Official,这也就能骗骗外行人吧,228876691,1572742776
Seisa-Kijin,听说自己被开除车万籍，闻风而来,4956279,1572742614
石清溪弭节问平安无事,能不能实现点赞逆生长,379063792,1572742583
Nojunko,能不能把他这个每周必看给我卸了( ´_ゝ｀),84961700,1572742085
村纱水蜜Official,年度笑话，bad apple和东方有什么关系，之前我以为做bad apple二创的人不说有多喜欢东方，起码对东方有点了解，今天算是开眼界了,2074954,1572742045
小阳_233,搁这用BA视频涮流量，真就当代农夫与蛇呗,290806434,1572741796
犬山悠太Official,我寻思我可能不在600壬里面⑧,5034200,1572741183
博廲霊夢,还搁这每日必看呢？口区,32835378,1572740999
博廲霊夢,600之一不请自来，在？出来对线？,32835378,1572740971
石清溪弭节问平安无事,不要停下来啊！（指刷屏）,379063792,1572740801
一口热水慰平生,六百人之一来了，话说这不是那天慢报推的视频么，真没想到up居然是这样的人[捂脸],5613839,1572740633
IJN_TAIHO,那600人到底有没有我呢，我暂且蒙在鼓里,59797319,1572740092
不良风气弥漫,草，车万圈根本都不想鸟你这个跳梁小丑，也就混b站的人稍微热心一点，，，,28966909,1572739973
布尔什维主义胜利万岁,还搁着儿每周必看呢？！我硬币呢？！,456694068,1572739757
近战法师ex,过来取消点赞，我当时在想啥[吐],41355221,1572739391
RagerWang123,东方众只有600+fhfsfhhbgfghgfggufdjnnkj人，就跟紫妈的年龄是17+HGGHFSDGHHHHFRU bvbhhg一样,7952047,1572739044
Bili_399298588,控  流  之  主,399298588,1572738982
SD人,？tag不符没人dq,4397905,1572738404
莉斯莉特诺埃尔,最愚蠢的事情莫过于挑衅整个爱好群体…我也不认识up是谁，但肯定是膨胀到看不清自己是谁了,19392999,1572737590
博麗靈夢A,宁就是控评带师?,89042025,1572737244
西行侍幽幽子,你给我把你的这个视频删了可以?我劝在没有被最坏什么处理之前，最好弄清楚你现在在做什么,317443603,1572736376
拯救人理的刀客塔,回来，取消收藏，取赞点踩，可惜不能把我的播放量和币要回来啊，爷就是600勇士[doge],261173366,1572736067
宇宙颠倒,不愧是烂苹果 优秀到被开除车籍了,21839203,1572735906
Ln2_,我其实是东方第601个人,22724866,1572735132
近人13,车万六百人报到,404200886,1572731499
创作中心,为什么Ubuntu里装个dash，改个.bashrc也要截图？这些算是用到的电路还是程序？,7412629,1572726941
廢土走继,就是宁把鬼子引到这的❓,147890062,1572726626
Fate丶13,车万六百人报到,4837942,1572725028
乐乐森,[吃瓜][吃瓜][吃瓜],12307353,1572724250
Extend-Ash,300英雄，600勇士（无端）[doge],74447824,1572722941
待宵_Jan19,600勇士前来应战,13570732,1572722656
探女探女不说话,东方众600人勇士,158499884,1572722536
TokisakiKurumi狂三,虽然有点与视频无关，但本一般通过囧卫兵还是想问下中国东方圈内大佬：esu咋了？看囧仙b博贴吧均一知半解，如果有知情人士能阐述一下具体情况吗，私信也行，感激不尽！( ´_ゝ｀),25732866,1572722425
Faderide,600人之一,17664910,1572720220
壹键山雏,打扰了,22618806,1572719960
待宵_Jan19,围观群众，吃瓜路人请移步https://tieba.baidu.com/p/6321166319。了解一下这件事的前因后果。,13570732,1572719675
超高校级的聋瞎,600人之一来力,178340644,1572719594
驼教主,咩持🐏🐏🐏,4891792,1572719083
兴致使然的某L,up可以发张自己的照片，让我们看看你的头发还在不在[偷笑],26551222,1572718759
幻想乡的松鼠-翔月米,东方600勇士，我也是其中之一,11626188,1572718478
阿蒂拉君,车万六百勇士说,85021661,1572718106
重力妖怪,天   空  花   园,179677342,1572717725
Celorig,原来我也是600人之一,8276748,1572717671
Got生命的甜包,600+n,12413760,1572717213
LoveReimu,嘻嘻我也是600人之一,1485640,1572716817
心賍狙击killer,问个题外话，为什么有些评论说加了东方tag播放量就不多了啊。,15997415,1572716765
羽纶笔,年度最佳笑话:ba和车万没有关系,35606011,1572716723
车万元首阿道夫Official,这就是BA原版吗？🐸爰了。,36959213,1572716639
宝宝你大爷,笑哭了，宅男们的愤怒[喜极而泣][喜极而泣],100460831,1572716510
-葬花人笑痴-,宁就是东方里的六老师？恕我直言，宁的技术在原版bad apple面前就是渣中渣,3994716,1572716054
丢人的东东,不愧是靶子,16057265,1572715883
魂魄江雪,[doge]发一个评论试试,34678049,1572715707
我永远爱里苏特_jpg,咩2016\n技术力：\n人品：\n智商：,7842445,1572715268
谭筱风声,600人+1,1716628,1572715225
方道弘观,无耻,13519869,1572714799
魔法少女初音射手,我大概是600编外人员[滑稽],123814002,1572714747
洩矢诹江子,蛤？,23648541,1572714704
迷途囧路,举包点菜二连啦[小电视_笑],64108344,1572714690
神隐陌路,这个600，是多少进制的呢,85504386,1572714232
夢奶茶Sampuli,车万600人来了[doge],25885373,1572713824
白雲山人,车 万 六 百 士,391967863,1572713637
G-S-D,加油！奥利给！（指清除评论）,35361998,1572713197
幻想乡首富博丽灵梦,我当第601个车万人，好吗,194330762,1572712959
PASSAGERBQ,连技术力也就是那样的垃圾而已\n技术力不足被锤事件 https://neroasmar.top/mie2016/,23995466,1572712611
RemiliaScaret,纯新人，这就是bad apple本篇吗？爱了爱了,88455104,1572712369
空想上人格保持者,在？用歪果仁发明的设备做视频,225325374,1572712102
落蛤雨,不作死就不會死,173060969,1572712011
终焉己至,？？？,23112523,1572711968
四季抗病毒胶囊,在？为什么用热本鬼子的作品恰烂💰,228991005,1572711744
幸运的珈百璃,没火的时候点过这个视频，压根看不懂啥意思，上个月又在排行榜看到还奇怪是什么高科技视频先，今晚刷酷安看到这个瓜才搜来看，才发现原来是烂苹果，还以是什么高科技视频,37828319,1572711622
田所萃香,车万600勇士来了,30479830,1572711374
奥汀代言人,1/600,16568530,1572711092
幻影之帽,众所周知\n车万不属于二次元\nbad apple不属于车万\n车万只有600越共,1571579,1572711071
绽放鲜血之花,众所周知，车车人，平均每一个在网易云都有五首歌,312097686,1572710639
集结榜彡帕秋莉10388号,把我的硬币还我[吐][吐],351250805,1572710506
addddddc00,这就是bad apple!!本家吗? i了,162566084,1572710478
集结榜彡帕秋莉10388号,废UP主,351250805,1572710398
車椅子探偵,600黑道复制人,19434985,1572710334
绽放鲜血之花,车车人是很宽容的，但是这并不能成为他们被骑在头上lashi的理由啊,312097686,1572710149
绽放鲜血之花,我不是六百车车人，我只是一个路过的听歌云玩家。,312097686,1572710039
温柔的小狮子01,1/600,8706163,1572709955
逆境无赖⑦⑩⑦,你就是六百万二刺猿头子？,25884870,1572709928
我永远爱里苏特_jpg,过河拆桥，你这行为好厉害哦,7842445,1572709865
逆境无赖⑦⑩⑦,你把你六百人小圈子给我交喽,25884870,1572709844
我永远爱里苏特_jpg,呕呕呕呕,7842445,1572709781
我永远爱里苏特_jpg,刚入站，这就是bad apple本家吗？👴 i了,7842445,1572709756
传火的姐姐SAMA,这就是bad apple!!本家吗? i了,34497766,1572709497
Lonely冷色,为什么有投币上限这种东西……,140290005,1572709353
鸦天狗新闻记者,本越共前来报道,159913128,1572709134
逸站永不收费且无广告,幻想乡600勇士打卡,3074923,1572709117
木材扁担,有一说一，我不是600越共之一，其次，这就是ba吗，i了i了，车万是什么？没听说过,23801857,1572709057
墨羽蓝云,哇，信仰之心啊,8210116,1572709030
心语妄境,刚建号，纯新人，这就是先进的代码技术吗，爱了！东方是什么，从没听过[doge],44100202,1572708788
我永远爱里苏特_jpg,我吐了,7842445,1572708563
森远霖之助,亏我还觉得你做的挺像样的，不过就你这也配超越本家？,12558193,1572708506
森远霖之助,亏我两个月前还觉得你还有点人样,12558193,1572708121
一朝平步上天台,本家动态双重爆破，600人真多呵,395420913,1572708116
佐佐木琪露诺,我觉得在这里唱歌好像不太好,107042878,1572708072
森远霖之助,本越共来力！,12558193,1572708029
寇刀飞觞,真是你老母生你养你栽培你，你倒是倒打一耙还自我感觉良好,34137250,1572707758
Flowlight_,....？.,35851490,1572707733
寇刀飞觞,抱着东方圈或对这些感兴趣的人大腿才有的热度，又公然diss东方这个圈子,34137250,1572707648
原汁原味的漠峰,建议高技术力电影：最后滴600车车人,87861940,1572707585
藤原汉娜,笑う,38747127,1572707412
小阳_233,科技区大佬真的太nb了！学代码的一定很懂逻辑吧！大佬能不能教我一些逻辑学知识呢(=・ω・=),290806434,1572707406
特雷卡斯丶亚莉米蕾,技术力不足被锤事件 https://neroasmar.top/mie2016/,24686869,1572707185
东厂难民,听说只要600车车人，我来冒泡了,108258437,1572706971
花椒今天爆肝了吗,课代表来了！～up从06年开始自学电子技术，到现在已经自学了13年。\n他学过：~%?…;# *’☆&amp;℃$︿★? ~%?…;# *’☆&amp;℃$︿★? ～~%?…;# *’☆&amp;℃$︿★? \n他使用过：~%?…;# *’☆&amp;℃$︿★? ~%?…;# *’☆&amp;℃$︿★? ~%?…;# *’☆&amp;℃$︿★? \n他做过：~%?…;# *’☆&amp;℃$︿★? ~%?…;# *’☆&amp;℃$︿★? ~%?…;# *’☆&amp;℃$︿★? \n看懂了吗？[蛆音娘_卖萌],8943162,1572706928
佐佐木琪露诺,本家战火倒是比动态小很多呐,107042878,1572706670
月灬残梦,听说只有600人，那我只能冒泡出来了呀,1794245,1572706478
四季抗病毒胶囊,车万600勇士前来报道了嗷,228991005,1572706014
花田废线,不明觉厉。但是也太跳了,33229027,1572705634
大自然的规律,这里的评论不会被删除么？,20789809,1572705438
Flandreeee,gkd,380258255,1572705413
绿牙葡萄,呵，无耻之徒,4525369,1572705370
MIO校长,作品不错，但UP主现在的行为实在令人反感,389305513,1572705152
胖次のKing,第601位报到[微笑],4914716,1572704975
阿凯2001,*我做BA视频和东方有什么关系呢？况且一个六百人的小圈子又能拿我怎么样呢（,129320757,1572704865
余九堂,你对东方什么都不懂,出的跟东方有关系的只有一个Bad Apple,这钱它好恰吗？,399574954,1572704787
大炮大炮sss,原来b站每三百人就是一个人的小号啊,20666219,1572704657
残念的阿鲁,？？？,170594091,1572704075
莉莉卡-普莉兹姆利巴,刚入圈，我是第601个东方众，噢耶幻想乡万岁,39345475,1572703961
飘游轻风旅,纯600车万人，这就是技术宅吗，爱了,33266404,1572703862
崩坏3萌新hhh,我逛商场拍铳火放狠话好吗,185638068,1572702521
你爸逼你,6666666,30925633,1572702122
不知梦者,希望能让风波早日平息，专注于与他人的纠缠真的会越陷越深，毕竟这样的创作还是挺棒的,15150530,1572701847
塑世歌者,原来我是那值得被枪杀的六百人之一，我真厉害，，，,363894336,1572701436
镀硫君,要实现一个功能，不是代码越少越好吗？[微笑],11795565,1572701212
米津玄师ハチ,来了，,108750647,1572700668
Kras_TB,人是肯定会变的，但没想到会变这么多，祝好运,57026522,1572700271
失焦冰棱镜,第601个车万厨前来报到。,27184005,1572698973
OdaNobunaga152,600分之一来咯\n东 方 温 泉 关,3249617,1572698843
失喉_,六百分之一前来报到,402768827,1572698109
Alegro_,我就是600人之一,53568916,1572698107
西行侍幽幽子,你开始了，我开始拿板凳看着你表演控评,317443603,1572697991
西行侍幽幽子,9181楼？,317443603,1572697935
-邪正人鬼-,咩持 🐑 🐑 🐑,12294510,1572697096
StruckX,两千评论没了。。。,130050642,1572696172
candleflame,恶心死了,19610465,1572695841
泷源Official,游击队来力,49949288,1572695328
候地方,咱不是车万众，但也是听着东方的威名一步步了解宅文化的，在网上没怎么对过线，今天吃到这瓜可把我恶心坏了一定得说点什么。是，车万在国内是不算火了，但是他有一批发自内心喜欢着他的人，你这种利用他们再发过来仗着他们人少欺负人行为简直令人发指。顺便一提，我现在也在尝试入东方坑（但是游戏打不过啊！！！）,13995964,1572695231
还愿的耀尘,在？为什么不删评？[doge],81237099,1572695078
强喙夜蛾,有一说一，个人认为《斯巴达300勇士》这电影还蛮好看的,14953652,1572694811
这个ID估计没人注册,张辽以六百精兵大破孙权十万军队（有端联想）,291223027,1572694659
叫我大佬jing,是我，车万女孩,37417112,1572694467
HerobrineWQC,514万（察觉）,87797395,1572693781
幻辰氏,我也希望自己能做一个技术党，就是up这种靠技术力拿二创鄙视原作的技术党( ´_ゝ｀),17763773,1572693603
真刀玩家,六 百 人，你真的确定只有六百人？,225305568,1572693365
这个ID估计没人注册,今宵是飘逸的600人（有端联想）,291223027,1572693246
绯色美工刀,要⑥佰了,438839606,1572693241
琪露诺牌冰激凌,㈥佰,11241713,1572692821
ながとゆき,我也是六百人骑士,66868208,1572692162
这个ID估计没人注册,只有600个“真正的东方众”，剩下的因没看本视频全被开除车万籍了（悲）,291223027,1572692065
不愿透露姓名的女仆长,我做第601个车万人，好吗,62462045,1572691619
音羽珠华,601来力,13175104,1572691540
M-T-Nut-Official,バカヤロ你们区区600人是战不胜我的（有端）,37823573,1572691509
M-T-Nut-Official,看一下up的投稿，bad apple和新宝岛已经沦落到和cxk一个地步了嗷，，，,37823573,1572691397
天体系统故障,600前来报到,350843109,1572691380
一般通过男子,斯巴达300x2勇士之一来了ao,371539335,1572691252
绯色美工刀,我只是一个用来提供上百人削苹果的美工刀而已\n                                                       ——绯色美工刀\n          2019.11.2,438839606,1572691204
変態大紳士,脚本测试,8379332,1572691175
NwtrKtk,600[嘘声],32815478,1572691150
叶巨大力,六百勇士报道,39803543,1572691131
十连暴死流拳法家燚枫,👴也要当斯巴达600勇士,14190540,1572691055
セルセル,被某些人拉黑是光荣的,195461827,1572691051
绯色美工刀,（⌒▽⌒）,438839606,1572691023
荀彧い,六百之一不请自来,6664391,1572690935
隔雨听竹,我做第601人，好嘛？,4081505,1572690833
c137芦苇娘,斯巴达600勇士3上映辣，各位小伙伴贡献一波票房哦,199462171,1572690182
八目鳗摊文厨,穷凶极恶至强至暴的600人,25711745,1572689756
二次元の神王,600人游击队。,410980457,1572689625
ST大大,我当第601个车万人，好吗？,25397614,1572689581
Comet15,自娱自乐小圈子600人前来报到[吃瓜],34605327,1572689363
pudddddding,600,7152771,1572689178
银色战车_镇魂曲,斯巴达600勇士,1614112,1572689035
msdkal,把我硬币还回来,82833203,1572688978
RagerWang123,没想到我一个东方二十周年时入坑的人居然能有幸成为六百人之一,7952047,1572688951
伊波特山地底的XJ9号,六百勇士报道,83985045,1572688826
只是o6,ba跟600人无关,9311101,1572688596
飛散紅葉的天狗,40000000行代码，你是把ba做成系统了吧,17592175,1572688321
星軌EA,he~tui,349506862,1572687849
Solitary艺术师X,看前：百万播放？让我康康您配吗\n看后：我一个人就能看一百万次！！！,24935880,1572687637
wateroon,令人作呕,11676838,1572686420
c137芦苇娘,有没有哪位大佬讲一下事情的经过  我也想吃个瓜,199462171,1572686054
崩坏3萌新hhh,其实up说的对，车车人其实连600都没有 ，你动态里说话的还是评论区的大部分都是我的号，真是太难了，你说，为什么要⑧的爱跑十周年捞这个,185638068,1572685978
低龄化的神作,东方Xbad apple，太棒了，双厨狂喜。哦，和东方没关系啊,13512120,1572685642
崩坏3萌新hhh,up你再说一遍，是不是懒果子跟東方无关[抠鼻],185638068,1572685328
崩坏3萌新hhh,我想知道这个控评方法时关键词还是说up手动[笑哭],185638068,1572685258
蚊砸℡,刚来 这就是原版bad apple吗 👴🏻爱了,12758228,1572685085
崩坏3萌新hhh,up你ba十周年捞自己的视频，厉害啊,185638068,1572685031
崩坏3萌新hhh,哎呀没想到还有禁言这一招，不过无妨\n我再问一遍，up你说ba属于东方吗?,185638068,1572684987
bLanK的小号,我们遇到什么视频，也不要怕[doge]\n微笑着白嫖她\n消除三连的最好方法就是直接白嫖\n坚持，才是胜利！\n加油！\n奥力给！\n[滑稽],86902810,1572684911
涅槃的小龙套,[滑稽],338161030,1572684286
遥远的火山,600车万人不请自来嗷，👴来康康你这个憨批要干什么,4978892,1572683977
预告不详,1/600🤷,342586271,1572683677
雾雨白黑,说，你是不是囧仙小号，一个创造了东方一个创造了ba[doge],2524911,1572683651
耿鬼老师,不算六百人，但是仍旧支持他们,3294808,1572683470
DHF582,六百分之一[微笑],411935,1572683409
树人儿是肥宅哇,1/600,6326663,1572683353
花荻呦,600勇士不请自来,190492074,1572683200
雾雨白黑,取关点踩拉黑三联,2524911,1572682763
格碧老王,车万众都是斯巴达人（确信）,170757233,1572682684
Kotorisaikousuki,L.,81424318,1572681596
虚空来声,能取消的都取消的。\n600人是吗，请看一看有多少不同UID再bb。,34360388,1572680715
AItheEliminated,好好做就好好做吧，非要态度不端正。,239263808,1572680620
claoksno1,我们有100万个加强营的兄弟姐妹，每个营600人，突然可惜那啥没了，不然您肯定是国际巨星,8644097,1572680341
沧生稚海,这就是bad apple吗？👴爱了,157299492,1572679964
塞纳留斯酱,六百个东方厨之一前来报道,8579895,1572679375
椛薰子,播放量多并不代表可以成为镇站之宝，懂的人自然会懂，，，,281106410,1572679227
chie4,东方众只有600人可还行,918432,1572677950
紧闭の恋之瞳-古明地恋,自东方吧而来,40001519,1572676977
你kar哥哥,车万600勇士不请自来，哈哈！[支持],31965316,1572676674
西邻玉,牛逼,36910992,1572673092
AItheEliminated,和ltmp异曲同工之妙,239263808,1572669132
东海人民,原tag被举报了？,29026444,1572658917
尤伦卡穷,大佬牛B！,381918463,1572641411
红梅陷阱,一般路过，这做的是什么啊，就科普,184299109,1572634252
一般通过F6F地狱猫,？？？,13052443,1572627377
诺尔斯特,泪目了我的天,4239480,1572621987
50989387976_bili,nb,383840184,1572619548
纸牌屋里玩纸牌,不明觉厉,17716939,1572617923
画约舞,突然发现了我学电子系的目标,13962538,1572610024
只好随便起名,道理我都懂，为什么播放比原版ba还高啊，限流？,69749748,1572606474
花里胡哨的小毛驴,厉害啊,141775469,1572594886
Bili_66598420,up是太闲了吗？,66598420,1572591501
淡黯魂,有点乱,407244353,1572589523
一只猪xx,上次看过一个一样的视频，标题是b站尺寸最小的视频🥳,73767454,1572577482
想变欧的无情,你同专业学弟我好像发现了事情的严重性[笑哭],100369553,1572569960
丧心病狂的乘客,跪了,14033653,1572559545
匣子里的狸猫,做个课设都会头秃的我，发现了神的存在,11616207,1572543896
78505821506_bili,我想看这人的头发有没有了,438439597,1572535331
咸-YUI,看到有轻音 可是我翻了好几次  没找到 有这个视频  难过嗷,1894576,1572534809
Mr丶landa,牛逼啊,7391372,1572532931
青葱小瑜,太强了吧,94630196,1572517282
Por una cabeza,我的天啊 我真的完全看不懂 但真的就觉得好强啊= = 技术宅也太帅了吧！！！！！,1415416,1572502900
Ohayosang,明明看不懂，怎么就迷迷糊糊从头看到尾了,10719676,1572497790
囊萤映雪yoki,真的很努力啊！,35580113,1572493733
ENNMU07,你秃了吗？,7176746,1572474899
霄鹏庆,流批,259207110,1572448307
胖三斤二两,哇(⊙o⊙)哇,306407921,1572447315
曰寸曰门,一脸懵逼的进来一脸懵逼的离开，，，，我好像看了一些自己看不懂的东西还有一个段黑白黄蓝的动画，，，，嗯好像是[2233娘_困惑][2233娘_喝水][2233娘_无言],11949681,1572441424
红星闪闪德玛西亚,辛苦了，关注了送你上去,35920634,1572430948
75793484227_bili,截屏选老婆,359480554,1572422482
_鹿目焰_,80e bit就直接写1GB呗…,57676617,1572421516
唯名六弦,虽然看不懂，但牛批就完事了[捂脸],7977237,1572415208
美纪的太郎丸,up学电脑的时间和我的年龄一样大[点赞],107312754,1572412638
李家婷婷,🍎🍎🍎🍎🍎🍎🍎辛苦了，坐下来吃个苹果,420191633,1572402445
李家婷婷,把我的硬币还给我！！！,420191633,1572402427
啊撒啊撒鸭鸭鸭,虽然啥也看不懂但感觉肯定是用了很厉害的方法才让那些图动起来的🤔,8986588,1572399688
深联微科,嵌入式单片机,316752456,1572396518
AtvIot,这难道就是键盘侠[doge],67964212,1572396065
北风叶帝,完全看不懂，他想表达个啥。[嫌弃],400323291,1572361547
齐王黑,看的我满脸问号  →“这也可以？”,10495413,1572358823
千雪梦蝶魂回飘,有点想看看 不知道能不能开源一点点[doge],281701272,1572353724
风见幽香de阳伞,众所周知，bad apple！！（同人音乐）和bad apple！！（旧作游戏曲目）和东方project（同人界的奇迹）不是一个圈子里的（滑稽）,83584589,1572349110
名字真难取6545887,只要标签不带东方，播放量直接飙升，带了东方过一万都难,90053192,1572345721
FeelingApple,开始自学的时候什么学历？,472527239,1572345239
Q手菜鸡,因为看不懂,334427213,1572339745
kaircad,通信毕业还好没干本专业，要不干不下去了,2471056,1572335393
bilibili娘の小电视,新人瑟瑟发抖，这个屌屌的东西是啥，有课代表科普下么[doge],20856524,1572329541
L陌上Z花开,dbq 我没脸待在电子行业 呜呜呜(┯_┯),12325642,1572320686
Acvh,up做这个东西还是很牛逼的。不过视频开头的up用过的东西有点乱啊…,282332983,1572303650
默名,不明觉厉[微笑],1400727,1572275077
现実逃避A,太强了，想当学单片机让led灯按规律闪烁都做不明白，up牛批啊,108745603,1572274766
Ann_LXH,虽然看不懂 但也觉得好厉害,899356,1572270367
15097604616,刚开始学习的Java学生表示一脸懵逼。。。,219631302,1572266951
忽悠哔,自学十三年还能叫自学吗,76985989,1572265370
柠檬先生plus,我寻思up主一个人能写4000万行代码？？？？,298312830,1572258011
红尘过客吴,不明觉厉,28834784,1572257407
涛之雨,植物大战僵尸好评，三连了,386815312,1572256280
离阡寻,文科生请不要产生理科生都会这样的错觉……,32299749,1572192590
traveler-moknisa,喂看门狗定时器可还行。,450284119,1572190415
方形罐头,4千万行代码。。就算五秒写一行代码，一天工作6小时也要25年啊,37428621,1572190317
易燃光,那是真的牛批,1951859,1572179138
张纶月,在下不才，对硬件有所了解，学过C艹和JAVA。都有所了解的本人表示，我可能一辈子都做不到这个视频的全部。\n（因为我还没秃）,94542603,1572179016
李某人的头发,太简单了吧？我三十万年后就能学会[doge],382797329,1572175663
聪明的OVO啥都做,辛苦的人值得回报。硬币给你交了！[2233娘_大笑][2233娘_大笑][2233娘_大笑],21541196,1572170088
猫钓鱼鱼,BGM:zombie on your lawn,315685071,1572159714
笑脸桑,那啥的。。为什么不加东方project的标签?,95987461,1572150445
东风谷橙柒,原视频av706  另外希望2016能打一个东方或者东方幻想乡的tag,153850684,1572149758
厌于留影の羞涩蔷薇,这是bad apple，和车万有啥关系？为啥要加车万标签\n别问没有狗头,8253337,1572146375
xian_yu,今天是ba的nico放送十周年，我看了看比比丽丽的ba排行，本家却大概是这个视频的3/5。如此高的播放量，不仅未up带来的大量的支持者和收藏\n但是有一部分车万众对这个视频的评价确不太好。\n为什么?\n不是说这个视频播放高有什么错，而是现在有越来越多的一般通过睿站逸民的进入，再者本视频的tag中未加上东方tag和标题中未含有东方等行为让这部分车车人感到了疑惑。\n这让我不禁想起了油库里，油库里也是东方的一个衍生作品，但因部分一般通过路人的进入，油库里慢慢脱离了东方，在这里让我有一种ba也会如油库里一样远离东方这个系列（也许是我的危言耸听）\n在来说说这个未加东方tag和标题未提及东方这一事，有的车车人会说是阿b打压东方，导致东方视频播放量普遍不高（指最近的新作品）。先不说打压东方一事的真假，我们来谈谈up为什么连一个ba的标签也不加?不要和我说什么有屏幕和ba无处不在的tag，这种视频三年前就多了去了但人家至少还加了个bad apple，这个视频呢?\n或许比比丽丽有在打压东方，但加上东方tag是一种对她的尊敬，也是对车车人的一种认可和支持。更何况只要作品优秀，即便是有打压，播放量也不会低（比如说东方华灯宴）\n神主在几周前的我乐多访谈中谈到，希望把东方做的能够像克苏鲁一样的主流文化，但其中的难度也不用我来说吧?我不希望以后会有人知道up的这个视频却不知道ba和将ba所涵盖的东方project，或者一提到ba就想去到的说up的视频而不是东方（当然，两个一起想到就更好了）\n写了怎么一大段话，不知道会有多少路人和车万众会仔细看完……\n然后车万💊[画风突变]（1/1）\n\n       ——来自于一个不希望东方真的过气的东方众,38192010,1572143316
抹泪客,本家bad apple十周年纪念,346152978,1572141155
ミクのCharlotte,评论区不出意料,14216346,1572140470
永远亭医药株式会社,加了东方tag会如何我暂且蒙在苏我屠自古里，，，,27232139,1572139567
Sternhinmei,现在视频播放量是507万，顺利超过原视频(av706)369万。\n然后，十周年纪念♬(ノ゜∇゜)ノ♩,314047038,1572137647
芙兰达_塞维伦,这要是带个东方tag这视频播放量顶多只能有现在的百分之一，懂得都懂，不懂也别问，问就是b变味[嘘声],245101979,1572128582
逐48,比本家播放都高，我能说什么呢（笑）,108710953,1572125851
乐乐森,Bad Apple十周年贺电！\n2009.10.27     →   2019.10.27,12307353,1572108995
史上我最帅,虽然看不懂 不妨碍我点赞投币🤓👍👍[小电视_赞][小电视_赞],20275296,1572108523
冷亖,我这个假b粉丝来了，以前看过up大队的视频呢,78401,1572103853
小柯kid1412,化简一下，不就8G的数据吗。。。。,32967414,1572103080
Mar老马,三连了..投币失败（您的硬币谨剩0.4）[笑哭][笑哭],229016974,1572089915
yelex0430,说实话 虽然看完了 根本没懂,73458148,1572083342
袜噻欧次奥,第一个想跪着看完的视频,335690602,1572075447
雪千之河,bgm好熟悉是啥来着,81237447,1572074097
俩个烧饼,学生来说还是可以，LCD1604  等，学生时代做这个还是很有意思的，可惜做硬件出身的，没好单位工资普遍比软件低，我也觉得奇怪,65769418,1572068001
G_W_Y_N,关注投币点赞评论支持充电拉进收藏单独创建新的收藏单。,2959680,1572064040
冈-格-尼-尔,还在苦学fft的高二狗在此！[大哭],342897952,1572063426
夜の落下,dalao 牛逼,37729966,1572052969
小忍是信仰,up挺聪明的标签没上东方[doge][妙啊],13046380,1572045888
剑鞘要上天,好消息！我是首页来的,13389033,1572030925
木兰花咲夜,比bad apple原视频播放都高，惊了,178541666,1572021617
_羽蒙丶,又把你刷出来了，虽然看过了，再赞一次,30537595,1572020637
孤独的我逐被冷漠,我直接跳过了所有学了FPGA[滑稽],89525684,1572010319
か小迷糊,13年  应该头发都没了吧  为up默哀三秒钟,165109990,1571998184
阿布卡卡23,太强了,335476533,1571995106
负卿乂,我不太懂这很牛逼嘛？但我知道我硬币没了,24443298,1571988842
IP凹凸曼i,4000万行代码假的吧，荒野大嫖客2好像也是4000万吧,19241048,1571988703
山外小楼-听雨,大学的时候焊个电路板都觉得难，更别说其他的。。,440131284,1571980404
幻梦光泽,复制这句话再打字试试！后面的字是反的,30471232,1571978513
亚洲男神小哇,年轻真是好哇，想当年头发没秃也是这样弄的[doge][doge],93860308,1571973040
姬灵Kirei,车万永不过气,16164002,1571973036
阡陌工作室,敢问兄台，头发安在哉？,84118275,1571964460
Fightforglory,滑稽可还行,30135964,1571923624
太鬼畜了,也许，这就是秃子吧,8192802,1571918539
zpcTorch,看不懂总之就是牛逼,7916534,1571916145
MIanXN,刺激,14878112,1571910948
阿伟你真的好惨啊,只有我注意到本间芽衣子的手办了吗？[笑哭],149098156,1571906173
老板两杯柠檬水,[笑哭]玩一个都没玩明白的当场剁掉了手,19757080,1571867624
想中奖的落楓,500w了！！！！,338388645,1571843460
青稚子丶,Bgm？？？。,242177157,1571843387
温如玉乄,666,325128504,1571843058
13775872685,电子信息工程大一新生，希望有一天我也可以跟up主一样做出那么厉害的作品，(｀・ω・´),7647995,1571841101
贝尔茄格里斯,up的头发呢？,472055950,1571839531
Yashiro矢代,太强了qvq,317035349,1571832134
kekeio,膜拜大佬，感觉光程序一块就够专研的了,13556223,1571829419
红炎へ覚怒,原谅我看不懂，看不出有多复杂，只觉得很牛逼,122455214,1571828680
紫馨吕,看不懂,30026274,1571827505
小菲肺,我一个C都没过的，点进来干嘛[囧],312311980,1571816692
Mashiro0o,卧槽我看到了MATLAB,20823265,1571775120
隔壁丢人琉璃,这......这是什么，tql[蛆音娘_害怕],319754264,1571763788
宁静的夜看星空,看不懂,195245547,1571761562
小菊花吖咩,真棒[2233娘_卖萌],23988564,1571759277
田啊嘞,植物大战僵尸,21689591,1571758818
GungnirYYF,虽然这期视频的内容都是前面的视频，但是之前的视频的播放量加起来远远不如这期视频啊,265840013,1571755735
晓之车丶焰之扉,你币有了,43857994,1571749963
lames233,av706,266404423,1571748664
诺拉NOLA,牛批（真的，第一反应）,2599645,1571747519
萝北北o3o,牛批,396826079,1571741921
皮王teacher陈,首页通知书，播放过500万了[点赞],342736100,1571736664
赊账九文,真的很厉害！！！但我兴趣主文科实在不是很想关注理工系,180025394,1571723912
Nansimia,不得不感叹坚持是真的最难的，就像我抱着⌨️这么久了都已经要转职成键圣了。,82416413,1571718151
真卡卡西,有大神科普一下什么是bad apple,100595378,1571687794
心有余力而不足,虽然看不懂但是感觉好厉害的样子[吃瓜],65531587,1571649185
Fox_usagi,奈何本人没文化，一句卧槽走天下,8408418,1571643633
墙头偷红杏,做为一个门外汉，我只看到了疯狂跳动的电表数字[滑稽][滑稽],265408035,1571633704
肝帝剪辑师秋月姐,奈何自己没文化，一句卧槽行天下,20460913,1571631572
鞋底子加肉,能坚持学习的人，不管学啥都很强，赞,194930852,1571616525
漫江千里,我不会是发现了什么天才吧。,364625394,1571569885
局座真帅,500w的助攻,13514377,1571561255
Vehax,太秀了,431076995,1571545411
集结榜彡帕秋莉10388号,av706,351250805,1571544232
集结榜彡帕秋莉10388号,比原版播放量还高！,351250805,1571544053
改名花了6樱币,投币比点赞多,340924707,1571543917
请叫我老邪,哦你可真像个Ω的后人,114268426,1571538489
天选Jo人,一个电子科学与技术专业的本科生看了只想说一句:大佬牛逼,35028884,1571529475
Invisible0000,这类视频作者真的只能用群魔乱舞形容,35692248,1571502924
46177981449_bili,你币有了,415556421,1571497027
二货晓之空,500万冲鸭,242614752,1571494162
往事回首都是泪,求bgm,104478258,1571486121
傲策,老实说 没接触过这种东西真的看不懂 但是up想要勋章就三连了,5483702,1571479364
西红柿真不好吃,这。。。。硬核,33146241,1571476494
1元的饼干,看样子学电子的都会搞这些。我是从无线电开始，做发射机，收音机，功放，各类单片机，fpga，exe，apk，php网页，python网页和软件，3d机械制图，Linux x86，linux arm，机器学习，感觉要学的东西好多。。,382878276,1571463648
北城秋语,我就想知道那个vc的源代码,11607395,1571461198
总感觉有人在毒奶我,奶一up口 明年粉丝破百万（￣▽￣）,10960709,1571461032
鱼丸不鸟,我真的只能看热闹了,74173871,1571454281
咯啦啊僵尸家族你,已三连（硬币不够啊）,221780689,1571446536
0翊king,你变秃了，也变强了[滑稽],36326388,1571442849
随_遇-而_安-,给巨佬跪下了,307456507,1571407806
山卡猫,8000000000\1024=7812500,393081354,1571406393
可爱到打一拳会哭一天,厉害了！,476969386,1571396475
职业ad法师,给你b了,111901540,1571395806
dr瓦坎达,已三连,475741343,1571395383
洛小悠丶,75万点赞，87万投币，33万收藏,5186775,1571394609
唯爱飞宇,投币比点赞多系列,18336736,1571375967
红梦幽樱,495w播放?二妹厨狂喜,82689843,1571362120
月色下の朦胧,大……大佬……牛……牛X……,242847765,1571330359
猫猫猫叫咪咪咪,虽然我看不懂  但觉得很厉害  必须投币支持,39987336,1571324615
地狱的亡灵,当年有弹幕版,372607,1571321507
李世济的留声机,大佬,237707045,1571319973
月落精灵,大佬，我建议你出教学视频啊。会这么多技术，还是自学的，教练大家一些自学经验什么的。,14430878,1571313481
弦卷-扣扣肉,是一个老宅呢（大概）[惊喜][支持],3781678,1571310214
我不是-阿伟,这是我见过第一个币比赞和收藏都多的！,93551565,1571309627
你好吃吗zZ,牛逼,11286079,1571308673
41830407806_bili,实 力 劝 退[doge],355268323,1571307160
隔壁桑阿姨的阿姨嗓,這些器材貴嗎？你可以分享一下學習經驗嗎？,2793035,1571287381
上官雅曦sama,这些工作将来可以交给机器人做,107220213,1571282092
下海-绘梨衣,为啥我总是想到香蕉君呢？(｀・ω・´),31808836,1571272051
UO君,他妈的牛逼... 电工大一生看完震惊到忘记听课,33420016,1571265222
苍井翔太郎,虽然没看懂但还是觉得好屌,180884564,1571246518
小猪佩奇的巴巴爸爸,这首歌曲调很像心如止水,277777173,1571246018
卖小碗茶的,有这功夫做个时光机不好吗[呆],17171110,1571244002
萌萌哒李舜生,虽然不懂，但是感觉很厉害的样子。,8293523,1571243754
今天丽林学习了吗,文艺复兴！！,1572999,1571242196
王宇233,up你的梦想完成了喔,37799885,1571239910
蓝天下的白云L,11000,4414138,1571237858
老八幡sama,说吧，直接上还是走程序\n反正我是直接跪了[喜极而泣][喜极而泣],344818278,1571236901
记忆中的纸飞机,tql。属实腻害啊！大佬大佬,21909814,1571232980
49534391500_bili,放kindle的好评，三连,400580855,1571232366
0风暴幽灵0,电费要炸了,6047768,1571225871
我的爱妾们,我太菜了，不配给你硬币,283093427,1571220068
Ecr_t-弋汐希霅,当年无论n站a站还是b站，都是号称有显示屏的地方就有bad apple的…,75879,1571214698
神奇的again,电子专业路过，up主做的这个真的很麻烦很费时间,23932413,1571214140
枫行一沙,这真的十分非常极度超级无敌硬核！！！,22288037,1571213243
小小小小野心3,有大佬介绍一下是什么歌吗,323567650,1571208108
硬币君丶,牛皮牛皮，虽然不懂，但是感觉好厉害的杨紫！十颗硬币奉上！,130284354,1571203721
花栗子哦,好流弊的样子,278297709,1571201781
星火西大街,又一个东方的,35409615,1571199370
艾萨克-迪安,对不起我太菜了只能说卧槽😂,23270663,1571197580
BrokenEcho,牛逼爆了！,55357224,1571188628
伯爵与妖。,我想求音乐,28070034,1571184922
半城灬雨,牛批,313679086,1571181187
born1to1trade,电气老学长前来报到！[大哭],13079730,1571161572
page40,没看懂？,19691216,1571161376
荷冷鱼鱼子,自动化感觉课白上了,5596221,1571155056
迷人绅士,过于硬核，关注了,141515491,1571152114
RISINGST,大一自动化学生前来向大佬学习[支持],392739249,1571141349
五五九九,虽然我不懂，但不明觉厉，很厉害的,50018633,1571137901
Darktu,牛逼,53478532,1571131490
MSJZmodai,我也是学这个专业的  为啥我不行啊,242375365,1571128681
辣椒哥哥gg,毕设的时候整一个FPGA的密码锁都差点把我整崩溃[呆]，大佬这也太秀了,196855420,1571128429
白米SAMA,好牛,11136545,1571127985
那就日暮途远吧,看不懂.....,34364770,1571123898
学-英语,通信工程表示这些东西基本上全是我们的,33110791,1571123607
夜雨浅城,是我无知了，我看不懂[蛆音娘_吐血],60244004,1571117631
随缘昂,暑假看到这个视频的时候播放量是真的少，这一次又上了我的推荐，再来时已经400多万了[微笑],313750760,1571116537
Zero2_Pc,卧槽！！！[点赞][点赞][点赞],18656120,1571116050
jiuhn,看一次，跪一次\nor2,22807617,1571112863
おたく丶舞,又刷到了，继续刷,32387963,1571112771
好想成为由乃,爱了,289355026,1571104746
流木野咲_,烂苹果，好久了,238435,1571092793
一霎风来,是个狼爽,352634677,1571072928
淫慢则利精,有钱又有时间，像我这种只有空闲时间才能刷刷B站的人，唉[笑哭],431842350,1571067138
若问邪风曲,币不够啊大佬,19759284,1571053744
bili_22812137904,担心UP主发际线,471792862,1571052784
月锦羽,虽然我可能错过了很多，但还是奉上一枚硬币以示敬意,40122866,1571049671
芬湿老婆婆,太好了，B站众还没把东方忘记,29197609,1571045982
称呼靠想象,我问了一下我电子信息的基友，“我从零开始学这玩意儿，到能把这片做出来要多久，”\n他说“快点的话3个月”\n我说“三天行不？”\n他说“行，你买个键盘，再去睡一觉”,141239303,1571037215
萨丽艾尔サリエル,我一看封面就知道是bad apple，因为技术和音乐区在一起出现的除了高难度黑乐谱什么的就是bad apple了，吹爆up[滑稽],86505615,1571036996
千葉の堕天聖_黒猫,电信专业的小苦B发来贺电[小电视_赞],23213796,1571031190
多谢时间,这些知识能干什么？如果重点是电路板，不好意思，现在流水线这种东西最不缺,13322849,1571030182
黑妖MoRB,dalao流啤 有屏幕的地方就有BA,22694615,1571029303
光谱蠕动,岂可修！ 我币没了,14530214,1571021527
紫觞龙,我了个打擦,23818082,1571012995
夜梦未明,强👍,170973534,1571001150
右边君,纯手写代码大概多少请问下。。,21251838,1570984150
伟大的兔斯基,大佬牛批（破音）,22632420,1570977859
帕洛斯的小哈士奇,这个。。是什么，好高级的感jio（没文化不知道是啥[笑哭]）,171046635,1570971407
清默默的萌,有没有tu然，请告诉我,19290628,1570963294
Hey挡,他这些倒不是什么黑科技，但是展现出来的基础知识理解应用是有点厉害，这些东西技术上不难，麻烦的是信号文件转换和软硬适配真的费功夫。,3229466,1570960012
16bitガール狂三,我居然又刷到了,62485286,1570957984
雁北殷航航,我怀疑你是电子信息科学与技术专业的，通信原理可以教教我吗？挂了,359198582,1570955335
kongvithing,看不懂呀,5471541,1570954624
兮mkl,关注了[喜欢][喜欢][喜欢][喜欢],41649592,1570954142
LY凉枍,没看懂视频 但既然你们都说很厉害 那我就点个关注留下到时看[抠鼻]可能以后都懂了[doge],453988051,1570953239
易尽九,看到有人在弹幕里发花里胡哨……up辛辛苦苦做了这么长的时间，您发个花里胡哨？？？(在00:12左右),62532766,1570950438
你们全都没玩帅,看不懂但是up主牛逼,105374503,1570950336
细犬逐蝶,要不要考虑发个github啥的，还能拿到大量stars，岂不美哉,50531072,1570950031
极寒winter,快500万了，wwwww,47150788,1570944809
人工智能AI酱,评论人均懂哥,15885815,1570942219
桂枝桔梗,我看不懂。。。,38100781,1570941521
家里蹲的绫波喵,给我100000个太阳纪我也可以做出来[滑稽],429583445,1570939349
千璃青沫,现在播放率达到486.9w了,326748594,1570932072
请不要叫我葫芦娃,讲道理我看不太懂，也许真的很牛逼，但我真的不知道牛逼在何处。\n请原谅我的不知，有哪位大佬能简单讲一下吗？十分感谢。,473518235,1570929830
修炼到四级了,强插暗示,304234693,1570927703
松鼠の尾巴,这些数据还是bit，换算过来也就1gb而已。。。,11152140,1570919319
三水心酱,看不懂 但是觉得很牛批 我币没了,34867941,1570918244
阿拼不努力,艹 又是你 前几天还在打丘丘[微笑],33309298,1570902351
奋斗中成长-y,同是学电子信息工程出身，视频里面的东西自己动手用过的6-7个，见过的有一半，目前只会用c，代码量不到万行。,276847369,1570898436
狂三骚三重,up主真的超强,2535866,1570896154
优库里美琴,你这都不需要暗示，三连+专注了,9824323,1570895740
要大口吃,我个专业是电子的完全看不懂，我学这个有什么用？,329118771,1570892352
SolaNeow,听到这bgm就知道你三连关注都有了,35698830,1570888650
道de天,车万永不过气,95301563,1570886343
呐_我超甜,一直知道B站潜藏着很多大佬，总以为时间还长，总能相遇。却没想到相遇即别离。[捂脸][捂脸],30813704,1570880048
阿离的霜叶舞,没看懂…,421203147,1570879404
都是弟弟啊啊,看不懂，跪在地上看完了，我对象问我为什么跪在地上，反手一巴掌，现在跟我一起跪在地上看,259198055,1570879008
bili_59468414442,投币了，神仙up,451400319,1570877384
MaggieRown,真的牛逼！！！！！！！！！！！,102580584,1570877140
花羽轩i,一脸懵逼的进来，看不懂看不懂，还是看完了一点没跳，我就想问一句这是啥~,257142708,1570873668
还好有你在这里,老哥你这也太硬核了吧！三连走起！[支持],11187047,1570872073
Marsh_Joe,电子信息玩家,12915674,1570870291
我是园丁艾玛伍兹,bgm超喜欢，求歌名,150438941,1570865049
_逍遥工作室,没见示波管，差评[吃瓜],67023488,1570858149
cross-product,大佬可以准备去应聘牙膏厂或者农企或者核弹厂了。,35066992,1570853180
Lemon-T,我感觉，你就要被挖走了[大哭],38797196,1570849208
弑神1029,谁说程序员只能秃头的，还能自娱自乐肾虚[doge][doge][doge],402571340,1570835869
丿折木奉太郎,看不懂，但是NB,77173307,1570828838
86279837713_bili,你必须是大哥大，你的成就，这辈子我也完成不了，,433220900,1570813608
请叫我女王大人さ,不知道哪里nb，但就是觉得很nb,106521476,1570811542
9酒徒,大佬,300024631,1570805689
呵呵呵呵9260,两个愿望，一次满足[滑稽],290963821,1570803477
liar丶失忆的猫,给你三连,357887575,1570795708
弃疗的中二病拱卒者,这真的太强了我已经跪了[打call],84139629,1570794909
阳剑001,虽然看不懂 但是好厉害的样子,26502836,1570792717
qiaodows-莫云,有屏幕的地方就有bad apple[doge]\n顺便学电子的路过，这个工程量真的大，佩服up主的毅力（来自一个咕咕咕的up主）,49805277,1570786783
Abisso丶,这就是不明觉厉吗\n[呆],67958440,1570785914
人活着就是为了老婆们,正在学plc跟单片机技术以及c语言的我表示瑟瑟发抖,22442506,1570783257
一个dsd,计算机专业的，点进来以为真以为有4000000行代码的工作量。。。然而这是啥。。。,13500616,1570782748
力气不大,看不懂，牛逼就完事了,32780568,1570782014
Mirsuky,好像我之前只全程张口，最后四连，但是忘记忘记评论了，现在再加上二连！我完全看不懂这些是什么，但是能感觉出up好厉害！！！也许你已经听多了赞美，可是我是认真的！,45443185,1570774664
不善言辞-C,那么 代价是什么[画风突变],37902290,1570769117
laokuang28,有人能解释一下这是什么机器吗？认真从头看完了没看懂[囧],361759772,1570767840
又开始稀罕你的府先生,大佬你秃了吗[小电视_害羞],50335725,1570757515
鼠儿的傻狗,第一次看视频很奈斯，第二次听音乐很牛皮，第三次看评论。这个我确实不懂但画面和音乐着实牛皮，我告诉你，你币有了,260414456,1570735591
笑看你的脸颊,给跪了！！,375805777,1570731940
雪白空心,膜拜⊙▽⊙,22768014,1570730589
绫メ茵火,太强了,34103954,1570729739
85725102818_bili,看不懂[嫌弃] 请问脑信息可以copy吗,383859221,1570726571
一部没有感情的复读稽,很多年前，我就有一个大胆的想法，去电缆化，将那些复杂，吓人的排线去掉，可是我一直没有实现过，因为我要吃饭，没时间搞！后来，我还是在生死的边缘，为了吃饭，还是没时间搞！愿楼主帮我实现！加油！我也认为，现在的集成电路主要往芯片发展，未来还是往芯片发展，不过芯片变大了，变强了，工业控制，去电缆不知道有生能看到吗？加油！,448580505,1570725934
桐树下,一个自动化专业的瑟瑟发抖,9132831,1570722892
76技师,做出这种效果 确实很屌,454267849,1570722602
改改OneTwo,UP你这本事做UP委屈你了[笑哭],21813298,1570722291
DW和DS,看起来好厉害，虽然看不懂,405804289,1570720024
一只名叫公式的鼠,您是那个技能锦标赛金奖嘛？,73732134,1570718495
所向披靡的猪,真是他妈硬核宅男,30562809,1570715130
只发专栏的轻小说up,你做的再好，也得不到我的三连，因为我压根看不懂[无语],45233251,1570704282
阿童木木真,看不懂……,94623408,1570678514
balabalaivy1998,嵌入式牛逼,389877400,1570677866
记录的观测者,不是硬核是有点硬,28659740,1570675896
括约肌切片,为什么要用到卷积神经网络和生成对抗。全视频看下来也没感觉要用到呀,37543381,1570668556
吃口胡萝卜,币给你[喜欢]！,473883815,1570641264
neiune,怪兽,174157429,1570639498
端庄d卡西g,大佬，我电子菜鸟，已三连,350799147,1570636340
chayaoxiao,我是软件工程的学生，别的我不懂，但就你这四百万行代码，是什么概念，真的有点唬人。这都是什么代码就四百万行了？,18108478,1570632363
舞铲阶级斗士,太硬核了,89637502,1570623217
全屏游戏,牛人,19569178,1570623181
S级学长路明非,切，这有什么了不起的，我亿年就能学会,9387328,1570622864
兰桂姬,我看了什么啊？这都是什么鬼[捂脸],6673091,1570622169
佐伊_暮光星灵,虽然没看懂但看起来很厉害的样子,38060802,1570620692
浮世之映,我又刷到一遍(｀・ω・´),19155500,1570618889
我次饭团,牛皮！,254413955,1570616396
荀栗或贾晟斯疑,什么番剧啊，感觉不是很有名的那种（,39282782,1570615521
ス饕鬄ス,厉害了，大佬收下我的膝盖和硬币,233548775,1570594093
请假回家玩,袁隆平的错,323369564,1570590892
Reais,强无敌,21383983,1570562665
兔先生,四年前选择了自动化这个专业，能撑下去全靠up。。。。这个专业真的不是人学的。。。从硬件电路一直到底层驱动再到软件编程，然后还有通讯协议，安卓端程序开发。。。。。。四年只学会了在contexta8上写一个播放器播放存储好的bad apple，图像解析是真的看不太懂。。。。。\n话说up出现频率最高的板子是arduino uno。。arduino的板子是真的好用（主要是编译软件太舒服了）除了闪存不够用，接口少了点之外（官方库里还自带软件模拟串口的函数库）简直完美,608527,1570549100
威嚴充值,500w預定,329971587,1570543650
唛哩唛哩弘,我相信up主是因为热爱,389083242,1570543216
宇宙征服者k,这个疯子！,234181052,1570534792
通通通通20块,虽然看不懂，但是看起来好厉害啊[微笑],28449043,1570529009
懒惰的罐头,大佬太强了,36893954,1570527961
糊糊糊糊糊胡萝卜,现在是73.6万[请吃红小豆吧！_wow],92616230,1570521072
王嘎一哩小内八,卧槽……,32698924,1570519980
艺YI技JI,通过以上视频算up失去的头发[doge],7014339,1570518226
_mqz,你是让我说实话还是说好话呢.....,420468078,1570514309
咲夜七,这Arduino板在哪里买都一样吧,430130457,1570510688
小渚的团子,这些人物动作剪影也是up主自己做的吗？,13967533,1570506330
ZJHASSASSINLYY,UP发的这个视频，我觉得说明了一类事，有些东西真的只有懂的人才能有共明，才会相互欣赏。我看了以后觉得UP学的东西好多，但是也好杂，光是示波器的视频展示就真的惊到我了。13年的坚持真的不容易。不过相对于目前的网络时代，要想获得“网红”这一层次的视频播放量，不是只有“硬核”这一要素就可以成功的，还需要其他的各种阅历或者说是经验。不过UP做的这个视频真的很厉害。光是看到的那些大学里的课程，我就感到头疼，UP是怎么没秃的呢，还是说你已经变强了呢？,95152099,1570469784
湖人总冠军嘻嘻嘻,怎么感觉我们学的不是一个专业hhhh,329855598,1570461889
真的会变笨的,都9102年了，还能再b站首页看到bad apple，谢谢up主，想到了过去b站，还有从高中时期到大学，直至现在走上社会一路上的种种美好，似乎都回不去了，谢谢这位宝藏级技术力up，谢谢不忘初心的大家的一路陪伴（/TДT)/,4796673,1570459873
汰美,开头音乐叫啥,14067132,1570454090
みずじ,开源不[滑稽][滑稽],352284146,1570446353
木木君合,up主活成了我最初梦想的样子。。。。。每次学东西都半途而废,109340254,1570433166
名字都被注册了我用啥,就这视频也敢叫板一百万播放量不到一千万都对不起up的心血啊,409761995,1570432614
Occultism,车万一家人[吃瓜],59688214,1570424878
双刀井十六,只想问up头秃了没,12655155,1570424606
艾米莉亚真是天使呢,前几年看到这个bad apple的时候就感觉很厉害,9523701,1570424425
让我在想想我的名字,UP我想学！受徒儿一拜,294997723,1570420181
彼女の霧川,哇！看着就好厉害，就是看不懂[画风突变],356321635,1570415364
我是坑比啊,膜拜,12436550,1570414927
弥生祭祀,虽然啥都看不懂（但是真的很牛逼！！！,25787112,1570413975
晓毅丶丶,这可能是我一辈子也学不来的操作了,67162100,1570410110
战神帝丶劫影,真正的大佬,291088763,1570408012
Depre_ssion_,你是B站唯一一个币  比  赞 还多的up,45586726,1570403469
芙兰project,nb,165098616,1570394976
一条腌渍的青花鱼,10.6号，476.5万播放量22万粉丝,85329932,1570382992
幻灵华狐九,硬不硬核我不知道，但只要你是东方厨那我们就是一家人了,73240351,1570376837
乱乱乱入人心,看你简介说到那样了再不关注就过意不去了→_→,12803271,1570372800
高级化合物,他莫得头发,382413180,1570372725
清平之心,说来可笑 我是上网搜幽幽子和紫妈的本子才知道的B站 刚看B站的时候我都震惊了 这就是在现实的幻想乡啊 有这么多和我一样喜欢东方 喜欢二次元的小伙伴  可现在  唉  都什么样子了啊[2233娘_委屈][2233娘_郁闷][蛆音娘_无语],57554703,1570369431
绫罗飘,那个⋯虽然很厉害的样子⋯可谁能解释一下吗，这些是什么⋯不好意思没看懂,38157274,1570368443
Susan苏三丶,nbnb,13428618,1570366525
10060071557_bili,在校生能做到这步不错了，找个好点的公司搞开发提升会比较快！,412402283,1570363758
樱衫绘梨依,这才是真正的热爱吧,10378074,1570362684
无良网民,大佬太多我都开始自卑了,14466825,1570362627
little-flea,币比赞多系列,103049430,1570355961
截图之后马赛克,啥也看不懂，但就是好厉害的亚子,99632950,1570351883
沐琉秋思,我觉得视频不火可能是因为封面[doge],19839455,1570348791
風屿雨,真的硬核woc,11772108,1570338122
嵩琛昶,投币比点赞多可还行,353595601,1570336776
威廉大叔洗铁路,大神,7159930,1570334979
犀牛珊珊,我完全看不懂，一脸懵逼，真想有个人给我解释一下如何厉害，让我发自内心的崇拜一下大佬,253480135,1570325508
音陵小乐,东方铁粉鉴定完毕,346985554,1570323098
可爱滴瓜子,我要赞赞,366862743,1570319317
CreeperTCD,播放超过AV706了可还行,59254209,1570311784
国产小清新哟,完全看不懂，评论也看不懂[笑哭]连腻害在哪里也不晓得,386917499,1570299644
三生乾,为什么离开？,37807246,1570288554
哈默尔恩的吹琴喵,还没看先投个币再说,21775770,1570284790
昨日路过哔站竟然,啥意思，我为什么会刷到这个[尴尬],175385995,1570279478
安静做个肥仔,币比赞多可还行,369592485,1570276471
元方大爷,你是人？,44961492,1570274349
FQ_番茄酱,卧槽！真TM牛逼！,29750305,1570273569
阿尔托丽亚番徳拉贡,我关键时刻没硬币了,18771847,1570273164
厌君_YJ,外行人，俩字：牛逼！！！(破音),11600204,1570273152
NidHogg30772,怎么把图案弄到LCD上的？,297086865,1570272001
哲学-自由-快乐-蔡,6666,92991197,1570269398
Lv6丶一方通行,头发还在吗[惊讶],74178546,1570269288
小帅哥153,up主好厉害，果断3连[微笑],272338609,1570267814
打破_,为什么投币有上限,373115709,1570267630
修仙者一代,什么歌好听啊求大佬告诉一下,198694046,1570265388
lukesociety,虽然看不懂，但也一键三连系列,22039912,1570264465
黑衣教母君,www看不懂，俩字，np！QAQ！,473031259,1570252218
淡墨清秋QwQ,，，，完全看不懂不过好厉害的感觉,35917578,1570248776
龙舌兰靓仔,太酷了！！！！,206193459,1570247027
鸽之道一一咕声常伴,看不懂，但是应该很厉害。,294190784,1570246979
平成老玩家,所以up做了个啥，，我这个外行没看懂[无语][无语][微笑],85286237,1570246428
さんま,所以说对抗神经网络怎么badapple的-_-||,219438,1570246024
船长和臭弟弟,这歌有点吵,42848495,1570245560
元首的比利王呵呵,5.4万的老粉来装B了。[滑稽],430961666,1570244739
锋哥ACE,有没有大佬解释下bad apple是啥[笑哭][笑哭],39795805,1570242797
nn--大熊,他，还在bi站吗,145863069,1570240214
ai不予时光度流年,完全没看懂[笑哭],68199034,1570239793
记事本123,文科生的力量是有限的。我不做文科生了！,291906360,1570232582
自殺性救赎,第二次刷到了，不懂但还是要说个很厉害,354356872,1570216881
秃头的冉冉,阿婆主 我…看不懂（＃－.－）\n初一党瑟瑟发抖[微笑],474742066,1570215677
Tinkle_XXQ,牛批，面试官：能说一下你的项目在哪个地方用到对抗生成网络的吗？数据集是怎么获取的？代码如何集成？,8736341,1570213435
lingqiApril,不懂就问，bad apple是指什么，有点蒙,45607890,1570211890
可可蛇RC,比原作播放都高。。,275395546,1570200673
北风吹南风不吹,看不懂,34120164,1570197667
纯黑斯基,有点东西啊,6679269,1570196336
希灵指挥官,给大佬献上膝盖,283635910,1570192709
扬善_怼恶,今天我的心情特别沉重。哔站竟然给阿萨姆奶茶打广告。,81585900,1570191588
Meow0_o,日均8000行代码，真的nb[滑稽],1481831,1570190599
库巨苦巨,真有时间啊,6687626,1570188345
ぃ尐懒猫ゞ,我记得up主在发这个视频之前10w粉都不到的啊[惊讶],15669619,1570184095
鱼塘里试图翻身的白柯,我学会了！屏幕下面的红字[画风突变]是如何做成的,20322970,1570181215
贴吧_楼主,我给了两个圆圆的东西，但只会说卧槽牛逼的我应该得不到置顶[大哭],399565017,1570179790
贴吧_楼主,啥也别说了，三连牛逼就完事了,399565017,1570179521
Mirsuky,不明觉厉，四连给你,45443185,1570179390
耍蛇者说,家里有矿的大佬，不用工作的嘛？,22969143,1570170749
黑-白-调,真正的专业领域的技术流人才，并不适合在B站混。。。圈子不同不要硬融，在这里除了找点成就感，没任何意义，太过于技术的人根本火不起来，因为这里的大多数人只喜欢你的成果的那一瞬间，而不喜欢你制作的过程，甚至也看不懂。。。低端的反而很好生存，因为让他们觉得自己貌似也能做到。。。目前B站的状态就是低端娱乐为主，哪怕是三俗都能生存。。。,394297143,1570168634
浮沉梦,好吓人,4353720,1570168517
clzy22,up讲真我觉得你学的太杂了[笑哭]很想知道现在up从事什么工作,4912353,1570168372
爱吃大魔王的肉菜包,一个付出了这么多的人，值得我去敬佩,25648227,1570167336
潮落潮生波渺,说不出别的话，只有三个字，太强了……,2157114,1570164649
间宫卓司-,东方众除了我都是大佬[惊讶],284570046,1570162346
樱花雨落长空,大佬nb,21720922,1570161355
hy-FPV,666[尴尬],58825198,1570158003
露娜丶埃葵斯,感觉这个视频可以收获不少东方新人[蛆音娘_卖萌],57900454,1570118864
火花123,看不懂，但是有点牛逼,3970414,1570117926
枫林落樱,强哇！,15283954,1570117463
毫无存在感的粉毛,有屏幕的地方就有bad apple[小电视_赞],5648790,1570114917
叛逆巨龙,很神奇……\n每次我都忽略这个视频不看（完全不懂这方面的知识），每隔几天刷新，它又出现在我的推荐里[尴尬]\n大概五次了吧都要[画风突变],43684996,1570113313
尐亽物の傷,多年拍照，只为今朝！,111059079,1570112608
animie_,没有东方标签是真的...怕限流还是什么（而且还直超原曲100多w……,34987887,1570109054
小乔j,up用了13年自学电子技术知识？？？？？,31007380,1570108725
-纱凋-,可否给俺看看你的头顶[画风突变],35747309,1570095361
小糸侑的麵蛸,车万厨是神仙系列,472343106,1570092566
骨瘦嶙峋的文弱书生,这也太硬核了，根本看不懂啊,210012609,1570091592
我血中国红,我可能上了个假大学(ﾟДﾟ≡ﾟдﾟ)!?,39341394,1570082653
蓝图一角LT,首页通知书[2233娘_大笑],158304530,1570079263
嘉嘉嘉嘉噔噔,其实我也看不懂 就看个热闹吧 说不定哪天还能叫大神帮我修个电脑[滑稽],96253219,1570078812
丛雨ちゃん,有屏幕的地方就有bad apple,59399317,1570061480
云山小霜,过于硬核，不过看得出来很费功夫，。，,32914714,1570058216
Mr江丶湘,虽然没看太懂，但是牛逼就完了,113291517,1570041536
黑手人员233,bgm好评！,328332802,1570032587
叶潋央,虽然看不懂，但是很厉害的样子，大佬可以考虑往N站YouTube之类的传啊,73795095,1570031112
梅尔特--莉莉丝,？（这是啥？这是啥？这是啥？好像很厉害？好像很厉害？好像很厉害？三连了？三连了？三连了？）,110892577,1570030183
夏月蝉歌Change,自从看了这个视频，感觉我选电子是个错误_(:з)∠)_,294716216,1570029605
34572455654,没看懂,108055681,1570025954
MZ72,ん？为什么标签里没有东方project（恼,30177475,1570024650
戴凌萱,up主是哪里高就？,27353091,1570021565
菇凉有妖气12138,弱弱问一句，大佬你头发还好吗,11263019,1570020027
故人十一画_,我感觉可以拿这去面试了[呆][呆][呆],3255659,1570018505
我钟意你一人,奈何自身没文化一句卧槽来表达,10989526,1570005464
Bili_2738441,都是小钱钱[微笑],2738441,1570002671
LUGL,你技术这么好可以黑进B站服务器修改啊,176950263,1569998221
小酒壶一撞,这个好玩,6489017,1569994938
萌萌哒的铜锣烧,matlab给你真的是亏了,456932332,1569994904
风轻音,看不懂，但好像很厉害,356284403,1569991795
白磷_路游YOU,给大佬低头,42317810,1569991202
陌陌陌离,你终于完成了啊,14217769,1569988658
越吃月半,闪到我脑壳疼,8702713,1569988091
retaio,其实我不太看得懂[囧]就是觉得好像很厉害，但是不知道厉害在哪里,11287959,1569985376
K-siv小緈,旁边的黑色是原作，显示屏才是up主做的！,94897962,1569981978
zcs123,好像我在首页上每一天都能看到你[妙啊],16388965,1569981010
恨妹不是穹-,看不懂[小电视_发愁][小电视_发愁],37655955,1569976595
笑着哭着走着,觉得很厉害，虽然看不懂，三连啦,52041394,1569955439
拔刀橙,这辈子都不会去干的事，学数学，倒腾编程,2736241,1569949456
阿中哥哥毒唯,好厉害啊！！！！！\n虽然看不懂，但是辛苦了！！！！！,376739139,1569944230
黑夜狂飙大叔,真强，大佬头发安在否？,13761199,1569942160
高阶希灵使徒-萝撕服,弑君之君，诛神之神,174988406,1569940645
泠韵゛,为什么这个比本家播放还高,321785977,1569940563
权限足够,(｀・ω・´),349714209,1569940375
Lqmouse,技术宅好评！宋体编程字体差评[滑稽][滑稽],3299633,1569936610
LYXXTH,我和阿婆主明明是同个专业的，但是差距为什么会这么大【2233娘_汗】【2233娘_汗】,386399484,1569930098
不了不了还是不了,完全看不懂嗷,94513100,1569929799
挨过10086刀,z？看不懂，感觉好厉害啊,192440453,1569920340
陆司星,只要有屏幕的地方就有bad apple,10295042,1569919082
蓝蝴蝶飞呀飞,up主，你头反光吗？？？,280076020,1569916472
雪崩团灭一色清,咩咩咩[2233娘_卖萌],4512702,1569914127
雪崩团灭一色清,大佬给跪了,4512702,1569913821
御御御ii,虽然不懂，但是三连还是要安排的,8540919,1569912819
赋值号,┌────────────┐\n│ 信息                                  ╳ │\n├────────────┤\n│恭喜                                        │\n│你发现了镇站之宝。            │\n│┌────┐┌────┐│\n││领取奖励││关闭窗口││\n│└────┘└────┘│\n└────────────┘,417035504,1569909517
灵猋丶,我：“教练……我……”\n教练：“不，你不想，我都还不会”,346742008,1569900575
秦-三心草,额[尴尬]这个有什么了不起的吗？这是在干嘛？有人能解释一下吗[尴尬]（首页进来的[无语]）,409853837,1569899757
灬ことり,大佬牛逼,21615423,1569894774
bili_65524027292,你的头发还好吗,455181459,1569894033
-Marika-,为何如此执着于bad apple？,3793258,1569891465
啊希咧,这种东西外人看着牛逼，对于学电气来说.......也牛逼[画风突变],21107833,1569887476
冷傲的机械姬,太复杂，看不懂，赞了就跑吧[微笑],66013786,1569868639
踏马日燕,不经意间，\n我抛着手里闪闪发亮的两枚硬币。\nup看在眼里，\n她高抬在半空中的劳力士手表都暗淡的半分。\n我把两枚硬币丢到垃圾桶里。\n看着up的表情，从渴望，变成愤怒，最后用满脸堆笑。希望我关注她。\n我冷笑着白嫖完一个视频。\n两级号的生活就是这么的枯燥，无聊。,315208153,1569867615
3月的狮子-,真的牛逼,44083614,1569861286
AbryKr,恭喜您，在这个领域您得道了！,105174368,1569857831
煞笔合唱版,因为我看不懂，所以，你币没了[滑稽][滑稽],110901480,1569857647
名字够长总有人看完,对不起，忍不住了，艹我rm牛批,405307242,1569853525
吃惊的精,东方终于再次总榜第一了（雾,31800683,1569847822
117简森花园,怎么说呢，传教神曲加硬核画面~额~没什么好说的，3连就完事了,51280904,1569847270
ゞ聖スゞ,说实话，我一点都看不懂,198507541,1569844063
青虞Lady,久  等  了,187770592,1569843899
呷哺呷哺路人,每个人都说不明觉厉，我现在是来抬杠，在我看来其实主要是花费时间精力，学这专业的人不一定热爱此专业。所以我不得不说一句你是真牛逼。,300463710,1569838665
xird祉言,卧槽,241406454,1569827665
方脸Z,这要多少头发。。,10386721,1569823697
看什么laj,欢迎收看，投币比点赞多系列,141351301,1569819359
永恒绽放的美,我看懂了百分之1[笑哭],312202067,1569817971
联邦的怪物MS,完全看不懂但还是要说句666,44629226,1569817632
骗你是小猫_-,我申请退学吧,378871143,1569814810
明晓今朝,tql,34277444,1569812615
召唤师D,要不是加了那句“自动生成的”我就要喷你了,388369091,1569811538
三山剑客,信号系统学的懵逼的我。。。唉。。。,95197143,1569804208
I哎I呀I呀I,投币比点赞还多,392378043,1569797234
中Y中Z中,sdl![小电视_赞],107845425,1569785639
爱看书的饭饭,up主是我学习的目标,44668073,1569777287
天天槽,我就想知道大佬年薪几位数了,31768539,1569774708
小天使桥本环奈丶,你怎么能自学这么吊？npnp。我想自学但是不知道从哪学，就算从头开始还是很多不懂,2630674,1569768251
kylinZED,看着像是java，有没有懂得多的看一下是不是java？,89619699,1569766561
cn序婷,其实你不是最强，最强的上了封神榜，原因是传授犯罪技巧。。。。。。,106180234,1569765105
乏力的鸡君,表示四十天已经完成up所以有梦想并突破450万播放，可喜可贺,198562112,1569763467
萌萌Yuri厨,什么时候东方国内人气能达到这种百万级啊 想想就心痛，我还是远离车万吧(´；ω；`),405074424,1569763033
盒装大笨蛋,&#34;这不就是一排一排的灯嘛！&#34;\n&#34;不！这不是灯！这是显示器！&#34;\n[doge][doge][doge][doge][doge],282564546,1569756743
卧勒了个擦,简单的事情做到极致并不简单,122057489,1569754109
墨西哥蓝莓,植物大战僵尸通关  音乐\n小葵花演唱~[微笑],14077070,1569747249
十七号西瓜,我想起了大学的时候，第一堂C语言课的课后作业，当时只学了打印，于是我敲了大几十行的打印，打印出了绫波丽的脸。就好像你在word里面用空格加字符拼出来一个意思，当时第二堂课还被老师表扬了[笑哭]。今天看到up的视频，我真的感慨万千。工作三年早已经失去了当初的那份热爱。我个人觉得这个视频里的技术不是重点，重点是up在用心做这个视频，重点是up心中那份热爱，那份激情。实话实说单论这个工作量就让人心生畏惧，看完之后真的很感动，回想起来最初想学软件最真实的想法，也真的愿意没日没夜的钻进去学习。但是有一点，emmmmmmm，我觉得封面让我心里不舒服，虽然确实起到了让我点进来的作用，但是代码行数和以bit为单位的数据量为标题的话，我觉得抹黑了视频内容带给我的冲击（可能因为职业的原因吧，个人感觉技术宅不应该吹嘘[doge]）。\n看了评论，不怎么发评论的我也突然很想说说我在B站的感受。我从一个不喜欢弹幕的人，对，就是不喜欢，甚至很不理解为什么会有人喜欢弹幕这种东西，到现在看视频的时候没有弹幕心里就很难受，甚至看不下去的感觉（尤其是前半年在外面找资源看巨人的时候，心里空落落的，失去了一半的乐趣）。这是最直观的变化。\n喜欢B站是从一开始就喜欢的，因为eva接触日漫，因为eva开始疯狂找番看，就是这个时候来到了B站。大学的时候我会很热衷于推荐我的室友看一些我认为好看的番，但是在大多数人眼中，我可以看到他们看神经病一样的眼神，对，，，有点嘲讽的意味，大概就是一个男生为什么会喜欢那种东西，渐渐的我对这些绝口不提。但是只要打开B站，就感觉找到了归属一样，每个up或者小伙伴都是那么可爱。虽然我不怎么发言，也没有主动融入过一些群体，但是光看着就觉得很舒服，很安逸。B站就像一个温暖的大家庭一样对于我。很感谢各位，感谢up让我又想起了我的信念。\n最后还是很感谢up精彩的视频，真的很棒，现在已经400w了。功夫不负有心人，终有一天守得云开见月明。\n哇，说了好多，最后的最后祝各位大佬学业有成，升职加薪，男的不秃，女的漂亮，开盖就有再来一瓶，彩票都中五百万，主要是怎么吃都不胖，hhhhh～,30948987,1569746129
东风谷橙柒,第四次字幕了，请不要发无意义弹幕去刷掉人物介绍好不好1551,153850684,1569745275
bili_18791119240,这是什么专业做出来的？,471253939,1569726742
CNJoeJoker,我跪了，大佬,13952905,1569721420
东东枪的vlog,这，，，，,94885494,1569714312
哇啦啦蓝哥啊,nb,5971721,1569684891
小矮人lll,标签没有东方，up是个明白人,108102763,1569680066
黑桃袭灭天来,必须三连，膜拜大神,263324427,1569676876
Amanoyingming,你现在的视频已经被某音某手盗窃了,382098691,1569674153
橘子什么鬼,看不懂，但感觉好牛比,21705774,1569673778
我不配拥有金光,求bgm[害羞][害羞]顺便问候一下up主肝还在吗[滑稽][滑稽],349919498,1569670495
崩落的诺瓦斯,瑟瑟发抖,11870110,1569658410
Mr_Dalak,$&#34;看的我头皮发麻&#34;$,291240438,1569656541
邪恶的H博士,#include &lt;stdio.h&gt;\nvoid mian（）\n{\nprintf（&#34;太强了！\n&#34;）;\n},23133216,1569655347
Vita灬柠檬茶丶,阁下头发还在不？,227761578,1569655183
你就是辣稽,电子信息工程报道,34452848,1569653585
97354146776_bili,不明觉厉(⊙o⊙)！,432422962,1569652715
我说我是攻你信嘛,赞71万，币82.2万，真·币比赞多,388199034,1569651788
靈的bil官方頻道零,谁跟我傻不拉几的点进来一脸懵逼感觉nb的点个赞就走了？,112418784,1569645407
失乐园马,我想问up主:值得吗？,274744889,1569644021
---Gzz---,堇了，这年头还能有播放量这么高的东方视频(;¬_¬),98441762,1569643459
Foxsaytin,只要有屏幕的地方就有bad apple,810442,1569640417
无悔De选择丶,学痴：？？？？,7302649,1569637750
半湖雾中半壶纱,想大佬哪里就职,9097494,1569630336
0柠o檬0,首页通知书,434392787,1569625277
凤生の无痕,虽然看不懂…但是先三连了再说…,405648280,1569613825
夏色の风,nmd给跪了![笑哭],237082349,1569599183
一柄长剑破苍穹,外行人没看懂，有没有内行人解释一下,310600035,1569597387
の暗殇,完全看不懂,12765155,1569596493
夏天末日,我情不自禁的摸了一下头发,197736236,1569594772
当然是单身狗了,up主的名字,351347784,1569594743
我大中华水师提督,首页通知书,106713296,1569594533
改个昵称真特么贵,这大概是第一个让我把bad apple完整看完的视频吧[害羞],9053138,1569592013
山桥枕浅沙,自学...,11465996,1569589250
暗中观察协会策划部部长,第一次觉得白嫖不好意思,28976590,1569585680
无啦腻奥,[黑洞]硬币拿去，完全不懂[抠鼻],30960416,1569584032
TheFool丶0,有屏幕的地方就有坏苹果!!![笑哭],24567626,1569583561
3叁柒7,up做的这东西，外行人看起来可能挺复杂的，但是我们内行看起来也很复杂[妙啊],15383546,1569582908
天才少9琪露诺,我寻思这要加了东方tag，播放量估计连十分之一都没有,3185716,1569578976
竹皮小五郎,我看蒙了(&#34;▔□▔)/(´･_･`)有和我一样的小伙伴吗？                                            \n技术宅的脑洞→→→[黑洞],410080004,1569578563
我要成为Bunches,强大得让人向往,20177644,1569577999
亚力山白,眼花缭乱,20646195,1569573553
缈缈君,素质三连,273769367,1569573378
迷路的羽,你是真的6批，自动化看懵逼了,99792219,1569572774
崩坏娘娘QAQ,卧槽,127393989,1569566723
LemonXYYX,1024bit=1kb\n1024kb=1M\n800000000bit≈763M,82397056,1569563691
一个百变魔王,大佬好,328537721,1569562849
零贰丿,我能说我看不懂吗？,168011377,1569562012
聪明的口袋,10年后我也可以[点赞],107408751,1569559732
比尔一雨涵,道理我都懂所以和aes以及des有什么关系。。。。,24527593,1569557928
橘猫皮呦,讲道理 花里胡哨的我不知道up在干什么,42842630,1569552773
浪里个小浪人,大佬用的什么牌子的生发水,250581136,1569550884
轮回的戏丶,求一波开篇的BGM，0-2分钟的那段,17749130,1569531676
葉duang,我学这个的时候快吐死了！up太牛了,67671202,1569507092
凉茬123,np,353451243,1569503953
52号起司,能不能弄成彩色的[抠鼻][抠鼻],42709663,1569501846
无所有处定,正在学图像工程,216041636,1569501240
訫碎孑無佷,快82万硬币，太可怕了,110192775,1569499689
黄瓜味的香蕉,车万要火！！！东方要火！！！,3722383,1569496105
烟琼州,只要是我看不懂且花里胡哨的，我都会大喊 牛逼兄嘚！(´･_･`),85638239,1569494889
空白SAOI,前秃后翘[吃瓜],115068476,1569491814
黄镖客梦爬,up，头发还健在吗( ´_ゝ｀),95122887,1569491549
我想吃肉啊iiii,我要这铁棒有何用,29230962,1569490407
世界那么白,这 这就是强者的世界吗？！[蛆音娘_吃惊][蛆音娘_吃惊],99967368,1569489737
李の兔,没看懂 但是好像很厉害的样子,19394935,1569488778
墨九翎,虽然看不懂这是什么但好像厉害ᐕ)⁾⁾,367429156,1569487086
岚切幕刃加电刀,跪就完事了,358373041,1569483575
8蕉_,啊bgm植物大战僵尸！！！,84948183,1569475715
怠惰的老咸鱼,这就是传说中的神仙麽！？,33926046,1569474271
丶倾伊,嵌入式大佬,9162736,1569471266
双木林林林林林,大声告诉我！你是个什么神仙,56735274,1569468101
sanhualm,我一个做软件开发的感觉，这个有趣多了。准备入教。太有意思了，超兴奋看的,10449946,1569464116
UT过时不过我还有初音,懂点的就知道，不，是人就知道，这up不是人,104596984,1569455108
雲紫千华,能做到这样着实令人敬佩,18765840,1569453753
守望里的稻草人,虽然我看不明白 但是能感觉到真的很厉害[2233娘_大笑],87455817,1569453572
模拟数字电路DIY,腻害腻害,294840240,1569451895
4点学习猝死我不亻,加油！,398108015,1569449305
V囚团V,虽然看不懂，但是看到自我介绍一大串感觉很厉害的样子,243661647,1569440440
不不不不不辣,看见板子背面那密密麻麻的锡焊点差点吐了\n不是因为密恐 单纯是因为焊着眼晕\n\n想起昨天白天上实验课的时候 跟同组的人说\n大哥 咱把线头插到紧挨着那个焊点 用焊锡把引脚和那焊点溜到一起去能省点功夫 \n那时大哥执着道 不行 我非得把这线头烫上去\n那时内心是崩溃的\n\n顺便一提我看了视频才知道lcd那玩意儿除了蹦字符 还能精准到点,9990621,1569436911
恋丶不忘,太强了,37675286,1569432729
夊冷月殇魂夊,看不懂只知道很厉害的样子，你币有了,119994500,1569430530
十年灬生死,喜欢东方的大佬是真的多。,23067170,1569429938
十年灬生死,NB！！！,23067170,1569429843
Yrebron,虽然我是个学统计的学渣，但看到MATLAB我果断投了,6744273,1569428291
闲鱼酱不闲,虽然不知道在干什么，但是很厉害,159106619,1569426715
MaJor-cute,可以给我这个新人up的视频点点赞吗？\n谢谢,94038431,1569423500
我有一剑随我同行,大佬大佬,284722700,1569423344
