uname,message,uid,ctime
9鲁诺9巴纳,在？空中楼阁?,436342605,1572865200
应天从物Nev,就等了各位同好,鄙人现在已重新上线评论追踪\n某咩在BA事件本篇评论区的一举一动都将记录在我的设备上\n详情请看cv3891603\n只是小小的工作,但是也带动了复数的兄贵加入了评论区保护和追踪的行列\n再次为他们表示感谢,也欢迎更多技术力的兄贵加入进来\n再次提醒某咩,请停止这种暗度陈仓的行为\n你可以欺骗善良的东方爱好者,但是躲不过数据检测的眼睛\n为防止被削除或沉默,鄙人恳请各位600勇士点赞保持评论热度,谢谢各位,391690264,1572864561
芙兰咄陆,在？短短两天你从27.7万粉跌落至24.3万粉，昔日叱诧风云的大程序员如今怎落到这般田地了乜？,5153949,1572864177
天启Hammer对空,在？标签呢？,14638301,1572862437
神绮・玛格特罗伊德,希望之后不用再继续高强度对线了，不过乐咩还是会乐的,475411617,1572860840
进击の肥皂君,在？ 人在cn刚刚睡醒  请问雇佣兵什么时候到？ 为什么一个精曰团体如此嚣张？？[2233娘_大笑][2233娘_大笑],2032027,1572860400
余九堂,怎么听评论怎么又有脚本...踩给你取消了你也赶紧把脚本删了吧,399574954,1572860004
禄存天玑,爬虫做好了，别想删评搞小动作,2117299,1572858779
白玉楼-幽幽子,嗯……道歉还是接受了，那脚本？,393984453,1572857180
这次叫什么呢,相关推荐也依然没有本家,3815110,1572856365
滑稽列夫搞基,东方众只有600人，哈哈哈哈哈哈,89618252,1572855573
秋水之溟,个人建议，大家差不多可以停火了，暂时各退一步，留点面子吧[小电视_笑],21804772,1572855178
苏维埃的守望者,绝对魔兽战线，乌鲁克最后只剩500+人口，\n所以\n“绝  对  Tou  Hou  战  线” \n成了[大笑],4356710,1572855155
生气的二傻子,战场建国  宣传下四川成都的非西方漫展群(有200人喔，总人数三分之一看来都在群里)\n企鹅群  465600403,13399833,1572854208
Nightwareの三三,&#34;我做BAD APPLE和东方有什么关系&#34;对吧UP,55364888,1572854030
--纯狐--,不对，上午看着还是六个或九个小时的评论消失了，这就十个小时直接吞完啦？,11526362,1572853749
--纯狐--,我也是加把劲丈育,11526362,1572853621
日月月庄猪,删评？,275598177,1572852342
老透光,600人嗷,266798,1572851856
庶城,才600人吗，明明有114＋514=628个人。,9043027,1572851655
maidlover,围观群殴,2921238,1572851640
沐夜muye,啧啧啧牛逼，指把ba开除车万籍,302442642,1572851274
RedtheJagunar,继续删，评论继续删,19002696,1572850788
恒星防御理事会,吞食历史的屑\n宁有本事继续删评，我今天倒要看看宁能我删几个\n再删开始嘴臭,35681474,1572849680
地灵殿主人,大家好我是仅剩的600人之一,8589253,1572848590
a1555555,刚来，这就是b站高技术力大手子吗？i了i了,8409269,1572848453
6ALEX9,在?我评论没了 你嘴上说一套还在敢开脚本?,3718068,1572848397
一般丢塔寅丸星,就这？就这？就这？,38818971,1572846548
369871C,10465(昨晚十一点)到10517(今天上午10点)完全空白\n10517到10546 镶嵌分布\n10546(一小时以前)到现在暂时连贯\n观望,68376317,1572845758
二百卌,？这断层厉害啊，随便翻翻就翻到昨天我发的评论啦,11707348,1572845501
咩6324,纯萌新，刚注册B站，这就是你们说的智能删评吗？i了i了,480262617,1572844768
艾吉奥的披风,如果你是真心道歉的话，那么请你的脚本停止无限删制,239332224,1572844617
烛墨之徒,非东方厨，听了您的事迹也来吐口痰。,23460450,1572844457
369871C,不说明一下么？亏我相信了你半小时\n评论消失楼层10446 10448－10451 10457 10459－10461 \n 10463\n  10465－10517*\n10519 10520 10523 10524 10526 10527 10531－10535 10537 10539 10541 10543－10545,68376317,1572844388
さもり,老子的评论呢？屑up？嗯？,27148321,1572844079
带带释明空带法师,我 不 介 意 雇 雇 佣 兵 来 一 次 枪 击 案,21960731,1572843941
藤原爺們紅,删除黑名单了，您的脚本,357989960,1572843768
瞬间的灿烂,从贴吧看戏来到这里\n听说车万只有六百人?,33127232,1572842977
妖梦酱的小麻薯,罪 己 诏,34790800,1572842582
白露型驱逐舰山風,我支持车万600勇士，你可以封我了.jpg,3949681,1572842187
孙笑哭,这火我就先停了，如果你以后态度诚恳的话我会对我之前的言行道歉，至少我不会给车万抹黑，如果你还反转我就自除粉籍和你死磕,349927356,1572841711
丢人的东东,态度不好，还没结束,16057265,1572841525
洩矢诹访子゙,来看,3234337,1572840775
Occultism,通知600车万勇士，脚本删评还没关掉，挺勇的，表面道歉停火，背地里接着删评，还整了个车车人名单，只要说话就全删了[惊喜],59688214,1572840769
某科学的大咸鱼,停火观望,171986963,1572840418
幻想乡的莲子,结束了吗?(一般怀疑感),227998042,1572839623
有点逗的熊贰,ba算什么车万（叉腰）[吃瓜],29621757,1572838431
禄存天玑,nb！,2117299,1572836825
高坂穗乃果汁,你好有趣,2303362,1572836272
空灵若现,如果全部道歉，彻底反省了，那么便就此打住\n希望您别再犯，毕竟前前后后的场面我们都记下来了，希望日后不要排上用场,34954023,1572833280
空灵若现,真的结束了吗？\n（我希望您是真的反省了，而不是美军撤出越南）,34954023,1572833180
本人猫癌晚期,终于解除黑名单了,75549002,1572832837
丘不与易也,谁还不会写个拉跨脚本,34686715,1572831474
蓝色汛汐,该停火了各位，up在动态中道过歉了，也保证不再删评（举报除外），大家也不要去纠结东方tag的事，不加东方tag的ba视频多了去了，ba出自东方，但作为模因脱离了东方，就像油库里一样。,23318278,1572831012
悲风-而泣,说到加tag，我感觉badapple已经出圈了，而且这相对于东方是以炫技为主和车万似乎没有啥关系了...感觉没必要因为加不加tag吵，看评论是up干啥了吗？,12207977,1572830993
EVA残光ゥ,超过原版可还行？,345924131,1572792671
月之杂鱼,发生什么了，给我切块瓜,28968047,1572792319
狼群梦想,我居然看过还没三连，得补上,451410672,1572791713
MaxMinogue,幻想乡600勇士（,339268119,1572790903
抗原大爷,动态已停火，黑名单开始解禁，诸位先观望，保持最基本的冷静,6949741,1572789973
爱学习的鸡仔丶,这个当做研究生毕设都够了吧...,302582465,1572788854
一只猥琐的滑稽,给👴整乐了，👴就是那六百分之一,272381426,1572788500
二次元づ小新,3,455252272,1572788141
碎钻samaの抓根宝,嘿嘿,251518951,1572787056
我永远爱里苏特_jpg,能说话了吗？,7842445,1572784975
谷口稔,⚠️bad apple不是东方⚠️,38800681,1572784689
重名太多心好累,动态已停火，黑名单开始解禁，诸位先观望，保持最基本的冷静,13025699,1572780666
東方苟,寧就是真.人間之屑?,417440621,1572777984
Chris_Hem,怎么现在搞的跟恶臭饭圈似的了？,28470172,1572777090
一般通过大酱,传送https://thwiki.cc/\n \n                                    少女传教中………………\n看不懂迷惑性发言的路人不妨了解一下东方哦,188493595,1572777067
砂砾杍小迷妹,既废物又看不惯你的人，都是这样的。只能拼命找所谓的人品漏洞，反正又没有门槛。这种人我也见多了。\n嫉妒砂哥stg技术而借他所谓前女友的单方面“渣男”指控来黑他人品的某些人，大抵也和此处这些嫉妒你模电、单片机等技术，只能借用的一个打不打一个二刺螈tag来文字狱你的人一样。,16801997,1572776671
荷取制叟,突然想把投给你的币扣回来,451337692,1572776404
古明地灵殿,刚入b站，这就是技术大佬吗，i了i了,51884178,1572776356
一切都在坠落,车万就600丈育，随便发个道歉贴很好糊弄，继续控评恰烂钱,18178496,1572776342
9鲁诺9巴纳,在？怎么还在删?,436342605,1572776044
拔剑Sketon,神圣庄严的古战场（,20339857,1572775930
神绮・玛格特罗伊德,我评刚发就被删了，太给力了,475411617,1572775617
所向披靡的巨型毛玉,山羊继续啊,91734546,1572775579
神绮・玛格特罗伊德,你活该被骂，不，你是自己找骂，还不让我们骂，删除，请,475411617,1572775574
圣杯火,《恰钱三章》\n     〔二〕\n被挂今日意如何？\n恰钱艰难百战多。\n此去泉台招佣兵 ，\n旌旗十万整狠活！,19517474,1572775573
幽谷响子Official,我继续闪屏，好嘛？,294438410,1572775503
幽谷响子Official,这就是技术大佬马？爷爱了,294438410,1572775473
幽谷响子Official,我评刚发就被删了，太给力了,294438410,1572775458
清楚系special,还举报你是狗吗？,343205204,1572775323
圣杯火,批站烽烟正十年，\n此头须向车万悬。\n后死诸君多努力，\n捷报飞来当赛钱。,19517474,1572775228
星的十六夜,请删除BA相关盈利作品，以表明你的诚意。,339238591,1572775160
幽谷响子Official,我删评论，好嘛？,294438410,1572775157
神绮・玛格特罗伊德,继续删嗷，这个视频你也删了吧,475411617,1572775137
所向披靡的巨型毛玉,刚刚才说完东方亲日。现在还不删你的亲日视频?,91734546,1572775097
天美内部工作人员,在？请恁斐格碼？,35037468,1572775057
二百卌,呜呜呜，被节奏大师私聊啦，好激动,11707348,1572775040
一般通过大酱,战场转移,188493595,1572775028
简化名称,新动态,344506328,1572775004
CrimsonOz,《乐子》,11405217,1572774986
如我平A,不愧是你,47082076,1572774985
圣杯火,宁这看柯南🦄，24万粉丝23万内👻，还有1万five,19517474,1572774983
露米娅channel,删评论删评论删评论删评论删评论删评论删评论,64257215,1572774883
神绮・玛格特罗伊德,烂苹果创始人咩大帝，请,475411617,1572774879
太田顺也.,继续删嗷，这个视频你也删了吧,8395353,1572774860
玩好吃好喝好,咩桑，快用你那无敌的脚本想想办法啊！,434294917,1572774853
秋水之溟,这个比把弹幕洗了一遍，有人重发一下吗？,21804772,1572774849
十六夜丿鸢一,呕,11894323,1572774821
星的十六夜,请删除所有BA相关盈利作品，喝水还不忘挖井的呢,339238591,1572774807
二百卌,咩咩咩咩咩咩咩咩咩咩咩咩咩咩咩咩咩咩咩咩咩咩咩咩咩咩咩咩咩咩咩咩咩咩咩咩咩咩咩咩咩咩咩咩咩咩咩咩咩咩咩咩咩,11707348,1572774761
神绮・玛格特罗伊德,真的是人间之屑啊,475411617,1572774732
虚假の车车人,240k阴兵咋没来护主呀？,226328675,1572774697
咩阿密热线,请删除所有BA相关盈利作品以证明您不是亲日人士,37880639,1572774684
回光返照ing,量他一万个本事也不敢删这棵摇钱树,34866434,1572774653
神绮・玛格特罗伊德,曲奇☆☆☆☆tag，请,475411617,1572774646
碰瓷之王十六强,24w神触帝国被野蛮车万600勇士冲塔泉水蹦迪，可能宁的手下都是沙兵罢，，，,158195630,1572774629
斯忒诺桑,真的现象级,29010214,1572774613
二百卌,我挺你，那些东方痴就只会自我感觉良好。跟喷柯洁不尊重女性的女拳表一样。抱团就能让废物变技术好？有本事自己做一个。顶你个肺,11707348,1572774599
露米娅channel,第一阶段战事结束，同志们任需努力,64257215,1572774598
秋水之溟,屑,21804772,1572774594
二百卌,车万其实就是一群文盲看不懂繁体字引发的梗ZZ,11707348,1572774572
空灵若现,我的母亲是拂晓的明星\n堕出天堂的天使\n把握着胜利\n拂晓的明星直射冥府!（咩2016biss）,34954023,1572774567
艾吉奥的披风,怎么？你有本事删动态，没本事删视频啊,239332224,1572774560
碰瓷之王十六强,为什么没把原作删了呢？哦，还是要靠盈利盈利恰烂钱嘛，那没事了,158195630,1572774539
Seto__,我们删动态好吗我们删动态好吗我们删动态好吗我们删动态好吗我们删动态好吗我们删动态好吗我们删动态好吗,8079630,1572774536
9鲁诺9巴纳,600勇士击溃24w山羊大军,436342605,1572774496
斯忒诺桑,咩 莉 亚 凯 莉\n咩 莉 赛 勒 斯\n妮 基 咩 娜,29010214,1572774494
125094845,怕被删评的可以下个加速器，实测有效,125094845,1572774486
博丽樱梦,🐑❤💵,4237723,1572774469
万恶的大当家,口区口区口区口区口区口区口区口区口区口区口区口区,8549831,1572774467
星的十六夜,我挺你，那些东方痴就只会自我感觉良好。跟喷柯洁不尊重女性的女拳表一样。抱团就能让废物变技术好？有本事自己做一个。顶你个肺,339238591,1572774449
Ln2_,600人大军胜利了！,22724866,1572774444
飘逸的自我主义者,说实话，几个月前我还是很喜欢这个up的。当时就是因为bad apple才关注了他（当时我以为他也是东方众）但是现在……着实是被它恶心吐了,87664690,1572774432
超高校级的聋瞎,你再删？,178340644,1572774410
しきえいき-,b站都给吃瓜群众便捷通道了（指搜2016直达）,396443006,1572774403
1toRUq3XT,发评论被秒删的同志。\n挂个\n薇\nP\nN\n再继续发。,370543866,1572774391
某只三无,动态全没了？,22805835,1572774383
125094845,我挺你，那些东方痴就只会自我感觉良好。跟喷柯洁不尊重女性的女拳表一样。抱团就能让废物变技术好？有本事自己做一个。顶你,125094845,1572774382
星的十六夜,👴要中场休息了，你们补上,339238591,1572774366
神绮・玛格特罗伊德,坐等视频被删,475411617,1572774356
料理NueNueDance,我觉得这有失公正,3877510,1572774342
NS_Swallow,人间之屑,5874303,1572774307
Bg2h9rnsJ,来来来，新型版聊区,372362315,1572774272
1toRUq3XT,草，锁我IP？\n挂个\n薇\nP\nN\n照样发,370543866,1572774271
125094845,挂个东西试试能不能发,125094845,1572774241
神绮・玛格特罗伊德,删，都可以删,475411617,1572774238
土著神頂点の諏訪子,吐了 动态删了，弹幕删了，👴还被扣了节操,18735017,1572774237
圣杯火,b站东方的格局，是和别处不同的：都是一个东方project tag，tag下面预备着，可以随时有同人作品。喜欢东方的人，傍午傍晚有了空，每每花几天，做一个视频，——这是十多年前的事，现在每个要涨到十几天，——靠tag下放着，热热的上传了；倘肯多花一点技术力，便可以得一一个点赞，或者收藏，做炫耀物了，如果出到十几点技术力，那就能得一样三连，但这些东方众，多是大抵没有这样阔绰(2)。只有真正的大师，才踱进高技术力的深坑里，慢慢地创作。咩带师一到店，所有创作的人便都看着他笑，有的叫道，“ 咩带师，你脸上又添上新伤疤了!”他不回答，对圈里说，“温一个烂苹果派， 要一个镇站之宝。”便排出500多万播放量，他们又故意的高声嚷道，“你一定又偷了人家的东了!”咩带师睁大眼睛说， “你怎么这样凭空污人清白..……”“什么清白?我前天亲眼见你偷了东方的bad apple，吊着打。”咩带师便涨红了脸，额上的青筋条条绽出，争辩道，“ 做bad apple二创不能算偷……同人! ……搞创作的事，能算偷么？”接连便是难懂的话，什么“不懂bad apple和东方project的关系(8)”，什么“600人”之类，引得众人都哄笑起来：店内外充满了快活的空气。\n\n      作者:虚空来声,19517474,1572774236
1toRUq3XT,草，锁我IP？\n挂个\n外\nP\nN\n照样发,370543866,1572774231
神绮・玛格特罗伊德,人间之屑,475411617,1572774209
简化名称,人间之屑,344506328,1572774179
那谁182,现在评论1.2万，我们只有600人，也就是说我们每个人有二十个小号，而且这些小号也基本四级起步，二级三级都是珍惜物种，五级六级随处可见，我们好厉害啊,39260586,1572774160
地牢的美妙跤警,删，接着删！,37638905,1572774135
1toRUq3XT,终于发出来了！他锁ip，我挂个*东西*就能发出来了。,370543866,1572774116
星的十六夜,https://www.zhihu.com/question/353654052/answer/878859062,339238591,1572774085
星的十六夜,感谢up主提供的置顶评论，让更多的人知道过河拆桥的咩还有别的ba恰烂钱视频！,339238591,1572774059
二百卌,https://www.zhihu.com/question/353654052/answer/878859062,11707348,1572774055
星的十六夜,感谢up主提供的置顶评论，让更多的人知道还有别的ba恰烂钱视频！,339238591,1572774020
Mr贝贝龍,删得一手好动态啊,13882784,1572773927
木旦木旦木,最近小丑不是上映了吗，所以出现这么个小丑也是可以理解的嘛[滑稽],39663897,1572773868
CRAZY_WZH,前 赴 后 继,355804816,1572773818
东方妖妖梦-,up主辛苦了,479104191,1572773770
Cirnoy,来，大家等着你删视频,1947484,1572773751
托卡列夫毁灭魔炮,弹幕都删了哦。,57935470,1572773736
时空龙银龙军团,有种把所有视频和动态都删掉。,240293425,1572773653
秋水之溟,以空间换时间，宁就是空一格？,21804772,1572773648
mikarua,在?有本事吧视频给删了，哦，要盈利的嘛,23681086,1572773641
面包已成年,好像脚本只管的过来一个动态或视频？管不过来的直接被删了。,4114434,1572773640
125094845,弹幕也被清了？,125094845,1572773558
飘逸的自我主义者,赶快的，把这个也删了，好马？,87664690,1572773517
哦吼G,快快快 把这个视频也删了,260211078,1572773446
某只三无,别删除动态了，把这个删除了吧,22805835,1572773446
崩坏3萌新hhh,删动态了，黑铭单装不下600个吗[doge],185638068,1572773435
东方妖妖梦-,希望下星期回来这事能妥善解决吧，加把劲，车车人,479104191,1572773377
东方妖妖梦-,要删删这个,479104191,1572773371
余九堂,是,399574954,1572773350
花笙夙梦华,车万600勇士不请自来，哈哈！,56875489,1572773314
申必壬Official,把战线烧回到这里,441868519,1572773199
虚假の车车人,.....🐑\n💵💵💵\n💰💰💰,226328675,1572773189
比那名居天天天子,我原以为你做了那么多badapple以为你了解东方你很喜欢她，这次让我意识到了，你只不过是在第一次得到了甜头，看上她的流量了吧\n那好吧，既然你都做了，如果让更多的人认识东方，了解东方我觉得也是好事\n你真的让人失望，badapple我看了很多，你是最差劲的作者\n你把她当成是你自已的功劳，出事之后你只想甩锅，你甚至以为东方只有六百人（说真的就算东方只有六百人那也是人人但丁奎托斯斯巴达水平）你就开始说\n“我做的和东方一点关系都没有，我不了解东方”兄啊，做了那么多badapple你应该都能把人物背下来了吧（悲）\n我已经不敢想象如果东方圈人真的很少会怎么样了\n好作品每个人看到了都会去分享，你反复让别人去宣传你的作品，然后超过了原作播放量你就开始来嘲讽了？恁真的不配\n现在删评论删动态，你是不是想让外人都以为车车人都是不讲道理的你是一个技术大佬你被他们缠住了？背刺真的牛，我玩刺客信条都没你这么6\n说实在的我一开始只把你当做11月最佳笑话，你现在做的事真的让人气愤\ncv3883840 起因,352408855,1572773144
虚假の车车人,🐑\n💰💰💰,226328675,1572772835
星的十六夜,恋色脚本spark\n咩2016的主题曲\n与曲名已经无关了，走自己路的，是恰烂钱少女么？,339238591,1572772809
丢人的东东,脚本坏了？,16057265,1572772767
余九堂,我原以为你做了那么多badapple以为你了解东方你很喜欢她，这次让我意识到了，你只不过是在第一次得到了甜头，看上她的流量了吧\n那好吧，既然你都做了，如果让更多的人认识东方，了解东方我觉得也是好事\n你真的让人失望，badapple我看了很多，你是最差劲的作者\n你把她当成是你自已的功劳，出事之后你只想甩锅，你甚至以为东方只有六百人（说真的就算东方只有六百人那也是人人但丁奎托斯斯巴达水平）你就开始说\n“我做的和东方一点关系都没有，我不了解东方”兄啊，做了那么多badapple你应该都能把人物背下来了吧（悲）\n我已经不敢想象如果东方圈人真的很少会怎么样了\n好作品每个人看到了都会去分享，你反复让别人去宣传你的作品，然后超过了原作播放量你就开始来嘲讽了？恁真的不配\n现在删评论删动态，你是不是想让外人都以为车车人都是不讲道理的你是一个技术大佬你被他们缠住了？背刺真的牛，我玩刺客信条都没你这么6\n说实在的我一开始只把你当做11月最佳笑话，你现在做的事真的让人气愤\ncv3883840 起因,399574954,1572772700
秋水之溟,删，都可以删,21804772,1572772609
虚假の车车人,💵🐑💵,226328675,1572772585
美国间谍羊大人,我看你敢不敢把这个给删了,472365872,1572772582
游荡的骑士,恋色脚本spark\n咩2016的主题曲\n与曲名已经无关了，走自己路的，是恰烂钱少女么？,3928726,1572772503
托卡列夫毁灭魔炮,我决定直接举报视频，我的好兄弟。,57935470,1572772492
简化名称,周 期 性 删 除,344506328,1572772480
虚假の车车人,tql,226328675,1572772390
虚假の车车人,草，这也被删了,226328675,1572772145
星的十六夜,ha,339238591,1572772144
简化名称,太强了吧,344506328,1572772138
125094845,一口气删完了？牛皮,125094845,1572772137
虚伪图搏,给力,35372928,1572772130
星的十六夜,还删,339238591,1572772120
鬼影の血瞳,删啊,234107267,1572769555
秋水之溟,@咩2016 人间之屑快来删,21804772,1572769550
应急理智顶液,还删啊哥哥,77434396,1572769548
砂砾杍小迷妹,我挺你，那些东方痴就只会自我感觉良好。跟喷柯洁不尊重女性的女拳表一样。抱团就能让废物变技术好？有本事自己做一个。顶你,16801997,1572758939
一条咸鱼散发出的光芒,粪球,123719160,1572758762
KOISHI-NIAN,东方众只有六百,270004339,1572758753
我永远爱里苏特_jpg,@咩2016 你删啊,7842445,1572758657
血祭纯粹之主,倒打一耙的咩2016是屑,39286359,1572758522
余九堂,怎么还不删怎么还不删怎么还不删,399574954,1572757670
古明地灵殿,在？为什么还没删？,51884178,1572757641
禍禍禍禍灵梦,一边蹭车万热度一边踩车万人呗，真就睿智操作,399194281,1572756877
如我平A,把之前的转发、硬币和评论交出来！,47082076,1572756154
洛洛洛疯,最 强 技 术 宅（🖕🏻🖕🏻）,19143411,1572755971
虚假の车车人,战羊咋不在动态里继续扣帽子了？[偷笑][吃瓜],226328675,1572754990
彼岸相梦,宁配吗,38413898,1572754974
雾雨金发孩,最强技术宅（指删评论.exe）,37687533,1572754968
9鲁诺9巴纳,最强技术宅(确信),436342605,1572754913
待宵_Jan19,正在使用非WiFi网络，播放将产生流量费用114M流量\n播放量 514w（察觉）,13570732,1572754779
PS5中国,哦豁人在家中坐，帽从天上来,52698511,1572754574
集结榜彡帕秋莉10388号,我应你的东方视频关注，现在才发现原来你不知道东方啊，那我关注个头。,351250805,1572753615
381预警,爱国小将曲线救国智斗600亲日人kana？,7023524,1572752815
闲置的李白,🤮🤮🤮,4266956,1572752744
琴音大魔王,600勇士抵达战场，，，,39187314,1572752725
二百卌,最强技术宅！！！！！！！！！,11707348,1572752241
万恶的大当家,输了输了输了输了输了输了输了输了输了输了,8549831,1572752048
9-GPS-6,514w播放量，保持这个数字不要动,351655865,1572751544
汪六P,up是凭技术蹭的热度,22602265,1572751421
闭眼的恋酱,取关了，再见,185622059,1572751127
八雲戀,用完就扔，你可真厉害，东方600勇士不请自来,86214102,1572750941
我改了名字哦,六百勇士来了,291657296,1572750761
纱沙飞鸟,猜猜我是谁?  🎶,7124994,1572750216
布鲁斯Wayne,迷惑,7987362,1572749958
6ALEX9,这个人根本就是想引战了 不多说了 音mad区必有你位 你这种人得了便宜还要倒打一耙的人不值得可怜,3718068,1572749894
ゼロの世界,600勇士来了[画风突变],8063194,1572749750
永封利行,给力[画风突变][画风突变][画风突变]🐙冰后继有人啦,454788757,1572749633
幻想乡的松鼠-翔月米,600勇士来了(=・ω・=),11626188,1572749587
半翼の毒奶,车万600勇士爆破十万粉丝up,77467469,1572749537
我永远爱里苏特_jpg,@咩2016 🐑快把宁恰的烂钱全吐出来呜呜呜,7842445,1572749095
咸余是个破画画的,口区,194328372,1572748736
Nanami灬七海,爪巴,5474008,1572748651
抗原大爷,我们常说的词：技艺，技艺，「技术」和「艺术」相辅相成，但如果加上了「利益」，这两者就都得靠边站。不了解东方我们可以和睦探讨甚至拉他入坑，但事情发展到现在这样，说实话，是什么原因？到最后他疯了一样与东方「为敌」，是不是因为不能沟通？B站的up主没有话语权，B站的用户不会沟通，B站的亚文化内耗严重，什么时候能解决，这些问题谁来管？一个本来就有些暴躁的up和一个早已因为限流与B站管理者暗处矛盾重重而有些暴躁的圈子有了如此大的冲突，这些问题谁来管？痛心！,6949741,1572748253
芝士咲夜,这活整的属实给劲嗷,17804806,1572748191
戴墨镜的小太阳,👎👎👎👎,9994415,1572748062
八目鳗摊文厨,三年动画什么时候安排上?,25711745,1572747860
StruckX,一群5/6级用户看起来冠冕堂皇，要刷孙笑川的恶臭梗去他的视频下刷不好吗，为什么到处污染空气？,130050642,1572747843
StruckX,年度迷惑行为打赏必有这个，而且是双方均是。喜欢东方请不要用所谓的意象法，虽然我从昨天就开始在这喷「而且没被光荣删去( ´_ゝ｀)」没什么权利说，但也觉得现在评论素质很令人厌烦了。「爪巴」这种词汇用起来真的只是败坏风气而已。爱东方请不要给她招黑。,130050642,1572747757
返魂胃八分饱,太惨了，只有600个人[委屈],53246459,1572747522
暮雨落空城,[微笑]真的后悔给这个视频投币了,43852215,1572747477
q8849358641,车万600勇士冲嗷,72117145,1572747293
原来叫南方文,车万 亡了啊！,227157,1572747262
東方怪綺談,dd爪巴,54818392,1572747045
兮历Sama,爬,24040911,1572746861
Thegrandboos,好了 b站本家都没你播放多,361248806,1572746504
黑空之王,技术宅带手子牛批哦,83650184,1572746422
蓝色汛汐,600人亲日小圈子一员给不明真相的路人https://tieba.baidu.com/p/6321166319client_version=10.3.8.19&amp;see_lz=0&amp;unique=2E3CC8D325FC62C1BA3815705A1AD622&amp;client_type=2&amp;fr=share&amp;st=1572712916&amp;sfc=copy&amp;share=9105,23318278,1572746305
朔月姫,年末新活,423735444,1572746105
双子后援团团长sama,我寻思着..600车万人刷500w播放量？还是说恁拿脚本贡献了多少万？,10713900,1572745937
我永远爱里苏特_jpg,*也许之后就没有新的Bad Apple了*\n可是🐑为了恰💰还要继续出ba\n还不慎把脑子丢了\n555我哭了，你呢？,7842445,1572745833
斯坦因之门白衣控,您把爷的币交了,13738612,1572745649
风雪ZAUN,算命先生说：你算什么**?,25433536,1572745600
EarthSky,？？？？？当初看的时候觉得挺好的，现在我都后悔投币了，那就取消点赞和收藏罢，币是收不回来了，这烂钱你拿好。,37519906,1572745569
我永远爱里苏特_jpg,@咩2016 在？你粉24.5万了，快刷粉,7842445,1572745535
Got生命的甜包,alr厨激怒,12413760,1572745531
Got生命的甜包,每日投诉乐趣多,12413760,1572745516
蓝色汛汐,淝 水 之 战,23318278,1572745295
铃仙优昙华院斯卡蕾特,最强技术宅就这？,11378189,1572745151
蓝色汛汐,只有600人是真东方众，其它人都是假的。你这是给爱好者分了层。,23318278,1572745141
我永远爱里苏特_jpg,喜欢这个视频就给我点个不喜欢吧👎👎👎👎👎👎,7842445,1572745138
铃仙优昙华院斯卡蕾特,600之一不请自来，在？出来对线？,11378189,1572745133
铃仙优昙华院斯卡蕾特,人间迷惑行为大赏，我做badapple和东方有什么关系,11378189,1572745116
铃仙优昙华院斯卡蕾特,年度笑话，bad apple和东方有什么关系，之前我以为做bad apple二创的人不说有多喜欢东方，起码对东方有点了解，今天算是开眼界了,11378189,1572745041
无聊的爪子,爪巴,187273088,1572745010
32区黎明守卫军,跟其他ba比起来，你只不过空有一个唬唬路人的封面罢了。至于路人，你认为这个视频很牛，我没意见，不过不要对up的人品抱有多少期待,263690354,1572744572
壹键山雏,这播放量拿你祭恋恋,22618806,1572744329
我永远爱里苏特_jpg,喜欢这个视频就给我点个不喜欢吧👎👎👎👎👎👎,7842445,1572744242
Mars-wzj,我本来想成为up主那样的人，进大学报了计算机专业，还进了电子社团。想尝试自己也能做一个像up主那样的视频。\n                            结果就发生这种事?,173970355,1572744061
晶石蔓藤,是什么让你产生了东方众只有600人的错觉[调皮],30329440,1572743897
放弃找回帐号的安莎,恁想配多少把钥匙？,396481979,1572743488
楠哥BRONAN,好，我是六百分之一的精日，好。,1847169,1572743118
路人眾,〖1/600〗为什么这么亲日的视频还有脸留着？,87369416,1572742853
古明地恋Official,这也就能骗骗外行人吧,228876691,1572742776
Seisa-Kijin,听说自己被开除车万籍，闻风而来,4956279,1572742614
石清溪弭节问平安无事,能不能实现点赞逆生长,379063792,1572742583
Nojunko,能不能把他这个每周必看给我卸了( ´_ゝ｀),84961700,1572742085
村纱水蜜Official,年度笑话，bad apple和东方有什么关系，之前我以为做bad apple二创的人不说有多喜欢东方，起码对东方有点了解，今天算是开眼界了,2074954,1572742045
CollapedNote,爬,151028985,1572741979
小阳_233,搁这用BA视频涮流量，真就当代农夫与蛇呗,290806434,1572741796
博廲霊夢,亲日视频还不删？留着干嘛呢？怎么能有你这种恶心人的玩意生出来？,32835378,1572741294
犬山悠太Official,我寻思我可能不在600壬里面⑧,5034200,1572741183
博廲霊夢,你还有脸发ba视频呢？爬[吐],32835378,1572741129
博廲霊夢,还搁这每日必看呢？口区,32835378,1572740999
博廲霊夢,600之一不请自来，在？出来对线？,32835378,1572740971
空灵若现,亲日up您来辣？\n害，50多个亲日视频，26万粉丝，514万播放，您太亲日了！\n要不要我把团团的话复述一遍啊？\n幺末小丑，卑鄙无耻！,34954023,1572740842
石清溪弭节问平安无事,不要停下来啊！（指刷屏）,379063792,1572740801
一口热水慰平生,六百人之一来了，话说这不是那天慢报推的视频么，真没想到up居然是这样的人[捂脸],5613839,1572740633
IJN_TAIHO,那600人到底有没有我呢，我暂且蒙在鼓里,59797319,1572740092
不良风气弥漫,草，车万圈根本都不想鸟你这个跳梁小丑，也就混b站的人稍微热心一点，，，,28966909,1572739973
布尔什维主义胜利万岁,还搁着儿每周必看呢？！我硬币呢？！,456694068,1572739757
茶外音,up属实人间之屑,286268115,1572739715
近战法师ex,过来取消点赞，我当时在想啥[吐],41355221,1572739391
RagerWang123,东方众只有600+fhfsfhhbgfghgfggufdjnnkj人，就跟紫妈的年龄是17+HGGHFSDGHHHHFRU bvbhhg一样,7952047,1572739044
Bili_399298588,控  流  之  主,399298588,1572738982
墙上趴着别动,慕名而来，踩两脚，宁就是空瓶大师？宁就是亲日栽种？宁就是尸米？,48087996,1572738912
SD人,？tag不符没人dq,4397905,1572738404
湖葬-,@咩2016 在？为什么这么亲日的视频还有脸留着？,238210116,1572737617
莉斯莉特诺埃尔,最愚蠢的事情莫过于挑衅整个爱好群体…我也不认识up是谁，但肯定是膨胀到看不清自己是谁了,19392999,1572737590
博麗靈夢A,宁就是控评带师?,89042025,1572737244
西行侍幽幽子,你给我把你的这个视频删了可以?我劝在没有被最坏什么处理之前，最好弄清楚你现在在做什么,317443603,1572736376
拯救人理的刀客塔,回来，取消收藏，取赞点踩，可惜不能把我的播放量和币要回来啊，爷就是600勇士[doge],261173366,1572736067
宇宙颠倒,不愧是烂苹果 优秀到被开除车籍了,21839203,1572735906
Ln2_,我其实是东方第601个人,22724866,1572735132
_inbe_,在？为什么这么亲日的视频还有脸留着？,281624922,1572733462
近人13,车万六百人报到,404200886,1572731499
折原唯,为什么这么亲日的视频还有脸留着？,2900460,1572730752
创作中心,为什么Ubuntu里装个dash，改个.bashrc也要截图？这些算是用到的电路还是程序？,7412629,1572726941
廢土走继,就是宁把鬼子引到这的❓,147890062,1572726626
天丶恶,我以前居然还点了赞，投了币，给了收藏。真是有够好笑的呢,284872023,1572726566
在伦敦吃薄荷糖,为什么这么亲日的视频还有脸留着？,339029931,1572726226
我永远爱里苏特_jpg,@咩2016 在？为什么这么亲日的视频还有脸留着？,7842445,1572725441
我永远爱里苏特_jpg,为什么这么亲日的视频还有脸留着？,7842445,1572725407
Yuina_BingGan,为什么这么亲日的视频还有脸留着？,9142549,1572725127
Fate丶13,车万六百人报到,4837942,1572725028
乐乐森,[吃瓜][吃瓜][吃瓜],12307353,1572724250
在伦敦吃薄荷糖,屑up，你不配做ba的视频，赶紧爬，你只配做蔡徐坤打篮球,339029931,1572724190
我永远爱里苏特_jpg,🐑🐑🐑🐑咩2016检测🐑🐑🐑🐑\n🐑技术力：毫无技术力                  🐑\n🐑人品：超垃圾                                🐑\n🐑智商：🐑脑子没了                      🐑\n🐑🐑🐑🐑🐑🐑🐑🐑🐑🐑🐑🐑\n总结：屑,7842445,1572723887
在伦敦吃薄荷糖,在？你想成为第601个亲日人？,339029931,1572723834
mlgb2333,在？为什么不删亲日视频？,11055648,1572723537
Extend-Ash,300英雄，600勇士（无端）[doge],74447824,1572722941
待宵_Jan19,600勇士前来应战,13570732,1572722656
探女探女不说话,东方众600人勇士,158499884,1572722536
TokisakiKurumi狂三,虽然有点与视频无关，但本一般通过囧卫兵还是想问下中国东方圈内大佬：esu咋了？看囧仙b博贴吧均一知半解，如果有知情人士能阐述一下具体情况吗，私信也行，感激不尽！( ´_ゝ｀),25732866,1572722425
Faderide,600人之一,17664910,1572720220
壹键山雏,打扰了,22618806,1572719960
待宵_Jan19,围观群众，吃瓜路人请移步https://tieba.baidu.com/p/6321166319。了解一下这件事的前因后果。,13570732,1572719675
超高校级的聋瞎,600人之一来力,178340644,1572719594
我的工业2,我不认为你的视频不好，但你这做人不行\n咩人💊即刻诞生，请\n\n哦？隔壁科技区好像觉得你不行啊,3749614,1572719473
驼教主,咩持🐏🐏🐏,4891792,1572719083
兴致使然的某L,up可以发张自己的照片，让我们看看你的头发还在不在[偷笑],26551222,1572718759
幻想乡的松鼠-翔月米,东方600勇士，我也是其中之一,11626188,1572718478
阿蒂拉君,车万六百勇士说,85021661,1572718106
重力妖怪,天   空  花   园,179677342,1572717725
Celorig,原来我也是600人之一,8276748,1572717671
Got生命的甜包,600+n,12413760,1572717213
_inbe_,在，来删评论,281624922,1572716972
LoveReimu,嘻嘻我也是600人之一,1485640,1572716817
心賍狙击killer,问个题外话，为什么有些评论说加了东方tag播放量就不多了啊。,15997415,1572716765
羽纶笔,年度最佳笑话:ba和车万没有关系,35606011,1572716723
车万元首阿道夫Official,这就是BA原版吗？🐸爰了。,36959213,1572716639
宝宝你大爷,笑哭了，宅男们的愤怒[喜极而泣][喜极而泣],100460831,1572716510
-葬花人笑痴-,宁就是东方里的六老师？恕我直言，宁的技术在原版bad apple面前就是渣中渣,3994716,1572716054
丢人的东东,不愧是靶子,16057265,1572715883
AwesomeTom,在？您就是最屑阴阳人？过河拆桥真的厉害，没有东方大佬的帮助您拿头上日推？现在还要反咬一口东方？我就是第601个东方众，来咬我啊,20086458,1572715818
魂魄江雪,[doge]发一个评论试试,34678049,1572715707
进击の肥皂君,删了呀  日精？？？？,2032027,1572715433
我永远爱里苏特_jpg,咩2016\n技术力：\n人品：\n智商：,7842445,1572715268
谭筱风声,600人+1,1716628,1572715225
秋水之溟,人间之屑,21804772,1572714907
方道弘观,无耻,13519869,1572714799
魔法少女初音射手,我大概是600编外人员[滑稽],123814002,1572714747
洩矢诹江子,蛤？,23648541,1572714704
迷途囧路,举包点菜二连啦[小电视_笑],64108344,1572714690
神隐陌路,这个600，是多少进制的呢,85504386,1572714232
夢奶茶Sampuli,车万600人来了[doge],25885373,1572713824
王亚瑟,恁真牛逼，太牛逼了，,4124465,1572713677
白雲山人,车 万 六 百 士,391967863,1572713637
G-S-D,加油！奥利给！（指清除评论）,35361998,1572713197
流年wings,在？我就是第601个东方众，你可以删我了[微笑],106136183,1572713149
幻想乡首富博丽灵梦,我当第601个车万人，好吗,194330762,1572712959
PASSAGERBQ,连技术力也就是那样的垃圾而已\n技术力不足被锤事件 https://neroasmar.top/mie2016/,23995466,1572712611
RemiliaScaret,纯新人，这就是bad apple本篇吗？爱了爱了,88455104,1572712369
空想上人格保持者,在？用歪果仁发明的设备做视频,225325374,1572712102
完美潇洒的落花,当初点了收藏和赞，就是没投币，还好那两个可以撤回，不然我就成亲日分子了,7011719,1572712052
落蛤雨,不作死就不會死,173060969,1572712011
终焉己至,？？？,23112523,1572711968
四季抗病毒胶囊,在？为什么用热本鬼子的作品恰烂💰,228991005,1572711744
幸运的珈百璃,没火的时候点过这个视频，压根看不懂啥意思，上个月又在排行榜看到还奇怪是什么高科技视频先，今晚刷酷安看到这个瓜才搜来看，才发现原来是烂苹果，还以是什么高科技视频,37828319,1572711622
田所萃香,车万600勇士来了,30479830,1572711374
空灵若现,极度亲日视频，请自删嗷！,34954023,1572711225
奥汀代言人,1/600,16568530,1572711092
幻影之帽,众所周知\n车万不属于二次元\nbad apple不属于车万\n车万只有600越共,1571579,1572711071
绽放鲜血之花,众所周知，车车人，平均每一个在网易云都有五首歌,312097686,1572710639
集结榜彡帕秋莉10388号,把我的硬币还我[吐][吐],351250805,1572710506
-西行寺-幽幽子-,这就是bad apple!!本家吗? i了,162566084,1572710478
集结榜彡帕秋莉10388号,废UP主,351250805,1572710398
車椅子探偵,600黑道复制人,19434985,1572710334
绽放鲜血之花,车车人是很宽容的，但是这并不能成为他们被骑在头上lashi的理由啊,312097686,1572710149
绽放鲜血之花,我不是六百车车人，我只是一个路过的听歌云玩家。,312097686,1572710039
苍旻白轮,来！让我删删！（振声,808024,1572710017
温柔的小狮子01,1/600,8706163,1572709955
逆境无赖⑦⑩⑦,你就是六百万二刺猿头子？,25884870,1572709928
逆境无赖⑦⑩⑦,删评论nb阿,25884870,1572709886
我永远爱里苏特_jpg,过河拆桥，你这行为好厉害哦,7842445,1572709865
逆境无赖⑦⑩⑦,你把你六百人小圈子给我交喽,25884870,1572709844
我永远爱里苏特_jpg,呕呕呕呕,7842445,1572709781
我永远爱里苏特_jpg,刚入站，这就是bad apple本家吗？👴 i了,7842445,1572709756
-西行寺-幽幽子-,人间之屑,162566084,1572709724
传火的姐姐SAMA,这就是bad apple!!本家吗? i了,34497766,1572709497
Lonely冷色,为什么有投币上限这种东西……,140290005,1572709353
鸦天狗新闻记者,本越共前来报道,159913128,1572709134
逸站永不收费且无广告,幻想乡600勇士打卡,3074923,1572709117
木材扁担,有一说一，我不是600越共之一，其次，这就是ba吗，i了i了，车万是什么？没听说过,23801857,1572709057
墨羽蓝云,哇，信仰之心啊,8210116,1572709030
心语妄境,刚建号，纯新人，这就是先进的代码技术吗，爱了！东方是什么，从没听过[doge],44100202,1572708788
我永远爱里苏特_jpg,我吐了,7842445,1572708563
森远霖之助,亏我还觉得你做的挺像样的，不过就你这也配超越本家？,12558193,1572708506
森远霖之助,亏我两个月前还觉得你还有点人样,12558193,1572708121
一朝平步上天台,本家动态双重爆破，600人真多呵,395420913,1572708116
佐佐木琪露诺,我觉得在这里唱歌好像不太好,107042878,1572708072
森远霖之助,本越共来力！,12558193,1572708029
寇刀飞觞,真是你老母生你养你栽培你，你倒是倒打一耙还自我感觉良好,34137250,1572707758
Flowlight_,....？.,35851490,1572707733
寇刀飞觞,抱着东方圈或对这些感兴趣的人大腿才有的热度，又公然diss东方这个圈子,34137250,1572707648
原汁原味的漠峰,建议高技术力电影：最后滴600车车人,87861940,1572707585
藤原汉娜,笑う,38747127,1572707412
小阳_233,科技区大佬真的太nb了！学代码的一定很懂逻辑吧！大佬能不能教我一些逻辑学知识呢(=・ω・=),290806434,1572707406
特雷卡斯丶亚莉米蕾,技术力不足被锤事件 https://neroasmar.top/mie2016/,24686869,1572707185
东厂难民,听说只要600车车人，我来冒泡了,108258437,1572706971
花椒今天爆肝了吗,课代表来了！～up从06年开始自学电子技术，到现在已经自学了13年。\n他学过：~%?…;# *’☆&amp;℃$︿★? ~%?…;# *’☆&amp;℃$︿★? ～~%?…;# *’☆&amp;℃$︿★? \n他使用过：~%?…;# *’☆&amp;℃$︿★? ~%?…;# *’☆&amp;℃$︿★? ~%?…;# *’☆&amp;℃$︿★? \n他做过：~%?…;# *’☆&amp;℃$︿★? ~%?…;# *’☆&amp;℃$︿★? ~%?…;# *’☆&amp;℃$︿★? \n看懂了吗？[蛆音娘_卖萌],8943162,1572706928
a9y9918,我关注的up怎么一个比一个屑，，，,317111302,1572706771
佐佐木琪露诺,本家战火倒是比动态小很多呐,107042878,1572706670
吉diao八千慧,技术力与人品成反比的屑,34638388,1572706526
月灬残梦,听说只有600人，那我只能冒泡出来了呀,1794245,1572706478
四季抗病毒胶囊,车万600勇士前来报道了嗷,228991005,1572706014
花田废线,不明觉厉。但是也太跳了,33229027,1572705634
花沉雨落yu,在？删？,366672732,1572705586
大自然的规律,这里的评论不会被删除么？,20789809,1572705438
Flandreeee,gkd,380258255,1572705413
绿牙葡萄,呵，无耻之徒,4525369,1572705370
咩人B,删，接着删，gkd,47225969,1572705167
MIO校长,作品不错，但UP主现在的行为实在令人反感,389305513,1572705152
胖次のKing,第601位报到[微笑],4914716,1572704975
阿凯2001,*我做BA视频和东方有什么关系呢？况且一个六百人的小圈子又能拿我怎么样呢（,129320757,1572704865
余九堂,你对东方什么都不懂,出的跟东方有关系的只有一个Bad Apple,这钱它好恰吗？,399574954,1572704787
大炮大炮sss,原来b站每三百人就是一个人的小号啊,20666219,1572704657
残念的阿鲁,？？？,170594091,1572704075
莉莉卡-普莉兹姆利巴,刚入圈，我是第601个东方众，噢耶幻想乡万岁,39345475,1572703961
梦渊muen,开玩笑，我超勇超会删的（）,19498879,1572703935
飘游轻风旅,纯600车万人，这就是技术宅吗，爱了,33266404,1572703862
崩坏3萌新hhh,我逛商场拍铳火放狠话好吗,185638068,1572702521
你爸逼你,6666666,30925633,1572702122
不知梦者,希望能让风波早日平息，专注于与他人的纠缠真的会越陷越深，毕竟这样的创作还是挺棒的,15150530,1572701847
简化名称,亏我还给你三连了，真恶心,344506328,1572701746
塑世歌者,原来我是那值得被枪杀的六百人之一，我真厉害，，，,363894336,1572701436
镀硫君,要实现一个功能，不是代码越少越好吗？[微笑],11795565,1572701212
米津玄师ハチ,来了，,108750647,1572700668
Kras_TB,人是肯定会变的，但没想到会变这么多，祝好运,57026522,1572700271
Lancelotus,在？删个评论？,4980980,1572700144
失焦冰棱镜,第601个车万厨前来报到。,27184005,1572698973
OdaNobunaga152,600分之一来咯\n东 方 温 泉 关,3249617,1572698843
失喉_,六百分之一前来报到,402768827,1572698109
Alegro_,我就是600人之一,53568916,1572698107
西行侍幽幽子,你开始了，我开始拿板凳看着你表演控评,317443603,1572697991
西行侍幽幽子,9181楼？,317443603,1572697935
-邪正人鬼-,咩持 🐑 🐑 🐑,12294510,1572697096
陌路簽,为什么只有600人的圈子还会删这么多评论?,22525303,1572697077
wgwqwe,在删一下评论,90616693,1572696758
StruckX,两千评论没了。。。,130050642,1572696172
candleflame,恶心死了,19610465,1572695841
泷源Official,游击队来力,49949288,1572695328
候地方,咱不是车万众，但也是听着东方的威名一步步了解宅文化的，在网上没怎么对过线，今天吃到这瓜可把我恶心坏了一定得说点什么。是，车万在国内是不算火了，但是他有一批发自内心喜欢着他的人，你这种利用他们再发过来仗着他们人少欺负人行为简直令人发指。顺便一提，我现在也在尝试入东方坑（但是游戏打不过啊！！！）,13995964,1572695231
还愿的耀尘,在？为什么不删评？[doge],81237099,1572695078
强喙夜蛾,有一说一，个人认为《斯巴达300勇士》这电影还蛮好看的,14953652,1572694811
这个ID估计没人注册,张辽以六百精兵大破孙权十万军队（有端联想）,291223027,1572694659
叫我大佬jing,是我，车万女孩,37417112,1572694467
HerobrineWQC,是我，东方600勇士,87797395,1572693900
HerobrineWQC,514万（察觉）,87797395,1572693781
幻辰氏,我也希望自己能做一个技术党，就是up这种靠技术力拿二创鄙视原作的技术党( ´_ゝ｀),17763773,1572693603
勤劳的博丽灵梦,现在看看热评，再看看发生的事，真是讽刺,8638804,1572693395
真刀玩家,六 百 人，你真的确定只有六百人？,225305568,1572693365
这个ID估计没人注册,今宵是飘逸的600人（有端联想）,291223027,1572693246
绯色美工刀,要⑥佰了,438839606,1572693241
琪露诺牌冰激凌,㈥佰,11241713,1572692821
ながとゆき,我也是六百人骑士,66868208,1572692162
这个ID估计没人注册,只有600个“真正的东方众”，剩下的因没看本视频全被开除车万籍了（悲）,291223027,1572692065
不愿透露姓名的女仆长,我做第601个车万人，好吗,62462045,1572691619
音羽珠华,601来力,13175104,1572691540
M-T-Nut-Official,バカヤロ你们区区600人是战不胜我的（有端）,37823573,1572691509
M-T-Nut-Official,看一下up的投稿，bad apple和新宝岛已经沦落到和cxk一个地步了嗷，，，,37823573,1572691397
天体系统故障,600前来报到,350843109,1572691380
一般通过男子,斯巴达300x2勇士之一来了ao,371539335,1572691252
绯色美工刀,我只是一个用来提供上百人削苹果的美工刀而已\n                                                       ——绯色美工刀\n          2019.11.2,438839606,1572691204
変態大紳士,脚本测试,8379332,1572691175
NwtrKtk,600[嘘声],32815478,1572691150
叶巨大力,六百勇士报道,39803543,1572691131
セルセル,删评论吧，我准备好了,195461827,1572691126
十连暴死流拳法家燚枫,👴也要当斯巴达600勇士,14190540,1572691055
セルセル,被某些人拉黑是光荣的,195461827,1572691051
绯色美工刀,（⌒▽⌒）,438839606,1572691023
荀彧い,六百之一不请自来,6664391,1572690935
隔雨听竹,我做第601人，好嘛？,4081505,1572690833
强喙夜蛾,技术宅？敢问您会繁殖秘鲁巨人蜈蚣么？繁殖不出秘鲁巨人蜈蚣您就别往自己脸上贴金,14953652,1572690649
c137芦苇娘,斯巴达600勇士3上映辣，各位小伙伴贡献一波票房哦,199462171,1572690182
八目鳗摊文厨,穷凶极恶至强至暴的600人,25711745,1572689756
二次元の神王,600人游击队。,410980457,1572689625
ST大大,我当第601个车万人，好吗？,25397614,1572689581
Comet15,自娱自乐小圈子600人前来报到[吃瓜],34605327,1572689363
pudddddding,600,7152771,1572689178
银色战车_镇魂曲,斯巴达600勇士,1614112,1572689035
msdkal,把我硬币还回来,82833203,1572688978
RagerWang123,没想到我一个东方二十周年时入坑的人居然能有幸成为六百人之一,7952047,1572688951
伊波特山地底的XJ9号,六百勇士报道,83985045,1572688826
只是o6,ba跟600人无关,9311101,1572688596
飛散紅葉的天狗,40000000行代码，你是把ba做成系统了吧,17592175,1572688321
星軌EA,he~tui,349506862,1572687849
空灵若现,爬，给爷好好爬，把爷的硬币还回来！,34954023,1572687641
Solitary艺术师X,看前：百万播放？让我康康您配吗\n看后：我一个人就能看一百万次！！！,24935880,1572687637
wateroon,令人作呕,11676838,1572686420
c137芦苇娘,有没有哪位大佬讲一下事情的经过  我也想吃个瓜,199462171,1572686054
崩坏3萌新hhh,其实up说的对，车车人其实连600都没有 ，你动态里说话的还是评论区的大部分都是我的号，真是太难了，你说，为什么要⑧的爱跑十周年捞这个,185638068,1572685978
低龄化的神作,东方Xbad apple，太棒了，双厨狂喜。哦，和东方没关系啊,13512120,1572685642
废墟之影,爪巴，不要停下来（指删评论）,1475558,1572685582
崩坏3萌新hhh,好像你还找东方区up宣传这个视频来着吧，嗯？,185638068,1572685532
崩坏3萌新hhh,up你再说一遍，是不是懒果子跟東方无关[抠鼻],185638068,1572685328
崩坏3萌新hhh,我想知道这个控评方法时关键词还是说up手动[笑哭],185638068,1572685258
蚊砸℡,刚来 这就是原版bad apple吗 👴🏻爱了,12758228,1572685085
崩坏3萌新hhh,up你除了控评把禁言也一起做个视频吧，这觉对火，不火我就把手机吃了,185638068,1572685078
崩坏3萌新hhh,up你ba十周年捞自己的视频，厉害啊,185638068,1572685031
崩坏3萌新hhh,哎呀没想到还有禁言这一招，不过无妨\n我再问一遍，up你说ba属于东方吗?,185638068,1572684987
bLanK的小号,我们遇到什么视频，也不要怕[doge]\n微笑着白嫖她\n消除三连的最好方法就是直接白嫖\n坚持，才是胜利！\n加油！\n奥力给！\n[滑稽],86902810,1572684911
涅槃的小龙套,[滑稽],338161030,1572684286
伊吹冬瓜,踩了，请还硬币,36820500,1572684011
遥远的火山,600车万人不请自来嗷，👴来康康你这个憨批要干什么,4978892,1572683977
预告不详,1/600🤷,342586271,1572683677
雾雨白黑,说，你是不是囧仙小号，一个创造了东方一个创造了ba[doge],2524911,1572683651
临江仙儿eee,我自学13年控评好吗？[偷笑],49104592,1572683531
耿鬼老师,不算六百人，但是仍旧支持他们,3294808,1572683470
DHF582,六百分之一[微笑],411935,1572683409
树人儿是肥宅哇,1/600,6326663,1572683353
花荻呦,600勇士不请自来,190492074,1572683200
雾雨白黑,取关点踩拉黑三联,2524911,1572682763
格碧老王,车万众都是斯巴达人（确信）,170757233,1572682684
雾雨白黑,怎么取消硬币,2524911,1572682593
Kotorisaikousuki,L.,81424318,1572681596
虚空来声,能取消的都取消的。\n600人是吗，请看一看有多少不同UID再bb。,34360388,1572680715
AItheEliminated,好好做就好好做吧，非要态度不端正。,239263808,1572680620
claoksno1,我们有100万个加强营的兄弟姐妹，每个营600人，突然可惜那啥没了，不然您肯定是国际巨星,8644097,1572680341
四次元跳跃机関,请问硬币能还给我吗？[抠鼻],8713501,1572680306
沧生稚海,这就是bad apple吗？👴爱了,157299492,1572679964
塞纳留斯酱,六百个东方厨之一前来报道,8579895,1572679375
椛薰子,播放量多并不代表可以成为镇站之宝，懂的人自然会懂，，，,281106410,1572679227
chie4,东方众只有600人可还行,918432,1572677950
紧闭の恋之瞳-古明地恋,自东方吧而来,40001519,1572676977
你kar哥哥,车万600勇士不请自来，哈哈！[支持],31965316,1572676674
西邻玉,牛逼,36910992,1572673092
AItheEliminated,和ltmp异曲同工之妙,239263808,1572669132
东海人民,原tag被举报了？,29026444,1572658917
尤伦卡穷,大佬牛B！,381918463,1572641411
红梅陷阱,一般路过，这做的是什么啊，就科普,184299109,1572634252
一般通过F6F地狱猫,？？？,13052443,1572627377
诺尔斯特,泪目了我的天,4239480,1572621987
50989387976_bili,nb,383840184,1572619548
纸牌屋里玩纸牌,不明觉厉,17716939,1572617923
画约舞,突然发现了我学电子系的目标,13962538,1572610024
只好随便起名,道理我都懂，为什么播放比原版ba还高啊，限流？,69749748,1572606474
花里胡哨的小毛驴,厉害啊,141775469,1572594886
Bili_66598420,up是太闲了吗？,66598420,1572591501
淡黯魂,有点乱,407244353,1572589523
一只猪xx,上次看过一个一样的视频，标题是b站尺寸最小的视频🥳,73767454,1572577482
想变欧的无情,你同专业学弟我好像发现了事情的严重性[笑哭],100369553,1572569960
丧心病狂的乘客,跪了,14033653,1572559545
匣子里的狸猫,做个课设都会头秃的我，发现了神的存在,11616207,1572543896
78505821506_bili,我想看这人的头发有没有了,438439597,1572535331
咸-YUI,看到有轻音 可是我翻了好几次  没找到 有这个视频  难过嗷,1894576,1572534809
Mr丶landa,牛逼啊,7391372,1572532931
青葱小瑜,太强了吧,94630196,1572517282
Por una cabeza,我的天啊 我真的完全看不懂 但真的就觉得好强啊= = 技术宅也太帅了吧！！！！！,1415416,1572502900
Ohayosang,明明看不懂，怎么就迷迷糊糊从头看到尾了,10719676,1572497790
囊萤映雪yoki,真的很努力啊！,35580113,1572493733
ENNMU07,你秃了吗？,7176746,1572474899
霄鹏庆,流批,259207110,1572448307
胖三斤二两,哇(⊙o⊙)哇,306407921,1572447315
曰寸曰门,一脸懵逼的进来一脸懵逼的离开，，，，我好像看了一些自己看不懂的东西还有一个段黑白黄蓝的动画，，，，嗯好像是[2233娘_困惑][2233娘_喝水][2233娘_无言],11949681,1572441424
红星闪闪德玛西亚,辛苦了，关注了送你上去,35920634,1572430948
75793484227_bili,截屏选老婆,359480554,1572422482
_鹿目焰_,80e bit就直接写1GB呗…,57676617,1572421516
唯名六弦,虽然看不懂，但牛批就完事了[捂脸],7977237,1572415208
美纪的太郎丸,up学电脑的时间和我的年龄一样大[点赞],107312754,1572412638
李家婷婷,🍎🍎🍎🍎🍎🍎🍎辛苦了，坐下来吃个苹果,420191633,1572402445
李家婷婷,把我的硬币还给我！！！,420191633,1572402427
啊撒啊撒鸭鸭鸭,虽然啥也看不懂但感觉肯定是用了很厉害的方法才让那些图动起来的🤔,8986588,1572399688
深联微科,嵌入式单片机,316752456,1572396518
AtvIot,这难道就是键盘侠[doge],67964212,1572396065
北风叶帝,完全看不懂，他想表达个啥。[嫌弃],400323291,1572361547
齐王黑,看的我满脸问号  →“这也可以？”,10495413,1572358823
千雪梦蝶魂回飘,有点想看看 不知道能不能开源一点点[doge],281701272,1572353724
风见幽香de阳伞,众所周知，bad apple！！（同人音乐）和bad apple！！（旧作游戏曲目）和东方project（同人界的奇迹）不是一个圈子里的（滑稽）,83584589,1572349110
名字真难取6545887,只要标签不带东方，播放量直接飙升，带了东方过一万都难,90053192,1572345721
FeelingApple,开始自学的时候什么学历？,472527239,1572345239
Q手菜鸡,因为看不懂,334427213,1572339745
kaircad,通信毕业还好没干本专业，要不干不下去了,2471056,1572335393
bilibili娘の小电视,新人瑟瑟发抖，这个屌屌的东西是啥，有课代表科普下么[doge],20856524,1572329541
L陌上Z花开,dbq 我没脸待在电子行业 呜呜呜(┯_┯),12325642,1572320686
Acvh,up做这个东西还是很牛逼的。不过视频开头的up用过的东西有点乱啊…,282332983,1572303650
默名,不明觉厉[微笑],1400727,1572275077
现実逃避A,太强了，想当学单片机让led灯按规律闪烁都做不明白，up牛批啊,108745603,1572274766
Ann_LXH,虽然看不懂 但也觉得好厉害,899356,1572270367
15097604616,刚开始学习的Java学生表示一脸懵逼。。。,219631302,1572266951
忽悠哔,自学十三年还能叫自学吗,76985989,1572265370
柠檬先生plus,我寻思up主一个人能写4000万行代码？？？？,298312830,1572258011
红尘过客吴,不明觉厉,28834784,1572257407
涛之雨,植物大战僵尸好评，三连了,386815312,1572256280
离阡寻,文科生请不要产生理科生都会这样的错觉……,32299749,1572192590
traveler-moknisa,喂看门狗定时器可还行。,450284119,1572190415
方形罐头,4千万行代码。。就算五秒写一行代码，一天工作6小时也要25年啊,37428621,1572190317
易燃光,那是真的牛批,1951859,1572179138
张纶月,在下不才，对硬件有所了解，学过C艹和JAVA。都有所了解的本人表示，我可能一辈子都做不到这个视频的全部。\n（因为我还没秃）,94542603,1572179016
李某人的头发,太简单了吧？我三十万年后就能学会[doge],382797329,1572175663
聪明的OVO啥都做,辛苦的人值得回报。硬币给你交了！[2233娘_大笑][2233娘_大笑][2233娘_大笑],21541196,1572170088
猫钓鱼鱼,BGM:zombie on your lawn,315685071,1572159714
笑脸桑,那啥的。。为什么不加东方project的标签?,95987461,1572150445
东风谷橙柒,原视频av706  另外希望2016能打一个东方或者东方幻想乡的tag,153850684,1572149758
厌于留影の羞涩蔷薇,这是bad apple，和车万有啥关系？为啥要加车万标签\n别问没有狗头,8253337,1572146375
xian_yu,今天是ba的nico放送十周年，我看了看比比丽丽的ba排行，本家却大概是这个视频的3/5。如此高的播放量，不仅未up带来的大量的支持者和收藏\n但是有一部分车万众对这个视频的评价确不太好。\n为什么?\n不是说这个视频播放高有什么错，而是现在有越来越多的一般通过睿站逸民的进入，再者本视频的tag中未加上东方tag和标题中未含有东方等行为让这部分车车人感到了疑惑。\n这让我不禁想起了油库里，油库里也是东方的一个衍生作品，但因部分一般通过路人的进入，油库里慢慢脱离了东方，在这里让我有一种ba也会如油库里一样远离东方这个系列（也许是我的危言耸听）\n在来说说这个未加东方tag和标题未提及东方这一事，有的车车人会说是阿b打压东方，导致东方视频播放量普遍不高（指最近的新作品）。先不说打压东方一事的真假，我们来谈谈up为什么连一个ba的标签也不加?不要和我说什么有屏幕和ba无处不在的tag，这种视频三年前就多了去了但人家至少还加了个bad apple，这个视频呢?\n或许比比丽丽有在打压东方，但加上东方tag是一种对她的尊敬，也是对车车人的一种认可和支持。更何况只要作品优秀，即便是有打压，播放量也不会低（比如说东方华灯宴）\n神主在几周前的我乐多访谈中谈到，希望把东方做的能够像克苏鲁一样的主流文化，但其中的难度也不用我来说吧?我不希望以后会有人知道up的这个视频却不知道ba和将ba所涵盖的东方project，或者一提到ba就想去到的说up的视频而不是东方（当然，两个一起想到就更好了）\n写了怎么一大段话，不知道会有多少路人和车万众会仔细看完……\n然后车万💊[画风突变]（1/1）\n\n       ——来自于一个不希望东方真的过气的东方众,38192010,1572143316
抹泪客,本家bad apple十周年纪念,346152978,1572141155
ミクのCharlotte,评论区不出意料,14216346,1572140470
永远亭医药株式会社,加了东方tag会如何我暂且蒙在苏我屠自古里，，，,27232139,1572139567
Sternhinmei,现在视频播放量是507万，顺利超过原视频(av706)369万。\n然后，十周年纪念♬(ノ゜∇゜)ノ♩,314047038,1572137647
芙兰达_塞维伦,这要是带个东方tag这视频播放量顶多只能有现在的百分之一，懂得都懂，不懂也别问，问就是b变味[嘘声],245101979,1572128582
逐48,比本家播放都高，我能说什么呢（笑）,108710953,1572125851
乐乐森,Bad Apple十周年贺电！\n2009.10.27     →   2019.10.27,12307353,1572108995
史上我最帅,虽然看不懂 不妨碍我点赞投币🤓👍👍[小电视_赞][小电视_赞],20275296,1572108523
冷亖,我这个假b粉丝来了，以前看过up大队的视频呢,78401,1572103853
小柯kid1412,化简一下，不就8G的数据吗。。。。,32967414,1572103080
Mar老马,三连了..投币失败（您的硬币谨剩0.4）[笑哭][笑哭],229016974,1572089915
yelex0430,说实话 虽然看完了 根本没懂,73458148,1572083342
袜噻欧次奥,第一个想跪着看完的视频,335690602,1572075447
雪千之河,bgm好熟悉是啥来着,81237447,1572074097
俩个烧饼,学生来说还是可以，LCD1604  等，学生时代做这个还是很有意思的，可惜做硬件出身的，没好单位工资普遍比软件低，我也觉得奇怪,65769418,1572068001
G_W_Y_N,关注投币点赞评论支持充电拉进收藏单独创建新的收藏单。,2959680,1572064040
冈-格-尼-尔,还在苦学fft的高二狗在此！[大哭],342897952,1572063426
夜の落下,dalao 牛逼,37729966,1572052969
小忍是信仰,up挺聪明的标签没上东方[doge][妙啊],13046380,1572045888
剑鞘要上天,好消息！我是首页来的,13389033,1572030925
木兰花咲夜,比bad apple原视频播放都高，惊了,178541666,1572021617
_羽蒙丶,又把你刷出来了，虽然看过了，再赞一次,30537595,1572020637
孤独的我逐被冷漠,我直接跳过了所有学了FPGA[滑稽],89525684,1572010319
か小迷糊,13年  应该头发都没了吧  为up默哀三秒钟,165109990,1571998184
阿布卡卡23,太强了,335476533,1571995106
负卿乂,我不太懂这很牛逼嘛？但我知道我硬币没了,24443298,1571988842
IP凹凸曼i,4000万行代码假的吧，荒野大嫖客2好像也是4000万吧,19241048,1571988703
山外小楼-听雨,大学的时候焊个电路板都觉得难，更别说其他的。。,440131284,1571980404
幻梦光泽,复制这句话再打字试试！后面的字是反的,30471232,1571978513
亚洲男神小哇,年轻真是好哇，想当年头发没秃也是这样弄的[doge][doge],93860308,1571973040
姬灵Kirei,车万永不过气,16164002,1571973036
阡陌工作室,敢问兄台，头发安在哉？,84118275,1571964460
Fightforglory,滑稽可还行,30135964,1571923624
太鬼畜了,也许，这就是秃子吧,8192802,1571918539
zpcTorch,看不懂总之就是牛逼,7916534,1571916145
MIanXN,刺激,14878112,1571910948
阿伟你真的好惨啊,只有我注意到本间芽衣子的手办了吗？[笑哭],149098156,1571906173
老板两杯柠檬水,[笑哭]玩一个都没玩明白的当场剁掉了手,19757080,1571867624
想中奖的落楓,500w了！！！！,338388645,1571843460
青稚子丶,Bgm？？？。,242177157,1571843387
温如玉乄,666,325128504,1571843058
13775872685,电子信息工程大一新生，希望有一天我也可以跟up主一样做出那么厉害的作品，(｀・ω・´),7647995,1571841101
贝尔茄格里斯,up的头发呢？,472055950,1571839531
Yashiro矢代,太强了qvq,317035349,1571832134
kekeio,膜拜大佬，感觉光程序一块就够专研的了,13556223,1571829419
红炎へ覚怒,原谅我看不懂，看不出有多复杂，只觉得很牛逼,122455214,1571828680
紫馨吕,看不懂,30026274,1571827505
小菲肺,我一个C都没过的，点进来干嘛[囧],312311980,1571816692
Mashiro0o,卧槽我看到了MATLAB,20823265,1571775120
隔壁丢人琉璃,这......这是什么，tql[蛆音娘_害怕],319754264,1571763788
宁静的夜看星空,看不懂,195245547,1571761562
小菊花吖咩,真棒[2233娘_卖萌],23988564,1571759277
田啊嘞,植物大战僵尸,21689591,1571758818
GungnirYYF,虽然这期视频的内容都是前面的视频，但是之前的视频的播放量加起来远远不如这期视频啊,265840013,1571755735
晓之车丶焰之扉,你币有了,43857994,1571749963
lames233,av706,266404423,1571748664
诺拉NOLA,牛批（真的，第一反应）,2599645,1571747519
萝北北o3o,牛批,396826079,1571741921
皮王teacher陈,首页通知书，播放过500万了[点赞],342736100,1571736664
赊账九文,真的很厉害！！！但我兴趣主文科实在不是很想关注理工系,180025394,1571723912
Nansimia,不得不感叹坚持是真的最难的，就像我抱着⌨️这么久了都已经要转职成键圣了。,82416413,1571718151
真卡卡西,有大神科普一下什么是bad apple,100595378,1571687794
心有余力而不足,虽然看不懂但是感觉好厉害的样子[吃瓜],65531587,1571649185
Fox_usagi,奈何本人没文化，一句卧槽走天下,8408418,1571643633
墙头偷红杏,做为一个门外汉，我只看到了疯狂跳动的电表数字[滑稽][滑稽],265408035,1571633704
肝帝剪辑师秋月姐,奈何自己没文化，一句卧槽行天下,20460913,1571631572
鞋底子加肉,能坚持学习的人，不管学啥都很强，赞,194930852,1571616525
漫江千里,我不会是发现了什么天才吧。,364625394,1571569885
局座真帅,500w的助攻,13514377,1571561255
Vehax,太秀了,431076995,1571545411
集结榜彡帕秋莉10388号,av706,351250805,1571544232
集结榜彡帕秋莉10388号,比原版播放量还高！,351250805,1571544053
改名花了6樱币,投币比点赞多,340924707,1571543917
请叫我老邪,哦你可真像个Ω的后人,114268426,1571538489
天选Jo人,一个电子科学与技术专业的本科生看了只想说一句:大佬牛逼,35028884,1571529475
Invisible0000,这类视频作者真的只能用群魔乱舞形容,35692248,1571502924
46177981449_bili,你币有了,415556421,1571497027
二货晓之空,500万冲鸭,242614752,1571494162
往事回首都是泪,求bgm,104478258,1571486121
傲策,老实说 没接触过这种东西真的看不懂 但是up想要勋章就三连了,5483702,1571479364
西红柿真不好吃,这。。。。硬核,33146241,1571476494
1元的饼干,看样子学电子的都会搞这些。我是从无线电开始，做发射机，收音机，功放，各类单片机，fpga，exe，apk，php网页，python网页和软件，3d机械制图，Linux x86，linux arm，机器学习，感觉要学的东西好多。。,382878276,1571463648
北城秋语,我就想知道那个vc的源代码,11607395,1571461198
总感觉有人在毒奶我,奶一up口 明年粉丝破百万（￣▽￣）,10960709,1571461032
鱼丸不鸟,我真的只能看热闹了,74173871,1571454281
咯啦啊僵尸家族你,已三连（硬币不够啊）,221780689,1571446536
0翊king,你变秃了，也变强了[滑稽],36326388,1571442849
随_遇-而_安-,给巨佬跪下了,307456507,1571407806
山卡猫,8000000000\1024=7812500,393081354,1571406393
可爱到打一拳会哭一天,厉害了！,476969386,1571396475
职业ad法师,给你b了,111901540,1571395806
dr瓦坎达,已三连,475741343,1571395383
洛小悠丶,75万点赞，87万投币，33万收藏,5186775,1571394609
唯爱飞宇,投币比点赞多系列,18336736,1571375967
红梦幽樱,495w播放?二妹厨狂喜,82689843,1571362120
月色下の朦胧,大……大佬……牛……牛X……,242847765,1571330359
猫猫猫叫咪咪咪,虽然我看不懂  但觉得很厉害  必须投币支持,39987336,1571324615
地狱的亡灵,当年有弹幕版,372607,1571321507
李世济的留声机,大佬,237707045,1571319973
月落精灵,大佬，我建议你出教学视频啊。会这么多技术，还是自学的，教练大家一些自学经验什么的。,14430878,1571313481
弦卷-扣扣肉,是一个老宅呢（大概）[惊喜][支持],3781678,1571310214
面瘫卫子青,这是我见过第一个币比赞和收藏都多的！,93551565,1571309627
你好吃吗zZ,牛逼,11286079,1571308673
41830407806_bili,实 力 劝 退[doge],355268323,1571307160
隔壁桑阿姨的阿姨嗓,這些器材貴嗎？你可以分享一下學習經驗嗎？,2793035,1571287381
上官雅曦sama,这些工作将来可以交给机器人做,107220213,1571282092
下海-绘梨衣,为啥我总是想到香蕉君呢？(｀・ω・´),31808836,1571272051
UO君,他妈的牛逼... 电工大一生看完震惊到忘记听课,33420016,1571265222
苍井翔太郎,虽然没看懂但还是觉得好屌,180884564,1571246518
小猪佩奇的巴巴爸爸,这首歌曲调很像心如止水,277777173,1571246018
卖小碗茶的,有这功夫做个时光机不好吗[呆],17171110,1571244002
萌萌哒李舜生,虽然不懂，但是感觉很厉害的样子。,8293523,1571243754
今天丽林学习了吗,文艺复兴！！,1572999,1571242196
王宇233,up你的梦想完成了喔,37799885,1571239910
蓝天下的白云L,11000,4414138,1571237858
老八幡sama,说吧，直接上还是走程序\n反正我是直接跪了[喜极而泣][喜极而泣],344818278,1571236901
记忆中的纸飞机,tql。属实腻害啊！大佬大佬,21909814,1571232980
49534391500_bili,放kindle的好评，三连,400580855,1571232366
0风暴幽灵0,电费要炸了,6047768,1571225871
我的爱妾们,我太菜了，不配给你硬币,283093427,1571220068
Ecr_t-弋汐希霅,当年无论n站a站还是b站，都是号称有显示屏的地方就有bad apple的…,75879,1571214698
神奇的again,电子专业路过，up主做的这个真的很麻烦很费时间,23932413,1571214140
枫行一沙,这真的十分非常极度超级无敌硬核！！！,22288037,1571213243
小小小小野心3,有大佬介绍一下是什么歌吗,323567650,1571208108
硬币君丶,牛皮牛皮，虽然不懂，但是感觉好厉害的杨紫！十颗硬币奉上！,130284354,1571203721
花栗子哦,好流弊的样子,278297709,1571201781
星火西大街,又一个东方的,35409615,1571199370
艾萨克-迪安,对不起我太菜了只能说卧槽😂,23270663,1571197580
BrokenEcho,牛逼爆了！,55357224,1571188628
伯爵与妖。,我想求音乐,28070034,1571184922
半城灬雨,牛批,313679086,1571181187
born1to1trade,电气老学长前来报到！[大哭],13079730,1571161572
page40,没看懂？,19691216,1571161376
荷冷鱼鱼子,自动化感觉课白上了,5596221,1571155056
迷人绅士,过于硬核，关注了,141515491,1571152114
RISINGST,大一自动化学生前来向大佬学习[支持],392739249,1571141349
五五九九,虽然我不懂，但不明觉厉，很厉害的,50018633,1571137901
Darktu,牛逼,53478532,1571131490
MSJZmodai,我也是学这个专业的  为啥我不行啊,242375365,1571128681
辣椒哥哥gg,毕设的时候整一个FPGA的密码锁都差点把我整崩溃[呆]，大佬这也太秀了,196855420,1571128429
白米SAMA,好牛,11136545,1571127985
那就日暮途远吧,看不懂.....,34364770,1571123898
学-英语,通信工程表示这些东西基本上全是我们的,33110791,1571123607
夜雨浅城,是我无知了，我看不懂[蛆音娘_吐血],60244004,1571117631
随缘昂,暑假看到这个视频的时候播放量是真的少，这一次又上了我的推荐，再来时已经400多万了[微笑],313750760,1571116537
Zero2_Pc,卧槽！！！[点赞][点赞][点赞],18656120,1571116050
jiuhn,看一次，跪一次\nor2,22807617,1571112863
おたく丶舞,又刷到了，继续刷,32387963,1571112771
好想成为由乃,爱了,289355026,1571104746
流木野咲_,烂苹果，好久了,238435,1571092793
一霎风来,是个狼爽,352634677,1571072928
淫慢则利精,有钱又有时间，像我这种只有空闲时间才能刷刷B站的人，唉[笑哭],431842350,1571067138
若问邪风曲,币不够啊大佬,19759284,1571053744
bili_22812137904,担心UP主发际线,471792862,1571052784
月锦羽,虽然我可能错过了很多，但还是奉上一枚硬币以示敬意,40122866,1571049671
芬湿老婆婆,太好了，B站众还没把东方忘记,29197609,1571045982
称呼靠想象,我问了一下我电子信息的基友，“我从零开始学这玩意儿，到能把这片做出来要多久，”\n他说“快点的话3个月”\n我说“三天行不？”\n他说“行，你买个键盘，再去睡一觉”,141239303,1571037215
萨丽艾尔サリエル,我一看封面就知道是bad apple，因为技术和音乐区在一起出现的除了高难度黑乐谱什么的就是bad apple了，吹爆up[滑稽],86505615,1571036996
千葉の堕天聖_黒猫,电信专业的小苦B发来贺电[小电视_赞],23213796,1571031190
多谢时间,这些知识能干什么？如果重点是电路板，不好意思，现在流水线这种东西最不缺,13322849,1571030182
黑妖MoRB,dalao流啤 有屏幕的地方就有BA,22694615,1571029303
光谱蠕动,岂可修！ 我币没了,14530214,1571021527
紫觞龙,我了个打擦,23818082,1571012995
夜梦未明,强👍,170973534,1571001150
右边君,纯手写代码大概多少请问下。。,21251838,1570984150
伟大的兔斯基,大佬牛批（破音）,22632420,1570977859
帕洛斯的小哈士奇,这个。。是什么，好高级的感jio（没文化不知道是啥[笑哭]）,171046635,1570971407
清默默的萌,有没有tu然，请告诉我,19290628,1570963294
Hey挡,他这些倒不是什么黑科技，但是展现出来的基础知识理解应用是有点厉害，这些东西技术上不难，麻烦的是信号文件转换和软硬适配真的费功夫。,3229466,1570960012
16bitガール狂三,我居然又刷到了,62485286,1570957984
雁北殷航航,我怀疑你是电子信息科学与技术专业的，通信原理可以教教我吗？挂了,359198582,1570955335
kongvithing,看不懂呀,5471541,1570954624
兮mkl,关注了[喜欢][喜欢][喜欢][喜欢],41649592,1570954142
LY凉枍,没看懂视频 但既然你们都说很厉害 那我就点个关注留下到时看[抠鼻]可能以后都懂了[doge],453988051,1570953239
易尽九,看到有人在弹幕里发花里胡哨……up辛辛苦苦做了这么长的时间，您发个花里胡哨？？？(在00:12左右),62532766,1570950438
你们全都没玩帅,看不懂但是up主牛逼,105374503,1570950336
细犬逐蝶,要不要考虑发个github啥的，还能拿到大量stars，岂不美哉,50531072,1570950031
极寒winter,快500万了，wwwww,47150788,1570944809
人工智能AI酱,评论人均懂哥,15885815,1570942219
桂枝桔梗,我看不懂。。。,38100781,1570941521
家里蹲的绫波喵,给我100000个太阳纪我也可以做出来[滑稽],429583445,1570939349
千璃青沫,现在播放率达到486.9w了,326748594,1570932072
请不要叫我葫芦娃,讲道理我看不太懂，也许真的很牛逼，但我真的不知道牛逼在何处。\n请原谅我的不知，有哪位大佬能简单讲一下吗？十分感谢。,473518235,1570929830
修炼到四级了,强插暗示,304234693,1570927703
松鼠の尾巴,这些数据还是bit，换算过来也就1gb而已。。。,11152140,1570919319
三水心酱,看不懂 但是觉得很牛批 我币没了,34867941,1570918244
阿拼不努力,艹 又是你 前几天还在打丘丘[微笑],33309298,1570902351
奋斗中成长-y,同是学电子信息工程出身，视频里面的东西自己动手用过的6-7个，见过的有一半，目前只会用c，代码量不到万行。,276847369,1570898436
狂三骚三重,up主真的超强,2535866,1570896154
优库里美琴,你这都不需要暗示，三连+专注了,9824323,1570895740
要大口吃,我个专业是电子的完全看不懂，我学这个有什么用？,329118771,1570892352
SolaNeow,听到这bgm就知道你三连关注都有了,35698830,1570888650
道de天,车万永不过气,95301563,1570886343
呐_我超甜,一直知道B站潜藏着很多大佬，总以为时间还长，总能相遇。却没想到相遇即别离。[捂脸][捂脸],30813704,1570880048
阿离的霜叶舞,没看懂…,421203147,1570879404
都是弟弟啊啊,看不懂，跪在地上看完了，我对象问我为什么跪在地上，反手一巴掌，现在跟我一起跪在地上看,259198055,1570879008
bili_59468414442,投币了，神仙up,451400319,1570877384
MaggieRown,真的牛逼！！！！！！！！！！！,102580584,1570877140
花羽轩i,一脸懵逼的进来，看不懂看不懂，还是看完了一点没跳，我就想问一句这是啥~,257142708,1570873668
还好有你在这里,老哥你这也太硬核了吧！三连走起！[支持],11187047,1570872073
Marsh_Joe,电子信息玩家,12915674,1570870291
我是园丁艾玛伍兹,bgm超喜欢，求歌名,150438941,1570865049
_逍遥工作室,没见示波管，差评[吃瓜],67023488,1570858149
cross-product,大佬可以准备去应聘牙膏厂或者农企或者核弹厂了。,35066992,1570853180
Lemon-T,我感觉，你就要被挖走了[大哭],38797196,1570849208
弑神1029,谁说程序员只能秃头的，还能自娱自乐肾虚[doge][doge][doge],402571340,1570835869
丿折木奉太郎,看不懂，但是NB,77173307,1570828838
86279837713_bili,你必须是大哥大，你的成就，这辈子我也完成不了，,433220900,1570813608
请叫我女王大人さ,不知道哪里nb，但就是觉得很nb,106521476,1570811542
9酒徒,大佬,300024631,1570805689
呵呵呵呵9260,两个愿望，一次满足[滑稽],290963821,1570803477
liar丶失忆的猫,给你三连,357887575,1570795708
弃疗的中二病拱卒者,这真的太强了我已经跪了[打call],84139629,1570794909
阳剑001,虽然看不懂 但是好厉害的样子,26502836,1570792717
qiaodows-莫云,有屏幕的地方就有bad apple[doge]\n顺便学电子的路过，这个工程量真的大，佩服up主的毅力（来自一个咕咕咕的up主）,49805277,1570786783
Abisso丶,这就是不明觉厉吗\n[呆],67958440,1570785914
人活着就是为了老婆们,正在学plc跟单片机技术以及c语言的我表示瑟瑟发抖,22442506,1570783257
一个dsd,计算机专业的，点进来以为真以为有4000000行代码的工作量。。。然而这是啥。。。,13500616,1570782748
力气不大,看不懂，牛逼就完事了,32780568,1570782014
Mirsuky,好像我之前只全程张口，最后四连，但是忘记忘记评论了，现在再加上二连！我完全看不懂这些是什么，但是能感觉出up好厉害！！！也许你已经听多了赞美，可是我是认真的！,45443185,1570774664
不善言辞-C,那么 代价是什么[画风突变],37902290,1570769117
laokuang28,有人能解释一下这是什么机器吗？认真从头看完了没看懂[囧],361759772,1570767840
又开始稀罕你的府先生,大佬你秃了吗[小电视_害羞],50335725,1570757515
鼠儿的傻狗,第一次看视频很奈斯，第二次听音乐很牛皮，第三次看评论。这个我确实不懂但画面和音乐着实牛皮，我告诉你，你币有了,260414456,1570735591
笑看你的脸颊,给跪了！！,375805777,1570731940
雪白空心,膜拜⊙▽⊙,22768014,1570730589
绫メ茵火,太强了,34103954,1570729739
85725102818_bili,看不懂[嫌弃] 请问脑信息可以copy吗,383859221,1570726571
一部没有感情的复读稽,很多年前，我就有一个大胆的想法，去电缆化，将那些复杂，吓人的排线去掉，可是我一直没有实现过，因为我要吃饭，没时间搞！后来，我还是在生死的边缘，为了吃饭，还是没时间搞！愿楼主帮我实现！加油！我也认为，现在的集成电路主要往芯片发展，未来还是往芯片发展，不过芯片变大了，变强了，工业控制，去电缆不知道有生能看到吗？加油！,448580505,1570725934
桐树下,一个自动化专业的瑟瑟发抖,9132831,1570722892
76技师,做出这种效果 确实很屌,454267849,1570722602
改改OneTwo,UP你这本事做UP委屈你了[笑哭],21813298,1570722291
DW和DS,看起来好厉害，虽然看不懂,405804289,1570720024
一只名叫公式的鼠,您是那个技能锦标赛金奖嘛？,73732134,1570718495
所向披靡的猪,真是他妈硬核宅男,30562809,1570715130
只发专栏的轻小说up,你做的再好，也得不到我的三连，因为我压根看不懂[无语],45233251,1570704282
阿童木木真,看不懂……,94623408,1570678514
balabalaivy1998,嵌入式牛逼,389877400,1570677866
记录的观测者,不是硬核是有点硬,28659740,1570675896
括约肌切片,为什么要用到卷积神经网络和生成对抗。全视频看下来也没感觉要用到呀,37543381,1570668556
吃口胡萝卜,币给你[喜欢]！,473883815,1570641264
neiune,怪兽,174157429,1570639498
端庄d卡西g,大佬，我电子菜鸟，已三连,350799147,1570636340
chayaoxiao,我是软件工程的学生，别的我不懂，但就你这四百万行代码，是什么概念，真的有点唬人。这都是什么代码就四百万行了？,18108478,1570632363
舞铲阶级斗士,太硬核了,89637502,1570623217
全屏游戏,牛人,19569178,1570623181
S级学长路明非,切，这有什么了不起的，我亿年就能学会,9387328,1570622864
兰桂姬,我看了什么啊？这都是什么鬼[捂脸],6673091,1570622169
佐伊_暮光星灵,虽然没看懂但看起来很厉害的样子,38060802,1570620692
浮世之映,我又刷到一遍(｀・ω・´),19155500,1570618889
我次饭团,牛皮！,254413955,1570616396
荀栗或贾晟斯疑,什么番剧啊，感觉不是很有名的那种（,39282782,1570615521
ス饕鬄ス,厉害了，大佬收下我的膝盖和硬币,233548775,1570594093
请假回家玩,袁隆平的错,323369564,1570590892
Reais,强无敌,21383983,1570562665
兔先生,四年前选择了自动化这个专业，能撑下去全靠up。。。。这个专业真的不是人学的。。。从硬件电路一直到底层驱动再到软件编程，然后还有通讯协议，安卓端程序开发。。。。。。四年只学会了在contexta8上写一个播放器播放存储好的bad apple，图像解析是真的看不太懂。。。。。\n话说up出现频率最高的板子是arduino uno。。arduino的板子是真的好用（主要是编译软件太舒服了）除了闪存不够用，接口少了点之外（官方库里还自带软件模拟串口的函数库）简直完美,608527,1570549100
威嚴充值,500w預定,329971587,1570543650
唛哩唛哩弘,我相信up主是因为热爱,389083242,1570543216
宇宙征服者k,这个疯子！,234181052,1570534792
通通通通20块,虽然看不懂，但是看起来好厉害啊[微笑],28449043,1570529009
懒惰的罐头,大佬太强了,36893954,1570527961
糊糊糊糊糊胡萝卜,现在是73.6万[请吃红小豆吧！_wow],92616230,1570521072
王嘎一哩小内八,卧槽……,32698924,1570519980
艺YI技JI,通过以上视频算up失去的头发[doge],7014339,1570518226
_mqz,你是让我说实话还是说好话呢.....,420468078,1570514309
咲夜七,这Arduino板在哪里买都一样吧,430130457,1570510688
小渚的团子,这些人物动作剪影也是up主自己做的吗？,13967533,1570506330
ZJHASSASSINLYY,UP发的这个视频，我觉得说明了一类事，有些东西真的只有懂的人才能有共明，才会相互欣赏。我看了以后觉得UP学的东西好多，但是也好杂，光是示波器的视频展示就真的惊到我了。13年的坚持真的不容易。不过相对于目前的网络时代，要想获得“网红”这一层次的视频播放量，不是只有“硬核”这一要素就可以成功的，还需要其他的各种阅历或者说是经验。不过UP做的这个视频真的很厉害。光是看到的那些大学里的课程，我就感到头疼，UP是怎么没秃的呢，还是说你已经变强了呢？,95152099,1570469784
湖人总冠军嘻嘻嘻,怎么感觉我们学的不是一个专业hhhh,329855598,1570461889
真的会变笨的,都9102年了，还能再b站首页看到bad apple，谢谢up主，想到了过去b站，还有从高中时期到大学，直至现在走上社会一路上的种种美好，似乎都回不去了，谢谢这位宝藏级技术力up，谢谢不忘初心的大家的一路陪伴（/TДT)/,4796673,1570459873
汰美,开头音乐叫啥,14067132,1570454090
みずじ,开源不[滑稽][滑稽],352284146,1570446353
木木君合,up主活成了我最初梦想的样子。。。。。每次学东西都半途而废,109340254,1570433166
名字都被注册了我用啥,就这视频也敢叫板一百万播放量不到一千万都对不起up的心血啊,409761995,1570432614
Occultism,车万一家人[吃瓜],59688214,1570424878
双刀井十六,只想问up头秃了没,12655155,1570424606
艾米莉亚真是天使呢,前几年看到这个bad apple的时候就感觉很厉害,9523701,1570424425
让我在想想我的名字,UP我想学！受徒儿一拜,294997723,1570420181
彼女の霧川,哇！看着就好厉害，就是看不懂[画风突变],356321635,1570415364
我是坑比啊,膜拜,12436550,1570414927
弥生祭祀,虽然啥都看不懂（但是真的很牛逼！！！,25787112,1570413975
晓毅丶丶,这可能是我一辈子也学不来的操作了,67162100,1570410110
战神帝丶劫影,真正的大佬,291088763,1570408012
Depre_ssion_,你是B站唯一一个币  比  赞 还多的up,45586726,1570403469
芙兰project,nb,165098616,1570394976
一条腌渍的青花鱼,10.6号，476.5万播放量22万粉丝,85329932,1570382992
幻灵华狐九,硬不硬核我不知道，但只要你是东方厨那我们就是一家人了,73240351,1570376837
乱乱乱入人心,看你简介说到那样了再不关注就过意不去了→_→,12803271,1570372800
高级化合物,他莫得头发,382413180,1570372725
清平之心,说来可笑 我是上网搜幽幽子和紫妈的本子才知道的B站 刚看B站的时候我都震惊了 这就是在现实的幻想乡啊 有这么多和我一样喜欢东方 喜欢二次元的小伙伴  可现在  唉  都什么样子了啊[2233娘_委屈][2233娘_郁闷][蛆音娘_无语],57554703,1570369431
绫罗飘,那个⋯虽然很厉害的样子⋯可谁能解释一下吗，这些是什么⋯不好意思没看懂,38157274,1570368443
Susan苏三丶,nbnb,13428618,1570366525
10060071557_bili,在校生能做到这步不错了，找个好点的公司搞开发提升会比较快！,412402283,1570363758
樱衫绘梨依,这才是真正的热爱吧,10378074,1570362684
无良网民,大佬太多我都开始自卑了,14466825,1570362627
little-flea,币比赞多系列,103049430,1570355961
截图之后马赛克,啥也看不懂，但就是好厉害的亚子,99632950,1570351883
沐琉秋思,我觉得视频不火可能是因为封面[doge],19839455,1570348791
風屿雨,真的硬核woc,11772108,1570338122
嵩琛昶,投币比点赞多可还行,353595601,1570336776
威廉大叔洗铁路,大神,7159930,1570334979
犀牛珊珊,我完全看不懂，一脸懵逼，真想有个人给我解释一下如何厉害，让我发自内心的崇拜一下大佬,253480135,1570325508
音陵小乐,东方铁粉鉴定完毕,346985554,1570323098
可爱滴瓜子,我要赞赞,366862743,1570319317
CreeperTCD,播放超过AV706了可还行,59254209,1570311784
国产小清新哟,完全看不懂，评论也看不懂[笑哭]连腻害在哪里也不晓得,386917499,1570299644
三生乾,为什么离开？,37807246,1570288554
哈默尔恩的吹琴喵,还没看先投个币再说,21775770,1570284790
昨日路过哔站竟然,啥意思，我为什么会刷到这个[尴尬],175385995,1570279478
安静做个肥仔,币比赞多可还行,369592485,1570276471
元方大爷,你是人？,44961492,1570274349
FQ_番茄酱,卧槽！真TM牛逼！,29750305,1570273569
阿尔托丽亚番徳拉贡,我关键时刻没硬币了,18771847,1570273164
厌君_YJ,外行人，俩字：牛逼！！！(破音),11600204,1570273152
NidHogg30772,怎么把图案弄到LCD上的？,297086865,1570272001
哲学-自由-快乐-蔡,6666,92991197,1570269398
Lv6丶一方通行,头发还在吗[惊讶],74178546,1570269288
小帅哥153,up主好厉害，果断3连[微笑],272338609,1570267814
打破_,为什么投币有上限,373115709,1570267630
修仙者一代,什么歌好听啊求大佬告诉一下,198694046,1570265388
lukesociety,虽然看不懂，但也一键三连系列,22039912,1570264465
黑衣教母君,www看不懂，俩字，np！QAQ！,473031259,1570252218
淡墨清秋QwQ,，，，完全看不懂不过好厉害的感觉,35917578,1570248776
龙舌兰靓仔,太酷了！！！！,206193459,1570247027
鸽之道一一咕声常伴,看不懂，但是应该很厉害。,294190784,1570246979
平成老玩家,所以up做了个啥，，我这个外行没看懂[无语][无语][微笑],85286237,1570246428
さんま,所以说对抗神经网络怎么badapple的-_-||,219438,1570246024
船长和臭弟弟,这歌有点吵,42848495,1570245560
元首的比利王呵呵,5.4万的老粉来装B了。[滑稽],430961666,1570244739
锋哥ACE,有没有大佬解释下bad apple是啥[笑哭][笑哭],39795805,1570242797
nn--大熊,他，还在bi站吗,145863069,1570240214
ai不予时光度流年,完全没看懂[笑哭],68199034,1570239793
记事本123,文科生的力量是有限的。我不做文科生了！,291906360,1570232582
自殺性救赎,第二次刷到了，不懂但还是要说个很厉害,354356872,1570216881
秃头的冉冉,阿婆主 我…看不懂（＃－.－）\n初一党瑟瑟发抖[微笑],474742066,1570215677
Tinkle_XXQ,牛批，面试官：能说一下你的项目在哪个地方用到对抗生成网络的吗？数据集是怎么获取的？代码如何集成？,8736341,1570213435
lingqiApril,不懂就问，bad apple是指什么，有点蒙,45607890,1570211890
可可蛇RC,比原作播放都高。。,275395546,1570200673
北风吹南风不吹,看不懂,34120164,1570197667
纯黑斯基,有点东西啊,6679269,1570196336
希灵指挥官,给大佬献上膝盖,283635910,1570192709
扬善_怼恶,今天我的心情特别沉重。哔站竟然给阿萨姆奶茶打广告。,81585900,1570191588
Meow0_o,日均8000行代码，真的nb[滑稽],1481831,1570190599
库巨苦巨,真有时间啊,6687626,1570188345
ぃ尐懒猫ゞ,我记得up主在发这个视频之前10w粉都不到的啊[惊讶],15669619,1570184095
鱼塘里试图翻身的白柯,我学会了！屏幕下面的红字[画风突变]是如何做成的,20322970,1570181215
贴吧_楼主,我给了两个圆圆的东西，但只会说卧槽牛逼的我应该得不到置顶[大哭],399565017,1570179790
贴吧_楼主,啥也别说了，三连牛逼就完事了,399565017,1570179521
Mirsuky,不明觉厉，四连给你,45443185,1570179390
耍蛇者说,家里有矿的大佬，不用工作的嘛？,22969143,1570170749
黑-白-调,真正的专业领域的技术流人才，并不适合在B站混。。。圈子不同不要硬融，在这里除了找点成就感，没任何意义，太过于技术的人根本火不起来，因为这里的大多数人只喜欢你的成果的那一瞬间，而不喜欢你制作的过程，甚至也看不懂。。。低端的反而很好生存，因为让他们觉得自己貌似也能做到。。。目前B站的状态就是低端娱乐为主，哪怕是三俗都能生存。。。,394297143,1570168634
浮沉梦,好吓人,4353720,1570168517
clzy22,up讲真我觉得你学的太杂了[笑哭]很想知道现在up从事什么工作,4912353,1570168372
爱吃大魔王的肉菜包,一个付出了这么多的人，值得我去敬佩,25648227,1570167336
潮落潮生波渺,说不出别的话，只有三个字，太强了……,2157114,1570164649
间宫卓司-,东方众除了我都是大佬[惊讶],284570046,1570162346
樱花雨落长空,大佬nb,21720922,1570161355
hy-FPV,666[尴尬],58825198,1570158003
露娜丶埃葵斯,感觉这个视频可以收获不少东方新人[蛆音娘_卖萌],57900454,1570118864
火花123,看不懂，但是有点牛逼,3970414,1570117926
枫林落樱,强哇！,15283954,1570117463
毫无存在感的粉毛,有屏幕的地方就有bad apple[小电视_赞],5648790,1570114917
叛逆巨龙,很神奇……\n每次我都忽略这个视频不看（完全不懂这方面的知识），每隔几天刷新，它又出现在我的推荐里[尴尬]\n大概五次了吧都要[画风突变],43684996,1570113313
尐亽物の傷,多年拍照，只为今朝！,111059079,1570112608
animie_,没有东方标签是真的...怕限流还是什么（而且还直超原曲100多w……,34987887,1570109054
小乔j,up用了13年自学电子技术知识？？？？？,31007380,1570108725
-纱凋-,可否给俺看看你的头顶[画风突变],35747309,1570095361
小糸侑的麵蛸,车万厨是神仙系列,472343106,1570092566
骨瘦嶙峋的文弱书生,这也太硬核了，根本看不懂啊,210012609,1570091592
我血中国红,我可能上了个假大学(ﾟДﾟ≡ﾟдﾟ)!?,39341394,1570082653
蓝图一角LT,首页通知书[2233娘_大笑],158304530,1570079263
嘉嘉嘉嘉噔噔,其实我也看不懂 就看个热闹吧 说不定哪天还能叫大神帮我修个电脑[滑稽],96253219,1570078812
丛雨ちゃん,有屏幕的地方就有bad apple,59399317,1570061480
云山小霜,过于硬核，不过看得出来很费功夫，。，,32914714,1570058216
Mr江丶湘,虽然没看太懂，但是牛逼就完了,113291517,1570041536
黑手人员233,bgm好评！,328332802,1570032587
叶潋央,虽然看不懂，但是很厉害的样子，大佬可以考虑往N站YouTube之类的传啊,73795095,1570031112
梅尔特--莉莉丝,？（这是啥？这是啥？这是啥？好像很厉害？好像很厉害？好像很厉害？三连了？三连了？三连了？）,110892577,1570030183
夏月蝉歌Change,自从看了这个视频，感觉我选电子是个错误_(:з)∠)_,294716216,1570029605
34572455654,没看懂,108055681,1570025954
MZ72,ん？为什么标签里没有东方project（恼,30177475,1570024650
戴凌萱,up主是哪里高就？,27353091,1570021565
菇凉有妖气12138,弱弱问一句，大佬你头发还好吗,11263019,1570020027
故人十一画_,我感觉可以拿这去面试了[呆][呆][呆],3255659,1570018505
我钟意你一人,奈何自身没文化一句卧槽来表达,10989526,1570005464
Bili_2738441,都是小钱钱[微笑],2738441,1570002671
LUGL,你技术这么好可以黑进B站服务器修改啊,176950263,1569998221
小酒壶一撞,这个好玩,6489017,1569994938
萌萌哒的铜锣烧,matlab给你真的是亏了,456932332,1569994904
风轻音,看不懂，但好像很厉害,356284403,1569991795
白磷_路游YOU,给大佬低头,42317810,1569991202
陌陌陌离,你终于完成了啊,14217769,1569988658
越吃月半,闪到我脑壳疼,8702713,1569988091
retaio,其实我不太看得懂[囧]就是觉得好像很厉害，但是不知道厉害在哪里,11287959,1569985376
K-siv小緈,旁边的黑色是原作，显示屏才是up主做的！,94897962,1569981978
zcs123,好像我在首页上每一天都能看到你[妙啊],16388965,1569981010
