uname,message,uid,ctime
w御宇,评论咋变这么少了？又删了?,49834006,1572959267
进击の肥皂君,在？  人在cn  刚刚睡醒 昨天评论2000+ 今天100+  问 ： 雇佣兵什么时候到 \n为什么这个精曰小团体何以这么嚣张？\n东方project在这之后就完了！！[蛆音娘_无语][蛆音娘_无语][蛆音娘_无语],2032027,1572956693
東風谷靈夢,成都也是有东方活动圈子的，涉足此地的车车人欢迎加q群834149868,331891291,1572940483
9鲁诺9巴纳,👴不关心这个，就问你什么时候道歉,436342605,1572933014
提督是中二病,我们能接受道歉但决不会光速原谅！,19883894,1572927461
提督是中二病,我的妈呀，都二位数评论了，还真当我们会放过你啊？,19883894,1572927440
e级沙包,在？为什么删评？,8490206,1572926030
禄存天玑,还在删？？？,2117299,1572924076
夕月朝阳,在？为什么删评？,85955748,1572920605
ミクのCharlotte,为什么评论越来越少了？[doge],14216346,1572915000
进击の肥皂君,在 ？  人在cn刚刚被删评   请问雇佣兵什么时候到？ 为什么一个精曰团体可以如此嚣张？？ 在这几天之后东方project就完了！！！,2032027,1572907127
天启Hammer对空,脚 本 惯 性,14638301,1572881857
林逸_晓,[支持],244768801,1572876208
SCP_403FBd,这个你做得对，给你点个赞，处理得好。,298005732,1572873974
Kotohime丶,笑死我了,3595603,1572867234
应天从物Nev,就等了各位同好,鄙人现在已重新上线评论追踪\n某咩在BA事件本篇评论区的一举一动都将记录在我的设备上\n详情请看cv3891603\n只是小小的工作,但是也带动了复数的兄贵加入了评论区保护和追踪的行列\n再次为他们表示感谢,也欢迎更多技术力的兄贵加入进来\n再次提醒某咩,请停止这种暗度陈仓的行为\n你可以欺骗善良的东方爱好者,但是躲不过数据检测的眼睛\n为防止被削除或沉默,鄙人恳请各位600勇士点赞保持评论热度,谢谢各位\n1022,391690264,1572864619
Kurokoma-Saki,十六分钟前还是60多，现在怎么就五十多了,238680490,1572862602
Kurokoma-Saki,我寻思着中午还是四百多现在怎么就不到一百了,238680490,1572861589
孤之流星,别转移话题啊，还有更重要的事你没道歉。,104388229,1572835921
Mr贝贝龍,这个处理我们没有意见，毕竟这个他是自找的，这个做得好,13882784,1572833743
十五夜咲夜-,有一说一，这个确实该死,8004797,1572833190
物部的八十平瓮,态度到位就好了，其实大家一直在等的只是一个态度，整个事件的起因，转折和将来的结局，肯定也和你的态度息息相关\n如果真的态度到位，没人会和你死磕下去，说到底大家都是人罢了，都有自己的生活，没有什么原因不会过分的关注任何人的\n好了，话说到这，我自己前两天在情绪偏激的时候有一些评论也有问题，可能会对你此前的无关动态造成负面影响，先删为敬，顺便道歉,10073133,1572830599
1997垚,可以停火了,10111026,1572830465
我-咸鱼一条,看看“脚本”会不会删我的评论,44562368,1572830461
我-咸鱼一条,厉害哦，你厉害，你群管理更是厉害，又是精日帽子又是雇佣兵，456级是车万人？真好，我也是车万人了，靠着ba涨了一大波热度，其中还有车万众的帮助，现在就这样对帮助你的人？别说这个事件里你什么都没做，也别觉得你委屈，你也没资格委屈，你群的事你没制止，你就是默认管理的意思。\n不说这些了，你怎么还没退站？不是五月一日就要退了吗？,44562368,1572830431
兰陵弟弟,恁还要说明多少下,354043527,1572830400
暗网业火,这是好的,397136382,1572830280
聪明强大的琪露诺酱,害搁这说明?用行动拿出点诚意来好吗?,12070284,1572830206
章鱼鸭,这个确实是玩过火了，就和你昨天对线魔怔了瞎发动态是一个道理，互相理解，不过你应该也知道得罪一个大圈子会受到各个方面的攻击了吧。So，既然你已经发了那些不知道是不是你心甘情愿的道歉了我们也不好说什么，就当接受了吧你以为这就完事了？没呢！JR帽子还没解释清楚你就想跑？其他的都道歉了为什么这个不道歉？还是说你意识深处里我们还是与日本关系密切的团体？还有你群里那个雇佣兵管理员必须得处理，要么叫他道歉然后给他30天禁言叫他好好补补脑，要么驱逐出群再设置成永远不得加群，截图为证不然我们是不会停的(别想敷衍了事，你以为你群里没有车万人吗)\n不过up我也是蛮佩服你的了，东方圈这么温和的一个圈子，除了内斗外基本不找别人事的一个圈子都能惹到，我只能说，impressive.,1968882,1572830139
--纯狐--,我寻思这里没人关心这个吧，处理你的雇佣兵去，这玩意儿跟你小粉丝说明去。,11526362,1572829973
医药费规划局,这个真的睿智，是敌是友都摁死算了,35829867,1572829931
假的阿喀琉斯,被骂到话都不会说了么..,46447145,1572829913
流光o,说明一下\n说明一下\n说明一下\n说明一下\n说明一下\n说明一下,580899,1572829903
支点与侧卫,这个弄死可以，对你的做法表示赞同，最后一个要求就是那个憨比管理了，交出来他咱们以后井水不犯河水。\n顺便我们不是“用户”,266702839,1572829845
葡萄酒里面的葡萄干,在？给课代表八云道个歉？,91424490,1572829796
二百卌,整挺好,11707348,1572829613
wqrd,好烦呀，你,35019441,1572829558
美国间谍羊大人,说明七下,472365872,1572829413
蓝琉32767,这个昨天中午就处理了……,13932031,1572829383
不要叫我去学习,没人关心这个哦,72805182,1572829361
