uname,message,uid,ctime
铃仙玖号,早上有考试，匿了，大家早点睡，注意身体[doge],39204593,1572971015
虚空来声,版聊。\n咱先睡了，各位注意身体。\n毕竟我们伤害的是身体，管理凉的是自己。,34360388,1572970962
4399一1111,删评别停[doge]道路，女人唱歌,2238480,1572970808
铃仙玖号,好了，先静观其变吧，来版聊[吃瓜],39204593,1572970725
茶道世家,在？咩大佐的新圣经咋还没出版捏？俺没有乐子啦,16908756,1572970719
天真-jpg,版聊这么嗨我也来[蛆音娘_滑稽]心酱我的，有人跟我抢吗,351492153,1572970675
乾团神様,本篇评论再次被清\n我在8点57分发的评论也被删了，断层还在继续扩大,93843993,1572970586
发新人,本来以为事情就这么过去了，后来才发现自己评论被举报删了。\n行吧既然宁要做背地里一套表面上一套的人，那我认为不用客气，直到洗地党撤出，直到你真心实意道歉（我认为不大可能），不在背后黑屁为止，我都会持续关注此事。你以为浮皮潦草的道歉就完事了吗？之后又可以指使自己的卫兵出来洗地了吗？\n我的回答是：不行！\n我相信所有东方众，跟我都是一样的回答。,38015492,1572970482
来过反,还开脚本控评呢，道歉吧！你侮辱了一群人的爱理应受罚还不知悔改，冲动是魔鬼不要一错再错了，人应当学会成长,15084894,1572970433
虚空来声,版聊。\n前天咩保持高硬度时对其行为的光速创作[doge]\n来看看吗[doge]\ncv3890508,34360388,1572970402
独孤丞太康,给在场各位的公告：\n保持队形，保护好自己，不要被对方水鬼抓住把柄，做到静观其变。\n——@独孤丞太康,288355728,1572970368
来过反,试试看评论会不会被删,15084894,1572970321
蓝琉32767,还搁这请水鬼？恁这样子不配为人！,13932031,1572970171
我咲夜没有戴PAD,将带火星的木条伸入装满氧气的集气瓶中（确信）,123899104,1572970105
天才小熊猫sz,雇佣兵？非洲的？生日快乐？多少钱一条啊？,321978784,1572970038
宁州广南,有没有人请咩去塘浦冰室恰个烧仙草,25406219,1572970004
unrealer,把管理揚了，剩下一切不用再做什麼了，那個管理那些言論屬實過分，說話不負責任,4568559,1572969907
威风堂々早苗酱,闭上眼睛刚要睡着，梦见自己在跳山羊，真.跳山羊，然后摔了一跤，醒了[doge],12209502,1572969896
邓昊远plus,咩大佐赶紧恰中饭，完事赶紧整活，600人还等着恁的新乐子呢[阴险],360270797,1572969835
7萝卜的松鼠,传教 欢迎加入幻想乡！\n幻想乡人杰地灵、英才辈出，有着丰富的历史底蕴和文化背景 众多车万人誉其为仙境。幻想乡人民热情好客，有天才绝顶的可爱冰精、热情大方的博丽巫女、温柔和善的花田主人、慈眉善目的隙间贤者、威严冷凛的吸血末裔......其旅游景点更是在幻想乡城管的带领下不断扩增：红魔馆、三途川、旧地狱、天界、月都、神灵庙、白玉楼、人里、永远亭.....无一不为绝美之景，堪当幻想之名。\n若想对幻想乡有初步的了解，请移步以下链接，幻想乡等着你的到来：\nhttps://thwiki.cc/\nhttp://game.granbluefantasy.jp/,10429629,1572969811
無名ハモニ,深夜版聊![蛆音娘_卖萌]\n聽慣了人聲/鬼畜后,要不試著來點東方交響/管絃吧[蛆音娘_OK]\n校友リサRisa的五分鐘東方組曲(按照他本人說法這還衹是未完成稿,以後會更長,包含更多曲目的):av33256174\n大型組曲幻想鄉世界,經典老物,強推:av1872327\nwddzyz的幻想鄉,UP仍然在不斷進步中,希望大家也去多多關注啊:av46039320,36022677,1572969699
あたい最強妖精チルノ,怎么感觉风向怪怪的,383186556,1572969630
海豚-Dolphin,问一下，他把整个b站爬虫了，把这件事告诉b站他会被橄榄吗,177303527,1572969623
劳资最牛批,车车人圈子这么温和，你的精日帽子扣完我们还能够忍气吞声鞠躬给你个台阶下，希望你的脚本不要像dio一样，刚走上台阶，又把你搬回原点,85664192,1572969610
Mr贝贝龍,在?来cv3891647乐一下咩呗_(:3」∠)_,13882784,1572969610
星期八的虚,安利一个动作非常流畅的还原向MMD，东方X猫和老鼠的，搞笑向\nav29083517,8917195,1572969575
幻梦樱璃,衷心提示各位不论是否东方众，也不论鸽派鹰派，先暂时休战，我们已经真正失去了一位勇士，没错，对方不再派阴兵了，而是水鬼，大家一定要先保障好自己的隐私再行动，冲塔固然可贵，塔下强A不可取，没人愿意因为一坨核废料而伤了自己。\r\r鄙人影响力不足，也不涉足贴吧，但我们还有机会团结其他势力，望周知。,227868562,1572969447
艾吉奥的披风,最新消息:现在电子群有一位群员(咕2016)愿意帮我们劝咩(虽然劝说成功可能性低)。但是还请大家在此不要发表一些过激言论,239332224,1572969386
来自遥远非洲的鸽子,大概还有三十人左右,262229374,1572969375
宁州广南,我推荐东方充电男音MAD，好吗？\nav188748,25406219,1572969331
偏爱O型红茶,好好做高技术力的作品不香吗？,22621311,1572969290
帐号已注销゚,睡了睡了，明天见,28474530,1572969266
天启Hammer对空,在？看看视频评论区,14638301,1572969234
東風谷靈夢,成都也是有东方活动圈子的，涉足此地的车车人欢迎加q群834149868,331891291,1572969230
Drs-Latency,话说各位喜欢哪些原曲？我比较喜欢秘封CD原曲，尤其是少女秘封俱乐部,36828603,1572969157
海豚-Dolphin,在？出来看你在群里的阴阳言论？https://www.zhihu.com/question/353654052/answer/878859062,177303527,1572969077
夕沙miko,睡觉前我就推荐一个主角组手书吧\rav912903,258993882,1572969030
北风级驱逐舰,咩大佐您雇佣兵子弹还够吗，600个东方众到现在才消灭5个？,382351097,1572968980
吉姬-豆豆-豆你玩,一个  日本中年男子  ，花了 1/5个世纪\n喝了  40,000,0箱  啤酒\n做了  17部  游戏\n最后只有  600个  粉丝,87570004,1572968716
铃仙玖号,好，今天能用大号版聊了[doge],39204593,1572968705
北墨淩寒,做好了做好了av74686336（狂喜）\n大家来看看吧,157696194,1572968655
蓬莱山雪月,东方的影响和强大远远抄出你的想象\n你只不过是把自己对东方理解强加于人，就这样还不罢休，学学中国红客联盟吧！人家在当年搞完美国之后就低调起来了，你呢？多学学历史吧,60375938,1572968585
帕奇利兹パチリス,感觉和加了一个千人qq群一样，感谢咩酱给众多车万人一个聚在一起聊天的机会（）,11569451,1572968567
超高校级的聋瞎,带佐还在睡吗[吃瓜],178340644,1572968487
暴力为了纱雾,兄弟们，该打✈️了,175057250,1572968442
来自遥远非洲的鸽子,各位来版聊吧\n先来报一下本命,262229374,1572968251
威风堂々早苗酱,不行睡不着，还想继续版聊[doge],12209502,1572968169
木兰花咲夜,草，推荐大会真就版聊了呗,178541666,1572968168
时空龙银龙军团,有没有信心弄到5000？,240293425,1572968117
eldTan厄火子,五东啦[doge],20278208,1572968110
时空龙银龙军团,3000评论了,240293425,1572968092
来自遥远非洲的鸽子,难忘今宵……,262229374,1572968089
被无视的LR,再来捞点经典手书\n灵梦与幻想乡av39577\n东方十代录av362776\n轮椅侦探小五av602368\n蓬莱人形杀人事件av1369617,13517814,1572968058
Drs-Latency,3东了，我又来推首歌了，FELT的《Beautiful Trick》，听起来特别美的一首英文歌，V姐作为日本人英语能说的这么好挺佩服的,36828603,1572968047
茶道世家,俺寻思按照这美国时间恁该起床了吧[doge],16908756,1572968032
Rikosisyou,这个mmd小伞打架超级帅 av65322798,27781185,1572967992
威风堂々早苗酱,该睡觉睡觉吧[doge]大家明天一起加油,12209502,1572967970
羁儿Official,睡觉了，看看明天咩大佐能整出点啥新活,38484649,1572967956
威风堂々早苗酱,推荐up主\n星廻宙-虚拟秘封病患\n宙酱天下第一[doge],12209502,1572967920
咩6324,来点老物推荐\nav397914,480262617,1572967919
懒挞挞的银蛇,五东了，新活警告,132935710,1572967903
余九堂,五东了，去睡觉了，米娜桑晚安（咩桑除外）,399574954,1572967874
威风堂々早苗酱,五东了![doge],12209502,1572967868
妖现惊梦,5号23点30\n突破3000,39624794,1572967859
余九堂,廣州有人射怪關我鳥事\n草,399574954,1572967856
待宵_Jan19,有人打则吗？游侠屎玉都行,13570732,1572967844
来自遥远非洲的鸽子,六东！,262229374,1572967835
羁儿Official,要 来 了,38484649,1572967824
余九堂,推歌\nbreakable girlz\n歌手3L,399574954,1572967812
北风级驱逐舰,他\n一个日本中年男子，\n用400.  000,  000  000行代码\n处理8,  000  000神明\n用20年做出了1 7部游戏\n最后只有600粉丝,382351097,1572967767
羁儿Official,xdm版聊5东gkd,38484649,1572967759
余九堂,av1600214\n推荐mmd,399574954,1572967701
梦符佳月,球球各位车车人康康俺做的东方vocaloid吧\nav12712621,2059519,1572967697
扬扬tjy,还在转移重点还搞事情?毛线啊你这迷惑操作,85288818,1572967678
时空龙银龙军团,唉，我靠，我评论怎么被删了好几个。,240293425,1572967665
浅寒轻晓,AV43738721特别喜欢这一个mmd，喜欢桥姬的不要错过！！,2739014,1572967650
H2SO3_,[吃瓜]我竟然没被拉黑，有趣,178642095,1572967610
威风堂々早苗酱,看见五东再睡觉[doge],12209502,1572967609
余九堂,五东gkd,399574954,1572967609
北墨淩寒,视频做完了（传b站了等审核）。有兴趣可以看看我动态[妙啊],157696194,1572967555
妖现惊梦,咩咩羊会梦见脚本删评吗？[doge],39624794,1572967535
被无视的LR,深夜mmd推荐\nav4772158\nav6245473\nav15752596,13517814,1572967497
萌萌哒的八世祖,咩 睡 了,85338225,1572967493
来自遥远非洲的鸽子,再凑一凑 凑个五东吧,262229374,1572967491
妖现惊梦,11月5号23点24\n转发53 评论2950 赞249,39624794,1572967447
caizy233,刚看了那个粉丝群的聊天记录，啥都别说了，打就完事了,282371956,1572967367
羁儿Official,给你个台阶下，你下到一半又走回去了，这不是找打吗（摊手,38484649,1572967360
秋水之溟,突然想到，最后一个问题，等这件事结束了，我们重新回到分散状态吗？有没有地方是像这样可以方便地开宴会的？这几天体验极佳,21804772,1572967315
杂菌污染,600车万动态版聊,6610983,1572967245
秋水之溟,睡前文艺复兴av2531372,21804772,1572967130
--纯狐--,【东方咩咩梦】贴吧绝赞实况中★\n点我看［分享图片］,11526362,1572967084
威风堂々早苗酱,勇士们都去睡觉了吗[doge]好好休息，明天继续，这咩皇怕是要睡到明天[doge],12209502,1572967076
北墨淩寒,做完了等审核。[微笑],157696194,1572967034
LVN-Zhang,我宣了半天群，还没问有没有皮丝厨\n野蛮过膝袜，我喜欢[画风突变],171292103,1572967032
杂菌污染,不死组世界第一！妹红最棒！！,6610983,1572966978
威风堂々早苗酱,20w暗杀兵，或成美国最大暗杀组织[doge],12209502,1572966890
新人帽,昨天我以为战争已经结束了还感到有些不舍，没想到今天还在继续,343055122,1572966883
孙笑哭,我比较关心那个管理员撤了没有,349927356,1572966857
茶道世家,在？卫兵不敢正面冲突改背后喷人啦？真就雇佣兵暗杀？,16908756,1572966851
摸鱼王零织,av57167500 恋恋手书，好康[小电视_赞],33107387,1572966837
Rikosisyou,小伞才是世界第一最可爱的！！,27781185,1572966829
来自遥远非洲的鸽子,如果可以的话记得在我不在的时候更新下战况……,262229374,1572966772
威风堂々早苗酱,我现在晚上失眠都不数羊了，一提到羊就开始笑别人都以为我傻了[doge],12209502,1572966728
Flandreeee,🐑的大脑思维真是令人出奇，听说🐑把只要跟国家或某些东西沾上一点关系评论的都举报成zz敏感（指越共），🐑带佐我发现你这动态里关于zz敏感的地方太多了，如图片里面字体是黑色的，这关联到了一些国旗当中有黑颜色的地方，也就是关联到了这个国家，既然跟国家有关，对不起，zz敏感举报了,380258255,1572966686
是→这样吗？,不得不说，这咩可真是近几天的快乐源泉[滑稽],1412499,1572966672
Rikosisyou,小伞最可爱了！！,27781185,1572966645
余九堂,闭上眼满脑子都是咩桑和管理的窒息言论，乐得睡不着觉,399574954,1572966624
DarkVinci,21人充电是什么鬼情况？[无语][无语],351895432,1572966556
一方通行的LastOrder,十一点了，我来顶替各位睡觉的勇士了,26714689,1572966479
妖现惊梦,五东冲鸭[doge],39624794,1572966461
万恶的大当家,带佐你可真有种,8549831,1572966431
茶道世家,在？大佐是想耗死围城的军队？谁耗死谁还不一定,16908756,1572966265
威风堂々早苗酱,我怀疑你们怕不是被自家脚本拉黑了，怎么喷人都不敢在动态里喷的，让大家都看看啊，反正我们才600勇士还倒了几个是不是，你有20w阴兵怕啥[doge],12209502,1572966261
微风旧梦,好良言难劝该死鬼，大慈悲不度自绝人,39310049,1572966222
路过的白夜叉,不是，本来以为这事过去了结果又出这些事。。。先观望观望，群管理的事最好早点解决吧,35313047,1572966213
秋水之溟,明天再来找乐子和宣传，大家不见不散[2233娘_耶],21804772,1572966152
妖现惊梦,目前最早的有关动态评论怎么只有100+了?我记得昨天还有四位数来着\n太强了，这就是寄删评于脚本?,39624794,1572966125
游荡的骑士,这羊不作声那就先撤了，这几天乐子找足了233,3928726,1572966025
威风堂々早苗酱,雇佣军们加带力度跟我们对线啊，别躲躲藏藏啊[doge]还有已经美国时间十点了，咩皇还不带着雇佣兵出来吗?还是怕我们600勇士了[doge],12209502,1572965999
余九堂,我也去睡了，因为学习情况咩桑发动态的时候我可能不在，但我回来的时候一定支持各位，希望咩桑也别搞什么背刺表面一套背里一套来继续浪费大家时间了,399574954,1572965973
东海之山,十一点了。。\n595位勇士们，我先撤了，明天继续(〜￣△￣)〜,33412300,1572965852
伊之巡,笑,266787830,1572965803
-因幡地为-,看来还是没爽够,43748585,1572965702
威风堂々早苗酱,加油，向五东进发[doge],12209502,1572965549
拔剑Sketon,悄悄宣传一下我的东方馅挂炒饭av66068229[doge],20339857,1572965506
psalms46,表面求和背地扩军，你这是东咩互不侵犯条约？,13061094,1572965430
王door传人,原本已经不打算追究这事儿了，但是……你这……算了,201402424,1572965425
余九堂,20个人充电了你还不打算出来解释下吗咩桑？（笑）,399574954,1572965416
369871C,就算有小规模自删，本篇10720－10725 10727－10759这种三十多楼大规模断层也没法解释。这几条动态应该是真的没删，但本篇似乎还在删,68376317,1572965297
蟠桃pt,我也因为这事彻底累了\n因为咩大佐带来的乐子太多了，我沉迷于此无法睡个好觉[doge],360743233,1572965284
权_powWwWwer,nani nani？又怎么了？这哥们又开始了？,71496835,1572965272
Z员外,现在生产乐咩视频的有多少,11593589,1572965272
余九堂,给爷出来！再装死您真对得起您那二十万粉丝以及这几天天天在评论区里的人嗷，还打算继续装死？因为你总是喜欢删喽，导致我喷到了友军，他更是因为你继续装死不打算出来解释清楚导致被喷，现在甚至放弃了当up，你这个恶臭不堪的人甚至把别人真正喜好的人给伤害到了，您是真的牛批，这几天你浪费了大家的时间和心情，你很开心你很自豪？,399574954,1572965258
羽中神夜,[2233娘_疑问],19247808,1572965254
来自遥远非洲的鸽子,虽说不太合适 但我也声明一下:\n我之后几天有事情处理\n可能就看不到我了\n所以说 只有493个了……,262229374,1572965204
白狼天苟犬走椛,今天👀了一篇文章，与君共赏\n“人非圣贤孰能无过，好人与坏人的区别，就是好人做了坏事会心生愧疚，以至于辗转反侧难以入眠，这是因为他的心是软的，而坏人做了错事，会认为理所当然，丝毫不会反思自己，这是因为他的心是硬的，人的内心中有一种叫做羞愧的东西，如同刹车一样，ALWAYS STOPS ITS OWNER FROM BEING DRIVEN TO THE MADNESS”\n感觉十分应景,13548943,1572964990
DarkVinci,ex面解锁了？,351895432,1572964967
江矢諏訪子,把车万当什么圈子了，以为随便说两句就可以拍屁股走人吗，宁的行为已经可以和刘女士相比了,274928879,1572964945
威风堂々早苗酱,大家不要放弃啊，虽然现在1东变成594了，但是大家还要加油啊[doge]不到1东等于0的时候绝对不能放弃，我们要继承前辈的精神啊，加大力度[doge],12209502,1572964883
涼宮秋夜,前有阿条钦点车万众esu苟，今有咩酱指车万为jr\n新难题[刘女士和咩大佐谁更恶俗，恶劣],159433035,1572964742
只是个新人罢了,有人能发我下咩咩人的高清头像吗？想整个低技术乐咩视频......,20874632,1572964712
威风堂々早苗酱,完了，595勇士又倒了一个[doge],12209502,1572964665
矢田丰,电脑终于修好了，过来随便说句话就走,16064374,1572964625
独孤丞太康,👴回来了，发生了什么？,288355728,1572964546
铃仙玖号,为什么不把你在群里说的话贴出来说明一下啊，表面一套背后一套实属没意思,39204593,1572964497
抗原大爷,声明：本人彻底被喷累了，因为这事心情极其不好，也不想和这破事扯上任何关系。现已自删评论。以后任何人都别和我提这茬，否则一律拉黑。,6949741,1572964489
蟠桃pt,你看看你啊咩大佐，删评删得有人自删我们第一时间以为脚本又开了,360743233,1572964400
余九堂,去贴吧看了看，看到了一个比较有意义的\n你们说作恶的成本咋就比用正常手段反抗作恶低那么多呢,399574954,1572964366
咖啡是浓的,咩大佐：你们再特么黑 小心我把你们的评论都给扬咯,38967690,1572964322
东海之山,我去别的动态看会[喜极而泣][喜极而泣],33412300,1572964319
eldTan厄火子,等等，各位冷静一下，有可靠消息，是自删！,20278208,1572964304
名字我已经吃了,各位兄贵早点睡觉💤，睡前截个图，明天再来清点人数,152958503,1572964303
外层空间之颜色,易者，复活！\nB站搬运的为数不多完整的关于易者的严肃剧情向作品，短篇手书。这篇对易者，红白，黑白，紫的塑造，以及幻想乡背后那沉重的『法则』的描述都非常的出彩。另外原作者作为扭曲的易者厨经常在P站迫害易者(\nav21740987\nav22471607\nav25251856\nav26144843,10913201,1572964295
沐夜muye,有无乐咩视频看啊太无聊了,302442642,1572964289
佐佐木琪露诺,一会删一会停，打一枪换一个地方\n和越共比赛游击战kana,107042878,1572964283
蟠桃pt,久   等   了,360743233,1572964260
余九堂,又没了，怕不是一下子发现了被发现了然后又躲了起来,399574954,1572964245
来自遥远非洲的鸽子,暗中观察,262229374,1572964204
蟠桃pt,开 始 了,360743233,1572964197
名字我已经吃了,目击中....盯,152958503,1572964192
清廉正直-射命丸文,你对得起我头上顶着的粉丝徽章吗！,23088148,1572964187
余九堂,记录一下现在的 2651,399574954,1572964177
余九堂,stand power\n绯红之王！删起来！,399574954,1572964124
托卡列夫毁灭魔炮,我们趁着夜深人静偷偷删评……👍,57935470,1572964120
eldTan厄火子,听说删起来了（消息可靠么）,20278208,1572964088
清廉正直-射命丸文,突然回来,23088148,1572964087
万恶的大当家,停止你的黑屁言论好吗？带佐,8549831,1572964085
来自遥远非洲的鸽子,今天晚上是最近最后能干的一晚上了,262229374,1572964078
妖现惊梦,是脚本，删起来[doge],39624794,1572964063
幻想中庭,乐子永不停，明个继续看。时间不早了，各位早点睡。,26566457,1572964032
佐佐木琪露诺,噔噔咚,107042878,1572964026
学轻功找禾舀上fly,刚想睡觉，你这一下子又给我整出劲来了,226328675,1572964016
Z员外,好家伙，智械危机啊,11593589,1572964011
来自遥远非洲的鸽子,来了来了,262229374,1572964005
露米娅channel,模拟删羊他来力,64257215,1572963996
拱火冲塔ky的小鬼,你一句失去理智就当道歉了，那我说我失去理智把你挂出来再道个歉也行？,12275970,1572963995
红萌馆dr女仆长咲夜,宁又开始了？？,160246761,1572963968
铃仙玖号,整挺好，今晚又能版聊了？[抠鼻],39204593,1572963966
学轻功找禾舀上fly,开始力,226328675,1572963953
学轻功找禾舀上fly,非我也，脚本也,226328675,1572963943
w雅雯,删了删了！真快呀！,14134659,1572963937
鉝116,又在删？跳了30多,22861950,1572963915
红萌馆dr女仆长咲夜,2649→2633？？？宁的脚本是开始产生自我意识了？,160246761,1572963896
这个头像真不错,谈则大门敞开，打则死路一条\n\n这个道理我们用了很久了[吃瓜],40001187,1572963880
妖现惊梦,要删了要删了[doge],39624794,1572963879
羽纶笔,咕嚕靈波（●′∀‵）ノ♡,35606011,1572963878
东海之山,目击删评中[吃瓜][吃瓜],33412300,1572963860
余九堂,开始了，咩桑的绯红之王又来了（不确定，不过回复时间确实有点离谱）,399574954,1572963842
西部party,是是是，一个拿过吉尼斯世界纪录的圈子是小圈子，一个在B站游戏榜待了四年多第一的圈子是小圈子。你这个“技术大佬”无人能及，联合国欠你一个吉尼斯世界纪录和奥斯卡金奖,352964591,1572963815
阿萨德两年,车车人没事不惹事来事绝不怕事今个就要让您老人家爽上天永远退出圈子,3934082,1572963800
东海之山,2638？,33412300,1572963798
学轻功找禾舀上fly,删起来力,226328675,1572963787
学轻功找禾舀上fly,版聊\n钢铁雄心部队编制是用七步二炮还是三步一炮,226328675,1572963775
超菜的Wan,你可还删得起劲嗷？,167515344,1572963728
名字我已经吃了,【水贴向】\n有没有温油兄贵推荐减压舒缓游戏啊，拜托了！这对我很重要！不）,152958503,1572963624
红萌馆dr女仆长咲夜,版聊，有广东的车车人吗？,160246761,1572963584
秋水之溟,整了点活，不能白写，宣传两下，[调皮]cv3906441\n没人的话我明天再来[2233娘_委屈],21804772,1572963507
禄存天玑,纯路人，有一说一，想看恋心9/9,2117299,1572963500
就是她吗゜,还在删评嘛,114275256,1572963486
名字我已经吃了,水水，经验＋1🍾,152958503,1572963479
あたい最強妖精チルノ,今早翻b博，囧仙大点兵,383186556,1572963462
纯粹的弹幕地狱,版聊，想抓个人陪我一起打绀珠传,444767543,1572963438
Flandreeee,版聊，世界征服者4求现代战争联合宣言普通难度攻略，我贴吧找到的攻略全是困难难度的,380258255,1572963424
心之泠羽,推荐作品av53033347,388429008,1572963412
小偷478,av298191我很喜欢的一个手书，推荐一下(=・ω・=),67654630,1572963402
haism,和知乎洗地的聊了一会，发现这人的双商远低于双商低于常人的咩带佐，，自己听不懂人话还觉得别人说话莫名其妙,22773221,1572963355
清廉正直-射命丸文,673973580，这是群号，各位来这里等华灯宴吧。\n都来可怜可怜破产记者吧[2233娘_汗],23088148,1572963334
外层空间之颜色,中场休息，来推荐点好作品\nAV11481，折射老哥操作的一个经典高质量手书，不过封面地灵殿丧尸妖精好像吓退了不少人。\n建议配合神弹幕观看,10913201,1572963121
1997垚,安利ao作品av25593008  质量和播放量不成正比  好作品不能被埋没,10111026,1572963042
极道八千慧bqingh,有八千慧厨吗？,15389640,1572962880
东风谷泪子,睡觉前突然想起来这档子事，就搜了一下。看来事情还没过去呢？继续推脱责任？打算自己给自己持续弄自闭咯？,10088950,1572962819
甲乙丙没丁,兄啊，你的一波操作已经没的洗了，还关系敏感，你把自己儿子和自己称作关系敏感吗233333，字里行间透露着不服2333333,24048624,1572962798
艾吉奥的披风,开始删评了吗？,239332224,1572962786
埃普西隆-泽尔格灵,我这个后方人员没上战场的不知道之前为啥也被黑名单了= =（兄弟们对不住啊）\n既然如此，我就发挥后方文化部的职能吧（误）\n（正在播放音乐：删评与说明）\n咩2016的主题曲。\n　    他是介于脚本与羊之间的感觉的传说中的生物。\n　    这首曲子也能同时感受到删评和脚本、盈利与过河拆桥，是一首奇妙的曲子。\n　    它是这次对线的关键人物之一，也许才到对线中盘，曲子稍微热烈一些。\n本播报员感觉这是八千慧被黑的最惨的一次。\n播报完毕（[doge],29103499,1572962782
来自遥远非洲的鸽子,评论确实减了……,262229374,1572962734
念月竹,那你是否能对于你因为不懂梗而把东方众给举报成功，包括1名uid三位数的事情给个说明呢?,23503079,1572962728
幻想中庭,?咩桑又删我评论?,26566457,1572962726
宇宙湮灭邪神,别光道歉啊，再给大家表演个退站呗[抠鼻],1302994,1572962549
北墨淩寒,剧透一下：是dio与鬼石面的[吃瓜],157696194,1572962478
学轻功找禾舀上fly,为我萌牺牲自己，加速车万统一的咩酱鼓掌👏👏[滑稽],226328675,1572962468
未落之秋,av665775发 现 新 大 陆 ，指恋厨（,36266332,1572962337
北墨淩寒,准备做视频了。大概今晚完成。,157696194,1572962320
小偷478,别叫咩大佐了，如果要二战的话改名叫墨索里咩吧。[吃瓜],67654630,1572962194
余九堂,版聊，你们安利东方成功过吗，我反正一次都没...,399574954,1572961915
米国雇佣兵头子咩带佐,兄弟萌我又把id改回来了,12391911,1572961860
醒后有呆毛,我安利暁records好吗？,18346245,1572961828
清廉正直-射命丸文,记者没钱力，不能再白给力[2233娘_汗],23088148,1572961625
秋水之溟,整了点活，宣传一下，[调皮]cv3906441,21804772,1572961315
你说这个名字好看吗,？我终于出来了,229786949,1572961314
余九堂,18人充电了有一个还把另外一个记者挤了下去，真就内鬼起家呗[doge],399574954,1572961199
来自遥远非洲的鸽子,来版聊\n哪位大佬来为这次事件贡献一个霸气的名字\n(无奖),262229374,1572961123
杂菌污染,awwwwww man,6610983,1572961013
冰狐墨言,creeper！,37415686,1572960870
小偷478,又怎么了？昨天不是道歉了吗→_→,67654630,1572960760
余九堂,cv1388901\ncv3335143\ncv2895881\ncv1259598\n\n无内鬼，整点屠龙的勇士变成了龙,399574954,1572960669
有馬贵將,我永远喜欢pad长！,10175174,1572960657
威风堂々早苗酱,带佐该醒了吧，美国时间也不是这样过的啊[doge],12209502,1572960536
蓝猫蓝猫蓝,咩2016在其本人Q群中扬言雇佣雇佣兵击毙车万众，系境外势力，建议击毙qqqxx @共青团中央 \n附上知乎链接：https://🐐www.zhihu.com🐏/question🐑/353654052/🐐answer/🐏878859062,32250046,1572960459
来自遥远非洲的鸽子,咕咕咕(发出鹰派的声音),262229374,1572960444
永江电力,鸽派、鹰派什么鬼www,454566790,1572960436
神乃木製作所,版聊，如果明天咩反咬怎么办？,392551002,1572960340
妖现惊梦,恭喜四东[doge],39624794,1572960327
UUZ_PRIME,就很快乐[滑稽],3854842,1572960280
艾吉奥的披风,我来当一当预言家，我猜咩一定不会善罢甘休。甚至有可能把事情闹大，然后反咬我们一口。,239332224,1572960261
563641,四东留念\n来迟了，，，,8019129,1572960239
Guy孜游,版聊 打则随缘C个主机115.159.91.168:46256 有大佬揍揍退坑木桩天子mua[doge],8542579,1572960174
薇奈特酱,新来的，不知道发生了什么，谁能说说这是颗什么瓜。,52879333,1572960105
来自遥远非洲的鸽子,忽然冷,262229374,1572959988
車万众,https://t.bilibili.com/317163839959221381?share_source=copy_link&amp;share_medium=iphone&amp;bbid=ffd3a8a82d5c13521c60a4f34a84ebdb&amp;ts=1572952633\n你好恶俗。,614154,1572959662
幻梦樱璃,我厚颜无耻预测一下，明天咩大佐就借着所谓的说明一下/补充一下/分享图片/分享动态，开始大规模反水，各位战友记得保护自己，尤其是鹰派同志们，发言前千万别留下把柄,227868562,1572959631
芙兰咄陆,版聊，这周心血来潮想做新视频，但短期内只能做一个，来这里集思广益，想看耶路撒冷王国历史地图的扣1，想看格陵兰历史地图的扣2,5153949,1572959587
来自遥远非洲的鸽子,四东留念,262229374,1572959504
落蛤雨,我笑了，我感觉到你对其他人的鄙视，蔑视。,173060969,1572959446
eldTan厄火子,四东[支持],20278208,1572959445
蓝猫蓝猫蓝,斯巴达三百人众（✖️）\n东方六百人勇士（✔️）,32250046,1572959432
外层空间之颜色,四东庆贺！\n米斯达落泪,10913201,1572959429
一般通过大酱,4东了,188493595,1572959398
余九堂,版聊，想到红魔城传说的第三个小故事，魔理沙突然跳出来用额头给灵梦测温度紫就在旁边看着，我顿时又想到了白学,399574954,1572959397
芙兰咄陆,版聊，俺今天的对线能量已经被榨干了，不知道明天恢复不恢复得过来,5153949,1572959226
邪馬台與桃姬,等一个咩大佐再来一条道歉(说明，然后理客中们开始以和为贵[笑哭],6831403,1572959226
来自遥远非洲的鸽子,……,262229374,1572959153
w御宇,本来我都不想吃这瓜了，要是你好好道歉了，说不定我就走了，这下倒好，宁可真厉害，谢邀人在美国，雇佣兵突突了,49834006,1572959105
外层空间之颜色,版聊，STEAM幻想乡萃夜祭过个图在树底下就卡住不能动了有解决办法吗？,10913201,1572958851
Z员外,咩酱已经7小时没有新活了，拉了拉了,11593589,1572958808
绿卡之荣,龟龟，塞尔达那边的新评论全给删了，宁是真的柳皮,41604952,1572958794
9鲁诺9巴纳,🌶️个管理员就是你自己⑧,436342605,1572958790
妹紅妹红碳,不仅仅是东方的债，还有塞尔达爱好者以至全体正版玩家的债你都给我还了。你习惯靠粉丝控评欺淩小众，或许得逞了一两次，但绝对别想第三次,5497883,1572958770
乾团神様,到目前为止，本篇依然在持续删评，且已经删了一大批（往下翻两下甚至能看到12小时前的评论），剩下的全是正常评论\n现在是11月5日晚上8点57分，我想看看我这条评论可以撑多久，也许刚发出来就会被删（刚刚亲眼看见几个刚发的被删了）\n你敢删我就敢继续发,93843993,1572958715
RagerWang123,借个地来问一问，steam上不可思议的幻想乡买标准版还是潇洒畅玩版？后者送的东西对游戏体验影响大吗？,7952047,1572958671
谷口稔,咩酱7小时没发动态了，想他（）,38800681,1572958576
懒挞挞的银蛇,二次创作(迫真)已经启动，下面给一点进展：\n\n6面boss 理想与敬畏的缺失体\r\n咩·2016\r\nMei Nireihiro\r\n\r\n种族：人类，删羊（变身后）\r\n能力：操纵程序脚本进行控制舆论程度的能力\n\n(本篇设定文档初稿已经形成，锐意制作中),132935710,1572958576
余九堂,2333,399574954,1572958524
来自遥远非洲的鸽子,恋恋世界第一！！！,262229374,1572958414
w御宇,你特么道歉能死吗？一出事就不归你管了?真厉害👍，你那个朋友真是倒拉八辈子血霉才认识你,49834006,1572958413
艾吉奥的披风,悄悄的问一句有西瓜厨吗？,239332224,1572958283
虚空来声,现在还有鸽派吗[doge],34360388,1572958008
咩6324,老 💗 婆 ❤️ 不💗 在 ❤️ 家 ？？？\n一 💗 个 ❤️ 人💗 寂 ❤️ ️寞 ？？？ \n㊋ ☆ 熱☆ 勁 ☆ 慡 ☆打 ☆ ✈ ☆ 游 ☆ 隵 ☆ 盡☆在  東方PROJECT 🔞 +🆔#博麗靈夢#,480262617,1572957962
eldTan厄火子,吃土乡整整一年没更新了,20278208,1572957929
秋水之溟,求咩酱符卡设定，我想整活，，，,21804772,1572957849
圣杯火,[爱心]+v看咩2016整活[爱心],19517474,1572957809
Element-Kyo,借地寻找云南车车人[doge],92351813,1572957809
羽纶笔,也没什么事干，推荐一下歌吧！stack的《dreamer》，栈姐萌死我了qwq,35606011,1572957714
b北极狐d,兄啊你怎么又开始了\n我这才刚点了取关，现在又得再关注一遍，，，,2289046,1572957663
Shamemaru_Aya,永远消失的幻想乡里莲妈好强啊,23154567,1572957627
Drs-Latency,推荐一部老作品《轮椅侦探小五》，b站有搬运有弹幕翻译，新官漫刚好就是小五当侦探，这部作品画风还是挺有个性的，不过剧情还是很好的，至少不像大冒险那么黑,36828603,1572957557
szfhsxr,https://t.bilibili.com/317163839959221381?share_source=copy_link&amp;share_medium=iphone&amp;bbid=ffd3a8a82d5c13521c60a4f34a84ebdb&amp;ts=1572952633 逼人骂粗口的鉴，自己看着办[小电视_差评],11619405,1572957555
外层空间之颜色,啊对了，大家记得评论区录视频截图复制评论，估计跟一号当天一样又要半夜删评拉黑了，可能我这粽子到时候又要躺下了,10913201,1572957462
Joker面具小醜,原來這裡是新版聊區,12213060,1572957449
圣杯火,无内👻,19517474,1572957103
咩6324,充电前三名全是无良记者草（,480262617,1572957100
杂菌污染,真就版聊啊,6610983,1572956984
海月晴岚,东方再添新作（指本事件）,312349235,1572956898
381预警,东方温泉关ex面：愉快的美国道歉壬  BGM：明日之硬、昨日之软,7023524,1572956862
威风堂々早苗酱,我现在什么也不想干，只想看咩皇什么时候把那个恰烂💰的BA删掉[吃瓜],12209502,1572956790
魏姜来,真的不希望再打二战了。\n态度诚恳点道个歉，交出口嗨管理员，以后不用ba盈利，这事就过去了。这么做对双方都很有利。不要总是把自己包装成一个受害者，犯错了就认认真真道个歉，知错能改善莫大焉,278071294,1572956743
来自遥远非洲的鸽子,看到大家乐咩乐的很高兴我也感到由衷的放心 今年下半年 鸽鹰合拍的大量视频即将上市 我将继续扮演up主 ，弘扬东方文化 文体两开花 请大家多多关注我[doge],262229374,1572956473
w雅雯,怎么干啥的都有呢！打则的！宣群的！安利视频的！我是不是应该喊一嗓子“谁**买小米！”[2233娘_大笑],14134659,1572956426
你02,你\n是技术大佬\n你喜欢删评\n你有脚本\n你有镇站之宝\n你从不把BA作为东方二创\n记住\n你的名字叫作\n咩乙己\n2016咩金手机\n钛合金脚本\n包裹UC进口小标题\n视网膜高清黑名单\n528万播放\n600人小圈子\n向雇兵的人生致敬\n2016咩金手机\n专属一对一保密脚本\n人机分离十米自动删评\n镇站之宝与N站原版只差一点点距离\n这段距离\n叫2000多万播放\n忘带会宣传\n丢失就删除\n脚本不工作\n粉丝不说话\n2016咩金手机\n隐形删评\n加密雇兵\n无痕迹tag\n幸福往往是宣传\n而恰烂钱却常常隐藏\n这就是B站\n你的车万\n文盲不懂\n隐形删评\n加密雇兵\n无痕迹加tag\n能一直装死\n会无能狂怒\n2016咩金手机\r\r-转自知乎某匿名大佬,38251675,1572956421
红萌馆dr女仆长咲夜,恕我直言，宁这波这操作简直堪比那个红警瘟疫两头臭的灵感挂王，真就打算死不道歉打太极咯？行吧，我继续恰瓜[吃瓜][吃瓜],160246761,1572956350
白给精英琪露琪露诺,东方温泉关EX面要开始了？,213300670,1572956292
GDZJRZJR,全在打广告草,6536049,1572956211
Mrknightzero,我终于被放出来了，事情好像又有变化了,12998959,1572956153
高葵不是我的真名,来咩本营宣传一下我弹的寄世界于偶像[doge]av74269493,210149784,1572956131
妖现惊梦,干啥啥不行，整活第一名[doge],39624794,1572956122
天启Hammer对空,*激烈的删评大战*（指视频）,14638301,1572956057
多多粮老伞,我就好奇群里面的随声附和的人怎么就不出来呢？,21891352,1572955954
蟠桃pt,版聊，推一下我写的cv3905721[妙啊],360743233,1572955862
52根绿发,众所周知，“Project爱好者”都是中小学生,356136688,1572955748
蓝琉32767,大家先休息一下一起去看看fbk怎么样[惊喜],13932031,1572955506
天启Hammer对空,有人让一位著名画家创作一幅名为《咩2016在道歉》的画。画完成后他前来验收，结果让他大吃一惊：画面上是一个成精的程序在操作电脑。“这是什么？！”他疑惑的问。“这是咩2016的删评脚本。”画家答道。 “它在做什么?” “删除视频下面的评论。” “咩2016在哪里？”咩2016在道歉。”画家答道。（复读）,14638301,1572955448
52根绿发,呜呜呜好冤枉一咩，群友顶着自己名字威胁别人侮辱别人，自己却不能阻止他们，呜呜呜好冤枉啊,356136688,1572955373
犹格索托斯的残芷,迫真道歉打太极嗷,1761949,1572955279
szfhsxr,16个充电的就有11个明显看得出来的东方人，宁們就是双面间谍？[吃瓜],11619405,1572955277
Guy孜游,咩某造梗太不勤快了  好无聊  那么问题来了有人打则吗（,8542579,1572955149
多多粮老伞,如有中国民航大学车万人路过，请加群730407982,21891352,1572955091
清正廉明铃兔子,给咩大佐以历史，而不是给历史以咩大佐\n咩大佐！请恶俗我们600车车！\n哦内该！\nhttps://t.bilibili.com/317163839959221381?share_source=copy_link&amp;share_medium=iphone&amp;bbid=ffd3a8a82d5c13521c60a4f34a84ebdb&amp;ts=1572952633,1800830,1572955090
lames233,有哈尔滨的东方群吗,266404423,1572955042
東風谷靈夢,成都也是有东方活动圈子的，涉足此地的车车人欢迎加q群834149868,331891291,1572954916
皮皮杂,🐑桑恁㝶㑻畢锶嗷,15293121,1572954912
--纯狐--,胖咩笑咩摸咩吃咩,11526362,1572954899
皮皮杂,咩桑迪亚波罗说，建议镇魂曲处刑,15293121,1572954860
阿伟4了,无内鬼，来点军阀🐑笑话,10691943,1572954755
雪は次第に雨となって,异变还没结束吗[无语],275391197,1572954687
秋水之溟,无内鬼，有无咩的符卡设定？求求,21804772,1572954512
一条两条归桥,有没有福建车车群[doge],11357435,1572954302
小马就是正义,有没有收我这个单纯对东方里的人物路人的群[滑稽]\n    事情发展到现在我这个吃瓜群众开始觉得这个up是不是傻了\n\n     有技术没脑子骚操作倒是如同老母猪戴套一套又一套的[笑哭],7811214,1572954286
蓝色火焰AoiHonoo,无内鬼，明天就是人生导师松冈修造的52岁生日了，让我们祝福他永远年轻有活力！诞生祭合作预告地址：av74596769                         话说都在推荐东方怎么就我推荐音 mad合作？有东方热血汉合作？那没事了,22287922,1572954276
拖延怪-月夕痕,不要停下来啊~先拿下个四东吧[吃瓜],12308820,1572954218
清廉正直-射命丸文,为了支持咩酱，给咩酱充了200个电池。咩酱要加油，干爆这群自以为是的憨批车车人！[蛆音娘_滑稽],23088148,1572954139
本天才才不是BAKA,我为曾经关注过你感到耻辱,36716813,1572954103
efuious,感觉明天还有瓜可吃[吃瓜],144096235,1572954052
LEOS_00,https://www.bilibili.com/read/cv3888874,456672104,1572954000
超中校级的幸运,屑，还不去二号树看看你有甚么东西挂在了那上面,21576177,1572953838
无心维C醚,圈外看戏人问一下……为什么睿站要限流东方？……,22764365,1572953826
阿伟4了,👴全想起来了，你是替身使者，就是你射杀了杰洛，宁可真是带恶人,10691943,1572953775
强势的天子,川渝东方高校群834149868，欢迎巴蜀利亚车万大佬光临！,15187808,1572953740
東風谷靈夢,成都也是有东方活动圈子的，涉足此地的车车人欢迎加q群834149868,331891291,1572953723
余九堂,还有人吗，求推荐点男声同人曲,399574954,1572953664
羽立今天又咕了,有些人玩群星开了存档\n建了几个边境哨站便觉得自己统治了宇宙\n踢了一脚堕落帝国——看着这家星系真少，让爷寻个乐子\n没想到自己被橄榄了\n最好笑的是每天堕落帝国都在发休战请求，但是他从来点不到接受\n后来被推到母星了，拉下脸签了条约，堕落帝国把星系还了打道回府\n结果还没超空间跳跃，他又把休战撕了\n你说他是不是有点好玩[2233娘_困惑],2982041,1572953611
游荡的骑士,借个地儿推荐一下春光献祖国，xswl,3928726,1572953540
Lemon_Black_Tea,咩皇！我们欠你一个中指，你个伪人，我现在就想说：我真TM谢谢你，让lz知道我是不爱国的人,381846390,1572953468
余九堂,草看明白了，咩桑的播放量靠东方project用户（确信），充电也差不多全是，连几千评论都是我们盖的，不是他没看清，而是他看的长远啊,399574954,1572953451
来自遥远非洲的鸽子,不懂就问 \n如果管理是咩本人 那么咩就全天不睡觉 或者根本就不是留学生\n如果管理不是咩本人 这么屑的管理真的有留着的必要吗？\n所以三种可能:1.咩不需要睡觉 2.咩不是留学生 3.咩和管理都是傻的？哪种为真？(欢迎补充),262229374,1572953422
秋水之溟,2000,21804772,1572953404
游荡的骑士,谁能给我科普下什么时候，在哪里出现的鹰派鸽派这个定义的？,3928726,1572953360
爱着太阳的星辰,在？为什么删👴🏾的评论？,11437544,1572953258
HInanawik,我寻思之前的事不是完了吗怎么又闹一波???,214394846,1572953238
艾吉奥的披风,经 典 回 顾\n圣 经 诵 唱\n带 佬 求 转\n十 五 自 捞\n超 越 本 家\n百 万 脚 本\n阴 兵 洗 地\n六 百 勇 士\n全 员 文 盲\n扣 帽 达 人\n雇 兵 黑 水\n赵 弹 打 击\n迫 真 论 证\n群 内 蝗 弟\n群 外 死 狗,239332224,1572953200
刹那N落辉,打卡,11055237,1572953100
Z员外,https://t.bilibili.com/317163839959221381?share_source=copy_link&amp;share_medium=iphone&amp;bbid=ffd3a8a82d5c13521c60a4f34a84ebdb&amp;ts=1572952633 鉴不鉴呐,11593589,1572953004
滑jin233,过于草生.....,355341483,1572952931
瞳落baka,高 技 术 力 AI \n评 论 断 片 术 \n真诚建议关闭评论区这样就不用评论区断片了,4172432,1572952897
夕月朝阳,这就跟看电视一样，大起大落，[喜欢][喜欢]往往在你想不到的时候又来个剧情转折，这番不错，追了,85955748,1572952884
Forward_マーシュ,有无秘封曲安利[小电视_害羞]（最近秘封病没犯好不习惯（暴言）,32243159,1572952857
街角的单行道标,狐尾草社团天下第一！,4893677,1572952832
東風谷靈夢,成都也是有东方活动圈子的，涉足此地的车车人欢迎加q群834149868,331891291,1572952669
梦符佳月,俺充了电恁还删俺评论，👴枯了,2059519,1572952526
来自遥远非洲的鸽子,我做三羊奶粉 好吗,262229374,1572952460
9鲁诺9巴纳,咩带师一到店，所有创作的人便都看着他笑，有的叫道，“咩带师，你脸上又添上新伤疤了！”他不回答，对圈里说，“温一个烂苹果派，要一个镇站之宝。”便排出500多万播放量，他们又故意的高声嚷道，“你一定又偷了人家的东西了！”咩带师睁大眼睛说，“你怎么这样凭空污人清白……”“什么清白？我前天亲眼见你偷了东方的bad apple，吊着打。”咩带师便涨红了脸，额上的青筋条条绽出，争辩道，“做bad apple二创不能算偷……同人！……搞创作的事，能算偷么？”接连便是难懂的话，什么“不懂bad apple和东方project的关系⑻”，什么“600人”之类，引得众人都哄笑起来：店内外充满了快活的空气。,436342605,1572952455
余九堂,来点不一样的碎月\n秋雨未央\nhttp://www.kuwo.cn/play_detail/4035437,399574954,1572952427
这个ID估计没人注册,川  剧  变  脸,291223027,1572952416
高葵不是我的真名,有多少芙兰厨在版聊现场啊？[吃瓜],210149784,1572952416
沐雨橙风°,来了来了,8338700,1572952414
秋水之溟,你够了，我无法忍受你的行为，现在你将成为小黑屋的议员,21804772,1572952394
乐乐森,等一个Phantasm\n甚至OVERDRIVE[支持][支持][支持],12307353,1572952376
梦符佳月,先充再骂，效果放大：\n\n迷惑表达，说明几下；\n欺软怕硬，真滴8行；\n动态装怂，群里超勇；\n智熄计算，小众车万；\n滥用技术，暴力恐怖；\n两面三刀，缺脑细胞；\n读解零分，借刀杀人；\n不识大局，贻误天机；\n忘恩负义，迫真统计；\n消耗信任，自欺欺人；\n过河拆桥，背后捅刀；\n廿万粉丝，全是僵尸；\n根据地少，内鬼当道；\n亲疏不分，得罪是真；\n有几个钱，国外读研；\n中二不好，早日治疗。,2059519,1572952342
中二の死宅哥,从一个群里了解你和东方众搞事情\n咱也不知道具体  \n咱就想知道\n所谓的退站   你是打算明年退  还是后年呢\n还是说你知道以后老了离开人世是8月份[吃瓜]\n毕竟今年8月份几乎日更\n东方众的事情我不去了解  也懒得了解\n不过你这个人确实有问题\n说到做不到   \n我寻思5月1是劳动节不是愚人节[吃瓜]\n要不要解释一下你的退站,399447987,1572952334
只是个新人罢了,只要身为车车人，谁都会在一生中梦想进入一次咩吧600勇士整活英灵殿恰一次羊肉。所谓乐咩人正是以车万600整活勇士为目标的整活者之人！\nBGM：https://www.bilibili.com/video/av8082732?from=search&amp;seid=13474014461446993087,20874632,1572952317
好想侵犯小伞,我不能决定群友的聊天内容，但我可以决定评论区的聊天内容,3138422,1572952313
这个ID估计没人注册,草，上镜了,291223027,1572952203
一条两条归桥,？？,11357435,1572952161
miku511,哇原来才600人啊，当初我偷偷上网时，二次元不是初音未来就是东方project，原来才屈屈600人,11347018,1572952149
LVN-Zhang,安徽东方群698852727,171292103,1572952109
戈鲁多,咩元帅玉音放送:根据头像就能看出是东方吧的那群s*。\n那咱都换成您的高雅P图作为头像看看您还敢骂吗？,331281233,1572952054
余九堂,记录一下，现在1925,399574954,1572951990
科瑞林,我就看看吧[嫌弃][嫌弃],33474027,1572951989
来自东♂方的哲学家♂,推荐：千年组神曲（个人认为）：Necro Fantasia[滑稽],1708305,1572951855
来自遥远非洲的鸽子,喔 评论又少了十几 可喜可贺 可喜可贺,262229374,1572951808
红梅陷阱,甚至开始充电，妙啊,184299109,1572951770
机巧影花不会怀孕,雇佣兵呢，快出来火拼呐[小电视_我好兴奋][小电视_我好兴奋],1747987,1572951711
我是姨丈公,高技术力体现在过河拆桥，脚本删屏，咩式统计的up主。,2198285,1572951665
谷口稔,他改变了国内东方圈,38800681,1572951615
竹林食兔锅-墨彩,有独人13内味了,35313207,1572951571
秋水之溟,有内鬼，请大家吃小饼干av11059918,21804772,1572951433
比那名居奏子,有没有天子厨[吃瓜],334567579,1572951429
来自遥远非洲的鸽子,……,262229374,1572951190
米国雇佣兵头子咩带佐,兄弟萌有没有好的音乐社团推荐，做古典风格的，做摇滚乐的，做hardstyle的[吃瓜],12391911,1572951183
托卡列夫毁灭魔炮,……,57935470,1572951176
Drs-Latency,继续版聊，推荐首石碱屋的《id恋し いと恋し》，这个社团特别老了，05年成立的，不知怎么感觉国内好像没人知道,36828603,1572951149
秋水之溟,无内鬼，推荐点好☆作☆品，av38959413,21804772,1572951109
吾乃老哥并非老鸽,咩2016 推 动 大 一 统 局 面,87200207,1572951074
梦符佳月,为了防止这货冷处理，导致连续剧停更，也为了丰富车车人的精神文明生活，👴给他充了电,2059519,1572951040
来自东♂方的哲学家♂,复读一遍：建议对东方同人音乐感兴趣的和还在入坑边缘观望的朋友看下这个视频av1095131来品味幻想乡独有的魅力（暴论）,1708305,1572951004
风巽虚,我寻思这tag还是没有加啊，这金手就这么难抬？,19848666,1572950980
ミクのCharlotte,没wifi也要看！咩和雇佣兵陷入车万的重重包围， 场面过于惨烈。\n🚚🚗🚓🚕🚗🚕🚙🚗🚚🚕🚲🚚🚲🚙🚓                                                            🚲                                                        🚕\n🚙       🚗              🚗                          🚓\n🚒                     🚒                     🚕    🚗\n🚕        🚙                                          🚙\n🚙                     💂💂💂                      🚗\n🚗        🚓🚕     💂🐑💂   🚚🚚             🚌                                         🚚                    💂💂💂                      🚲\n🚗                                                          🚙\n🚙🚗🚒🚗🚙🚗🚕🚕🚙🚚🚙🚗🚲🚙🚗  \n  当时太快忘了截屏 大致就是个情况 大家自己体会,14216346,1572950966
来自遥远非洲的鸽子,三东好评,262229374,1572950957
Saris-Osa,战 地 5,431674387,1572950952
余九堂,我不记得刚才是1851吗，可能看错了吧...,399574954,1572950935
湖葬-,三东了,238210116,1572950882
醒后有呆毛,人数都3东了,18346245,1572950823
佐佐木琪露诺,东东东（指三个东 无fuze意味）,107042878,1572950820
GhrothExile,不然我们是什么，車万波兰人？[吃瓜],11939462,1572950726
机巧影花不会怀孕,三东纪念日,1747987,1572950673
563641,三东留念,8019129,1572950540
余九堂,无内鬼\n再推荐点好歌\nav50659036\n最喜欢3分20秒之后,399574954,1572950532
ミクのCharlotte,东方智械咩谭 ~ Script Operator and Dumb Sheep,14216346,1572950463
Drs-Latency,闲着也是闲着，分享一下thbwiki看到的有趣情节\n二轩目\nZUN问在场最远的观众是谁。\r\n\r\n囧仙\r\n我是中国天津来的。\r\n台上的人\r\n坐飞机来多久？\r\n囧仙\r\n三个小时。\r\n台上的人\r\n为什么要来这里？\r\n囧仙\r\n我最喜欢ZUN了。,36828603,1572950426
骊驹_早鬼,行了，看样子还是心里有鬼，我代表个人撤销和平条约，进入战争状态,49218887,1572950422
伞U3,隔壁囧仙在阅兵啦，看到的车车人都去看一下呗,20808271,1572950409
Saris-Osa,唉爬爬爬爬爬赶紧的爬,431674387,1572950375
艾吉奥的披风,你这地板是泼了油吗，怎么这么滑,239332224,1572950345
机巧影花不会怀孕,快3东了[偷笑][偷笑],1747987,1572950308
超级果汁盒,没wifi也要看！咩和雇佣兵陷入车万人的重重包围， 场面过于惨烈。\n🌴🌴🌴🌴🌴🌴🌴🌴🌴🌴🌴🌴🌴🌴                                                                🌴                                                          🌴\n🌴        🌴              🌴                          🌴 \n🌴                      🌵                     🌴     🌴\n🌴         🌴                                            🌴\n🌴                     💂💂💂                      🌴\n🌴        🌴        💂🐑💂   🌴              🌴                                                 🌴                     💂💂💂                      🌴\n🌴                                                          🌴\n🌴🌴🌴🌴🌴🌴🌴🌴🌴🌴🌴🌴🌴🌴  \n  当时太快忘了截屏 大致就是个情况 大家自己体会,41323573,1572950256
彩華桑,无内鬼，来点车万笑话\n各国投选最爱的车万角色\n美国投皮丝\n俄罗斯投幽香（指国花）\n英国投恋恋（指国花）\n中国投美铃，纯狐和娘娘\n法国投降,14434928,1572950095
清正廉明铃兔子,新番更新啦！大家快来看啊！,1800830,1572949990
来自遥远非洲的鸽子,提问 乐航的二次创作多被称为东方鬼畜音mad(暴论)\n那么乐咩的二次创作应该叫什么?_?,262229374,1572949952
幻境安之匙,草 你看看自己言辞什么玩意 合着您还给自己洗地呐?,308019621,1572949939
海月晴岚,评论区无论遇到什么困难，也不要怕，微笑着面对它，面对困难的最好办法就是控制评论，引流就是胜利，加油，奥利给!!!,312349235,1572949895
赤色之洋,充电的咋有九个都是车车人,208824802,1572949852
高葵不是我的真名,大佐，囧仙在隔壁b博点兵呢，要不去看看？,210149784,1572949821
余九堂,起来乐咩了！\n谢邀\n实名反对楼上所有答案\n人在美国 刚下飞机\n――――\n哇，一觉醒来竟然这么多人踩，第一次回答没想到这个待遇谢谢大家\n再补充几点\n关于评论区的xx用户的回答已经很完善了，我再删掉几楼\n–––分割线–––\n多图预警，多图预警，多图预警。\n重要的话说三遍\n该评论已被删除\n该评论已被删除\n该评论已被删除\n现在月收入20w左右。\n东方project用户太多，ba利益相关，匿了。\n――――\n评论区好多人在酸。信不信由你吧，我只能说世间所有不公平，都是因为没有太多雇佣兵导致的\n————,399574954,1572949783
芙兰朵露ー斯卡雷特,bad apple与东方关系敏感？啥意思？就不能老实道个歉么？部分群友？你是不是也会四重存在[滑稽][滑稽][滑稽],46282099,1572949708
彼岸相梦,宁这一整现在还有人愿意相信你吗,38413898,1572949697
HAWKSboy,放白屁阴阳怪气？,19032185,1572949658
来自遥远非洲的鸽子,你这人啥乐咩二次创作都不会 你来这儿干啥,262229374,1572949654
--纯狐--,来版聊，啥时候能出个纯狐的手办？,11526362,1572949632
模拟删羊2019,咩？,414263439,1572949629
幽明求闻,和电视连续剧一样，给劲嗷[吃瓜],9521829,1572949536
-八雲,等下这人不是道歉了吗 又整啥活了？,275529456,1572949434
机巧影花不会怀孕,咩大佐呢，出来和595勇士来对线啊[偷笑][偷笑],1747987,1572949422
msdkal,咩带佐，隔壁囧仙集结了595名车万勇士和9500名车万伪军大阅兵呢，您不去参观一下吗[笑哭],82833203,1572949317
妖梦酱的小麻薯,六百勇士整合在哪呢，我想看看我上榜没（第一批可能性微存）,34790800,1572949220
帕奇利兹パチリス,你儿这儿人儿，根儿本儿啥儿东儿方儿二儿次儿创儿作儿也儿不儿会儿！（指给ba开除车籍）,11569451,1572949190
Drs-Latency,既然都版聊了想请教一下yonder voice的CD国版和日版有什么区别，一直都不太了解这一点,36828603,1572949161
彩華桑,东方智衡失存~error by chaos 埴安神咩姬被收蒙骗的地上车万人打败后力量消散大半，因无法控制py3脚本大军被反噬。昔日发号施令不可一世的造谔神被造物脑控，变成一具谔俗不堪只会heip的傀儡...,14434928,1572949126
艾卡苗,突然想起 黑名单居然还能照样充电，还给我粉丝勋章草   我把粉丝勋章还给你 你还我小钱钱呜呜呜,37900009,1572949086
来自遥远非洲的鸽子,自从咩发了这个动态之后 我就彻底鸽转鹰了 咕咕咕,262229374,1572949057
LVN-Zhang,重庆大学车万群340224547，就算不是重大人，我们也会热烈欢迎\n川渝东方高校群834149868，欢迎巴蜀利亚车万大佬光临,171292103,1572948935
帕奇利兹パチリス,＊狂热的咩某不停的黑屁＊,11569451,1572948927
秋水之溟,哼，哼，哼，啊啊啊啊啊啊啊啊啊啊啊啊！,21804772,1572948861
过路的旅者,我本来是来回顾一下自己的战果的，现在有人能告诉我咩发了上条动态，然后我们接受道歉之后又发生了什么吗？[2233娘_喝水],13021130,1572948856
孙寻真爱,在知乎看到问题过来的，各位，发生了啥事？过河拆桥？[妙啊],304236918,1572948846
水平思考的河童,高考作文生成器？,4366818,1572948787
艾吉奥的披风,所以，删评停止了吗？,239332224,1572948758
江矢諏訪子,第 二 次 世 界 大 战,274928879,1572948746
一般丢塔寅丸星,好 戏 开 场 顺便有没有温州的车车人啊(´；ω；`)\n松原的也行啊(´；ω；`),38818971,1572948668
来自遥远非洲的鸽子,来版聊\n你们最喜欢的东方正作是哪一步？,262229374,1572948622
鈴仙_優曇華Official,草恁就是海绵体？,12129724,1572948620
涼宮秋夜,放人引发了空前的乐咩热潮，，，,159433035,1572948453
彩華桑,刚刚谁版聊叫我打gzz的\n      ⭐⭐⭐⭐🌚⭐⭐⭐⭐⭐\n⭐⭐⭐⭐⭐🇺🇸⭐⭐⭐⭐⭐⭐\n⭐⭐⭐⭐🌚⭐🌚⭐⭐*biu*⭐\n啊啊啊啊（目力）,14434928,1572948396
彼岸相梦,🐑是怕车万人无聊又出来整活了吗，实属大善人,38413898,1572948359
懒挞挞的银蛇,回想一下，再过去几天里，我先是成了丈育，然后又成了jrgd，紧接着又变成了cia，同时还被24w阴间雇佣兵追杀。\n经历有够传奇，洒家这辈子值了,132935710,1572948266
懒挞挞的银蛇,好，又两东了！,132935710,1572948171
只是个新人罢了,《明明只是扣了精日文盲CIA特务几顶帽子的我为什么会被喷到这个地步！》第二季绝赞放送中！,20874632,1572948147
Firefly219,看了下给up充电的人东方众还挺多的,27127561,1572948106
777473838,吃🍉,199357312,1572948063
余九堂,我原以为烂尾了，没想到第二季又搞起来了,399574954,1572948036
懷古傷己,EX面开打，坐等PH面,227075311,1572948031
万恶的大当家,铁阴阳人,8549831,1572948005
黄豆Chara,不过……谢谢你把我从黑名单里弄出来，虽然我当时只发了3个问号？？？,179044995,1572947839
外层空间之颜色,往好了想咩先森这一手操作成功让鸽派老哥转成鹰派，为接下来战斗提供了良好的环境，继咩先森成功让各不同理念的东方众放下成见统一战线，再是另全员成为鹰派，成功的提供了让大家互相理解的平台\n咩先森恁真是个带善人(捂嘴笑),10913201,1572947799
游荡的骑士,有没有山西tho群收留的？,3928726,1572947795
永江电力,https://tieba.baidu.com/p/6325295222\n把我笑死,454566790,1572947763
以色拉费,感谢大佐帮助东方团结一心,35892743,1572947741
黄豆Chara,本来以为事情已经结束了，\n高兴的我不要不要的\n……………唉,179044995,1572947734
艾卡苗,宣群都有了  整个评论区画画gkd,37900009,1572947720
Drs-Latency,突然好奇大家怎么入坑的，我正好是从bad apple入坑的，以前听说东方有一百多个人物一直不敢了解，直到看到bad apple对里面人物突然有种想了解的冲动，然后就一发不可收拾的落入东方的坑里面了,36828603,1572947632
黎魂冥雾JK88,被一个来自东方的神秘力量所打败,321029973,1572947522
某珂学的珂学家,发生了什么(°∀°)ﾉ,144645142,1572947513
余九堂,圣 经 咏 唱\n我就不懂，为什么东方人说自已是月共\n要说黑名单还是有的，但是数据库还是有的，分为十五个优先级\n他们拼命想把我搞成NBA，搞得我也想把他们搞成NBA（说实在的这个没看懂）\n还是想告诉你一下，帮你说话的不是为你好，是想让你死。,399574954,1572947476
万恶的大当家,自己感觉自己很委屈,8549831,1572947446
只是个新人罢了,为什么我每条动态都整活却没上咩吧600勇士整活英灵殿恰羊肉......,20874632,1572947435
haism,我佛，带佐说东方吧人骂他，反东方吧人挺他，结果去反吧一看，也都是骂他的，，真就民族大团结呗,22773221,1572947422
近战法师ex,不知道说什么了，视频挨个举报吧[阴险],41355221,1572947420
谷口稔,能激起佛系车万众也是一种本事...,38800681,1572947420
来自东♂方的哲学家♂,给了台阶偏不下，这下可不能说车万人霸凌你了吧，五天时间换来一手背刺，咩大佐希望你今后在社会上遇到什么事也能这么硬气，毕竟车万人已经算是脾气好的群体了,1708305,1572947334
塞克马克赛,能为了一件事花这么多心思,238164343,1572947253
隐岐奈偷走了重要的ass,有人玩东方之魂嘛？爷刚打到红师傅\nyou dieyou dieyou dieyou dieyou dieyou dieyou dieyou dieyou dieyou dieyou dieyou dieyou dieyou dieyou dieyou dieyou dieyou dieyou dieyou dieyou dieyou die,23722118,1572947184
涼宮秋夜,版聊时间（,159433035,1572947171
莫得感情的声豚,经过这么多天下来，这个up我不会取关了，评论区看戏比视频好看多了JPG[doge],28025040,1572947166
暴力为了纱雾,我到b站只对过两次线，一次lol相关的，还有这次，不得不说车车人是真的素质高，基本没有直接开骂的（可能是对面人太少吧）。但这么好的态度依然换来这种态度我是真的无fa♂可说，现在只想说：啊♂我要搞♂死你啊,175057250,1572947070
黄豆Chara,烦死我了，这件事情快点结束吧………,179044995,1572946925
坂本諏訪子,评论里有云南东方众吗[doge],304766378,1572946758
SpearsJR,有大佬能科普一下这是咋了吗,10441630,1572946753
不灭深红丶Scarlet,真正的想解决问题就请把管理给严肃处理一下,22756959,1572946546
天鹅绒少女-VIVIT,有无旧作厨 来点旧作群,33124248,1572946535
爱-格Egger,我没有贝贝硬.jpg,16100315,1572946492
kanna_空条妮可,600分之一路过吃瓜[吃瓜],11861588,1572946475
啊呵呵真逗,果然还有ex面啊,378840534,1572946433
沉迷红茶的威严酱,话说这次事之后我才知道原来这个up对于车万几乎完全不知？那他之前做了那么多ba合着都不知道自己做了啥？[尴尬],346465198,1572946421
暖暖心语,可悲，我们的东方project，竟然只有600的粉丝,241549961,1572946393
夕月朝阳,我还以为事情马上就过去了，没想到这波操作。,85955748,1572946340
小马就是正义,有没有群要我这种只对东方角色感兴趣但是名字不能完全记住的路人[滑稽],7811214,1572946338
梁呀ho,一脸懵逼，咋回事儿，这东方是啥，咩不是一个科技up嘛。。。,27145312,1572946250
东风谷秋叶,黑龙江车车人这里请，97828913,15711634,1572946207
仓鼠不是妖,我忘了我是怎么关注up的 但是现在up的动态只有日常撕  唉[嫌弃],216777961,1572946203
車万众,好，还在避重就轻，怪不得她人了,614154,1572946191
余九堂,来晚了，这条评论没看懂，请问他现在对管理的态度是？,399574954,1572946169
七月琴奏,货  币  贬  值（指5人减员）,352881338,1572946164
正針なる,不愧是米国留学高材生，现在开始玩儿民主自由了是吧？,221845801,1572946107
只是个新人罢了,看了下咩吧的600勇士整活贴，咱居然没上榜......,20874632,1572946092
虚空来声,问一下鹰派二的目的。,34360388,1572946042
虚空之翼MAX,欢迎各位加入我的个人东方群852085810[doge],206081604,1572946041
Kurokoma-Saki,对你有所期待是我的错——吉弔八千慧,238680490,1572946037
醒后有呆毛,欢迎加入暁records，群聊号码：375380875,18346245,1572946016
无铭无姓,对你有期待的我是真的蠢,33298859,1572945985
是我白菜哒,一起来吃曲奇吧~,357102,1572945865
彦山豊前坊Official,二战爆发（绝望）,351434421,1572945853
efuious,谁能给我解释一下鹰派一二三都是些什么势力啊,144096235,1572945846
来自东♂方的哲学家♂,才刚走一个小时，问下发生了什么？,1708305,1572945830
白玉墨染樱,事还没过去就急着跳出来洗白自己，这操作，闻所未闻,17977921,1572945819
Kurokoma-Saki,再分享一下这周六青岛tho的群\n903414643,238680490,1572945734
无铭无姓,我原本都以为息事宁人了。。。。真的服了,33298859,1572945718
黄昏沙袋,你这波洗白就很迷惑啊，脚本都人人皆知了还搁着这儿“举报系统删除”？,35506214,1572945710
Faqstalin,删除qq群，加入东方tag，完成这两个目标，我们就可以撤军。不过，你要明白，车车人念你尚是学生，不把你威胁的言论举报，只是想让你好好念书，望好自为之。当然，要是你那天真搞出什么科研成就的话也不要忘记告诉我们这600个越共呢～,30014535,1572945679
Kurokoma-Saki,欢迎加入蓬莱tho–东方永夜传，群聊号码:74526 4636,238680490,1572945627
东风谷秋叶,现在是诗词赏析环节（迫真）\n\n恢复评论\n美国科技为了咩，巨大多删评脚本\n的确技术力欠缺，咩大佐无药可救\n\n咩\n车万六百，热度还是\n反对咩人，有你有我\n深度删评，极道警告\n有你有我，动态被删了\n\n脚本、咩\n咩人召开法\n但写一脚本\n删评停留在\n破了大东方,15711634,1572945624
東風谷靈夢,成都也是有东方活动圈子的，涉足此地的车车人欢迎加q群834149868,331891291,1572945498
银色战车_镇魂曲,好快の删,1614112,1572945476
带带魔人布欧,精神胜利咩，，，,388465066,1572945402
妖现惊梦,又来了又来了又来了\n得，简直年度大戏[doge],39624794,1572945074
Drs-Latency,版聊，有社团歌姬推荐一下吗？目前只知道aya ayo，yukina，merami这些,36828603,1572945047
为什么那你,我叫我自己群友\n都在交友那我就问问有无神子厨吧[吃瓜],2492243,1572945022
虚假的脊髓,👴关注回来看🐵了，来多跳一会儿,7932630,1572944981
Z员外,有没有厨雷鼓来聚一聚[doge],11593589,1572944916
面包已成年,纯废物，有无咏唱群收留下，低血糖快死了（,4114434,1572944802
東方華想神月,已经不想说什么了,101175846,1572944775
一般通过大酱,版聊\n有无养老群收留一下啊[妙啊],188493595,1572944696
血祭纯粹之主,贴吧咩2016吧最新的帖子，请,39286359,1572944667
Drs-Latency,贡比涅停战（❎）\n圣诞节停战（√）,36828603,1572944617
虚空来声,我的立场：极端鹰派。\n现在我不接受道歉，这个人两面三刀出尔反尔，不值得任何信任。,34360388,1572944611
醒后有呆毛,欢迎加入暁records，群聊号码：375380875,18346245,1572944573
伞U3,得了，这人就是没学过怎么道歉，懒得争了[呆],20808271,1572944538
面包已成年,就一句话，你的朋友刚刚回我了，他也被你气到了[笑哭][笑哭][笑哭],4114434,1572944468
只是个新人罢了,在？您卡组里为啥满编千把刀和刀扇还有背刺？,20874632,1572944463
haism,内部消息，，，目前除了管理之外没人维护他，都在各忙各的或者吃瓜，，\n成辣，他不能决定他自己和唯一一个粉丝的聊天内容[惊喜],22773221,1572944446
Z员外,你打算绑磁铁，那我们给你绑火箭，你去外太空做太空删🐑吧,11593589,1572944351
浮生六道9,你就继续被人找乐子吧，从头到尾你就没明白过来自己为啥被抵制。\n其实您不就是根本就没把这个圈子当回事么😊\n那就继续被人当乐子呗。\n反正你也不在乎不是？,13100427,1572944316
Drs-Latency,我觉得你真该看看囧仙的经历... \n祸从口出真不是白说的，明明可以完全停战从此双方互不干涉，非要争那么一口气，老话说得好，死要面子活受罪,36828603,1572944224
ハ雲紫,刚收到这个信息，我很荣幸成为600人中的一员,13307035,1572944191
夕沙miko,版聊\r有无喜欢恰组长组的（吉弔和骊驹），感觉有点带感,258993882,1572944160
灰灰呢丶,路人过来踩两脚顺便黑名单见，以后见一次黑一次,8423049,1572944156
Kurokoma-Saki,有一说一，我一直都没觉得咩大佐想道歉，我认为咩大佐一开始就没把这事当回事，我翻过删羊大佐的之前动态发现这不是第一次被炎上，估计是惯犯,238680490,1572944127
带带魔人布欧,咩持，，，,388465066,1572944061
小小の心愿,我之前还以为你认真道歉了，还在评论里劝其他暴躁老哥收手，合着你就是来糊弄我们啊？当面一套背后一套，你情商呢？上学学傻了？,35878699,1572944051
秋水之溟,有无大佬，把三年动画安排上,21804772,1572944024
血祭纯粹之主,QQ群截图里的那位咩犟多次提到我的视屏，以及结合咩2016在美国，同时那位管理员发布沃尔玛购买子弹的图片来看，群管理就是咩本人,39286359,1572943995
Z员外,你现在已经没有回头路了，你自己把你逼到了死局，你现在的一切表态我们全部作为笑话看待，你不配继续做视频了,11593589,1572943980
机巧影花不会怀孕,你以为我要息事宁人，其实我要自爆哒[偷笑][偷笑][偷笑],1747987,1572943967
LT-TH,你粉丝群你只能管一部分？\n动态的评论你没删过？\n为什么要逗大伙笑（,5363930,1572943838
妖梦酱的小麻薯,咩酱怎么一会硬一会软啊（半恼）,34790800,1572943761
夕沙miko,你选择吔神奈子的麻将，还是二婶子的麻将？,258993882,1572943750
Kurokoma-Saki,有无秘封厨,238680490,1572943742
帕奇利兹パチリス,草，恁还在群里装过抽象骡子和银小鬼，亚文化带手子，，，,11569451,1572943633
虚空来声,ba的关系和东方敏不敏感你不知道你还敢蹭热度？\n你的道歉毫无诚意，我一个字都不会再信。\n我是主战派，所以你群kb分子管理什么时候才能为他的人身威胁和迷惑言论做出解释，你什么时候销号滚出b站永久回归虚无？,34360388,1572943564
幻梦樱璃,后排提示一下，所谓睡了就是在群里继续ky，说什么绑磁铁，属实奥利给,227868562,1572943545
黎魂冥雾JK88,本来还觉得你可怜，还真是应了那句“可怜之人必有可恨之处”的老话啊,321029973,1572943408
幻梦樱璃,来来来，绑磁铁是吧，出来安排啊，出来快活啊，鱼死网破谁不会？,227868562,1572943397
黎魂冥雾JK88,您这件事放我们大学就是公关危机最好的反面教材啊！！！,321029973,1572943345
黎魂冥雾JK88,都到道完歉了然后我们车车人都打算撤了您又来这一套是什么鬼啊啊啊啊啊啊啊啊啊啊啊,321029973,1572943271
坚定的唯物主义者,对up失望了,282122790,1572943268
Faqstalin,好,30014535,1572943246
黎魂冥雾JK88,您能不能别干些匪夷所思的事情啊,321029973,1572943210
飓风般的逸仙号,我刚以为你上升到了新的高度，结果又再次下降到了旧的高度（,73714786,1572943184
TTTTTTTemp,俺寻思您个水母脑是不是魔怔到连bad apple的出处？还东方project和bad apple关系敏感？,21017802,1572943159
琉璃宗一,离开b站吧,5968605,1572943088
心之泠羽,谁能帮我解释一下cv3881484图18中咩所说的话是什么意思？,388429008,1572942998
381预警,恕我🐑语水平捉急甚至没有读懂第四条，恁这是又想扣帽子了？,7023524,1572942996
夕沙miko,1东等于600还是595啊[妙啊],258993882,1572942920
563641,2东留念,8019129,1572942853
夕沙miko,2东了,258993882,1572942821
一般通过大酱,2东了，咩大佐什么时候出来啊！,188493595,1572942805
funny2b,你可是笑死我了...\n你是不是对你学到的东西过于迷信了？\n区区脚本和几个评论区就能统计出人数了？\n你以为你是在几个培养皿里统计菌落呢？,302838135,1572942799
Sahara酋长,做了那么久的ba才知道这和东方的关系？？？我知道了，咩2016是两个人，一个做视频做脚本，一个道歉。他就是迪亚波罗！！[滑稽],361226041,1572942723
蓝琉32767,这某咩估计就是自暴自弃了，没救了，拉走，不用喊jo护车了,13932031,1572942695
机巧影花不会怀孕,作为一个路人，我不经笑出了声，真实恰烂钱[吐][吐],1747987,1572942646
血祭纯粹之主,宁现在搞到最后的结果就是被送进警局,39286359,1572942595
Forever夙缘,我现在只想知道，你自顾自的理解别人是“亲日派”，而且你说明已经告诉警察，警察的回复是什么？,34674848,1572942529
血祭纯粹之主,宁现在还想装什么清高？😄,39286359,1572942510
血祭纯粹之主,从那个管理扬言枪杀，发自己在沃尔玛的图片。👴基本就知道那就是宁了嗷😃,39286359,1572942482
血祭纯粹之主,宁就去美国，别回来了。连基本的三观都没有回来也是祸害,39286359,1572942435
小神泽羽,咩女士不被橄榄不罢休？,64535332,1572942423
嘻嘻哈哈走过去,我以为要一波了，没想到水晶复活了[吃瓜],17476698,1572942395
血祭纯粹之主,无辜，无辜，宁可真是无辜嗷😁,39286359,1572942386
申必壬Official,评论马上就有2东了，尽管官方宣称“停火”，零星交战依旧在发生。,441868519,1572942378
血祭纯粹之主,宁这种货色就不配去和东方扯上关系,39286359,1572942353
名字我已经吃了,假定删羊大佐每天能生三个草点，车车人一天能转化一个草点\n一个草点能引发10条车车人的评论，删羊大佐每小时能删6条评论，车车人每隔0.02东分钟发布一次评论\n请问，删羊大佐需要到什么时候才能彻底删除完毕所有车车人的评论,152958503,1572942290
清廉正直-射命丸文,还是之前说的，已经没有人会相信你所说的话了\n咩咩之心，路人皆知,23088148,1572942290
蓝琉32767,持续爆破,13932031,1572942260
血祭纯粹之主,逮到一个越共自称就游开始黑皮,39286359,1572942255
夕沙miko,你为什么会觉得自己很无辜呢？,258993882,1572942248
血祭纯粹之主,国外的ytb才是宁的天下,39286359,1572942222
血祭纯粹之主,👴现在建议宁立刻滚出站,39286359,1572942205
血祭纯粹之主,美国留学就是厉害，连最起码三观良心和是非都开始扯皮,39286359,1572942184
小马就是正义,吃瓜到现在真的觉得这up是神操作了[吃瓜]……别说了这种行为不用怀疑，他就是没想道歉吧[笑哭],7811214,1572942183
血祭纯粹之主,宁可真以为自己是什么高贵学着嗷,39286359,1572942140
--纯狐--,我事理中客，我有话要氵。\n咩为啥在群里说那些东西（指b博敷衍q群口嗨）？你们想想，人不都是要面子的吗（技术力带手子不灭）。就是自傲一点的普通人（指计算力高达595），换我我可能（正常人就该做错事顶着压力倔强挺立）也这样做（我也是小圈子的咩上校辣）,11526362,1572942131
血祭纯粹之主,那个管理员就是宁本人👴目前算是知道了。,39286359,1572942096
夕沙miko,我越来越觉得那个管理就是咩带佐本人了,258993882,1572942072
★LR攻君略IOゎ,半年前都说要爬了，咋还在呢，烂💰太香了对⑧？,13735463,1572941714
