uname,message,uid,ctime
秋水之溟,咩酱，刨掉595东方众，你的24万多粉丝去哪了？咋全是喷你的？,21804772,1572932015
来自遥远非洲的鸽子,放弃和解 全力进攻,262229374,1572931980
OdaNobunaga152,恁准备放弃和谈那也请做好二战准备嗷，恁觉得这是和平，这只是一个一天的停战协定罢辽,3249617,1572931975
瑾瑜哒,这么快就要给机会了啊,448263837,1572931937
563641,27 小 时 停 火 协 定,8019129,1572931919
ArSepteven,呕,12001270,1572931906
369871C,有人让一位著名画家创作一幅名为《咩2016在道歉》的画。画完成后他前来验收，结果让他大吃一惊：画面上是一个成精的程序在操作电脑。“这是什么？！”他疑惑的问。“这是咩2016的删评脚本。”画家答道。 “它在做什么?” “删除视频下面的评论。” “咩2016在哪里？”咩2016在道歉。”画家答道。,68376317,1572931850
提督是中二病,醒醒吧…你的所作所为已经被595东方众知晓了。当面一套背后一套玩的挺溜，可惜要想人不知除非己莫为。当你单方面撕毁和平条约的时候，这场战争就再也无法停止了！原谅，是不存在第二次的。或许我们拿你没办法…但还真当咱幻想乡里没能人？,19883894,1572931836
奎恩-格雷迈恩,多位一体（指自己和群友）,99434952,1572931826
Z员外,现在这事情已经不是道歉收的了场的，群内口嗨这种小人的行为可不是一位大up应有的气度，你已经把你的机会败光了,11593589,1572931825
--纯狐--,你是不对道歉后悔。\n你道个锤子的歉了啊阴阳人？,11526362,1572931820
绽放鲜血之花,悲，隔壁囧仙动态八千人点赞，超过百分之九十有4级,312097686,1572931782
茶道世家,偷 袭 珍 珠 港,16908756,1572931778
幼靈梦,拉黑我！拉黑我！有能力就拉黑我啊[响指],5879203,1572931770
Coma-White,一般通过游戏玩家看到宁的样子开始思考人生，对于如何避免因追求学历导致情商下降这种情况产生焦虑。,5371995,1572931768
办卡王皮卡qwq,其实我并不是东方圈，但挺喜欢东方这个游戏及衍生同人创作的。\n东方被叫车万，我理解是错字梗，好像也就是错字梗。越 共，只是说人数看上去少，一有事情就出来一群，数量不明。具体流量可以参考东方华灯宴 广大东方视频创作者及各地tho活动。言多必失，听多必愚，望up莫受干扰，仔细回顾整个事件，从两方之中跳出，冷静思考。过激言论者宜付有司论其罚，莫用私刑。愿事情早日平息。\n删掉重发，只因本人不自信，无他意。@咩2016,23823263,1572931758
★LR攻君略IOゎ,事到如今还能主和的话，咱都可以怀疑是水军了,13735463,1572931737
禄存天玑,视频评论区将近240条删除评论暂时统计完毕（不完全），https://git.io/Je2Dc,2117299,1572931704
★LR攻君略IOゎ,这种东西已经不用给它任何机会了,13735463,1572931687
戈鲁多,好哥哥你又是把哪个和你对线的人送进局子里喝茶了呢？,331281233,1572931683
来自遥远非洲的鸽子,你要是像这样完全不想悔改就直说 我们方便一起上去骂你,262229374,1572931645
★LR攻君略IOゎ,你已经没有信任可以消费了，要不用恰到的烂💰请些阴兵来剿灭我们600勇？应该是600猎马人了，就算给咱磕头也不会原谅你的了,13735463,1572931610
幻梦樱璃,到现在仍在以什么所谓的tag引流说明一下tag就和你的脸一样，无足轻重，不要也罢补充一下，我们的问题是你翻脸不认人的弟弟背刺行为说明一下您的扣帽子行为人间大赏补充一下，您的两面三刀绝前空后,227868562,1572931599
独孤丞太康,雾雨魔理沙：fdhfhgchcggcgu(All hall Alice Megatron！),288355728,1572931582
来自遥远非洲的鸽子,硬核作死系列 完全吐槽不能,262229374,1572931581
佐佐木琪露诺,for mother zun，yyppppaaaaaa,107042878,1572931573
戈鲁多,好哥哥你又在群里讲了什么批话啊(=・ω・=),331281233,1572931547
独孤丞太康,雾雨魔理沙：gxchcycyfcy(雾雨魔理沙报告中……),288355728,1572931542
托卡列夫毁灭魔炮,想恰烂钱又死要面子，您还不如八哥。,57935470,1572931542
_Withered,你\n是技术大佬\n你喜欢删评\n你有脚本\n你有镇站之宝\n你从不把BA作为东方二创\n记住\n你的名字叫作\n咩乙己\n2016咩金手机\n钛合金脚本\n包裹UC进口小标题\n视网膜高清黑名单\n528万播放\n600人小圈子\n向雇兵的人生致敬\n2016咩金手机\n专属一对一保密脚本\n人机分离十米自动删评\n镇站之宝与N站原版只差一点点距离\n这段距离\n叫2000多万播放\n忘带会宣传\n丢失就删除\n脚本不工作\n粉丝不说话\n2016咩金手机\n隐形删评\n加密雇兵\n无痕迹tag\n幸福往往是宣传\n而恰烂钱却常常隐藏\n这就是B站\n你的车万\n文盲不懂\n隐形删评\n加密雇兵\n无痕迹加tag\n能一直装死\n会无能狂怒\n2016咩金手机-转自知乎某匿名大佬,49716371,1572931532
♂诸葛琴魔♂,整你们车万的是6102 跟我咩有什么关系  你们这些人不要把两个人混在一起啊！,17480031,1572931527
聪明强大的琪露诺酱,众所周知删羊的群里除了本体和内鬼其他全是小号,12070284,1572931523
独孤丞太康,魂魄妖梦：gfhfgcycf(魂魄妖梦报告……),288355728,1572931513
linyifei,各位 电子羊一边在群里当土皇帝高强度放黑屁 一边在动态发表所谓道歉声明 这就是典型的农夫与蛇的故事 其人品可见一斑 不管是车万人还是一般路人 请及时看清这个人的嘴脸 不要再给他任何机会,640523,1572931511
sluqy671,帽子先生是我的好朋友,7303805,1572931501
cornerfish,把宁的社会精英管理拉出来乐乐呗,15157346,1572931497
现世的秘术师,Ex面开启。\n*好了，现在是对越自卫反击战*,18323620,1572931486
独孤丞太康,铃仙优昙华院因幡：gdhfgdhchjgc(铃仙优昙华院因幡报告……),288355728,1572931483
蕾米莉亚-斯卡雷特゚,这个b就是恰够烂钱翻脸不认人 没一点道歉的诚心 你一个个动态说明了个⚒️？ 有本事500万播放拿的钱全捐出去。,19399966,1572931479
来自遥远非洲的鸽子,还有当年管理的事您没忘吧 你们群管理迟早要出来谢罪,262229374,1572931441
独孤丞太康,东风谷早苗：gdydyfydyg(东风谷早苗报告……),288355728,1572931404
帕奇利兹パチリス,精日帽子扣完现在还想在群里扣zz帽子，恁就是帽子的好朋友?,11569451,1572931403
虚芷幻灵,希望您能具体解释一下，之前的事指什么,291462041,1572931379
CHocARAtooo,草，，，咩大佐新活绝赞放送中\n咩来了，我们鼓掌👏,36111283,1572931375
军萌道流,越共，草，话说这么快就二战了？[吃瓜],96961144,1572931370
独孤丞太康,十六夜咲夜：hydyfyxchtyffy(十六夜咲夜报告……),288355728,1572931367
幻梦樱璃,没人要求你约束你的群员，你把管理员信息爆出来都做不到？这里装死认怂，背地群里继续ky当土皇帝？举报给B站？网警？不好意思，我们不吃这一套，看看B站和网警会帮谁,227868562,1572931340
支点与侧卫,大家都累了，这么多天也都烦了，非要把事情闹得无可挽回吗[捂脸]退一步海阔天空，再这样下去对谁有好处[捂脸][捂脸],266702839,1572931340
独孤丞太康,博丽灵梦：gxhfdhdhft，fyggx，gccgc(这里是博丽灵梦，所有自机，季节报告),288355728,1572931334
来自遥远非洲的鸽子,你完全没有为道歉后悔  因为么玩意就不叫道歉\n里面说的你哪一条照做了？,262229374,1572931326
隔夜大葱,所以群里的口嗨是你发的还是托比欧发的？[抠鼻],364211,1572931294
独孤丞太康,发现咩大佐作死的踪迹后。\n蓬莱、上海人偶：dycgxgfgcf(拟塞星文，下同)(发现咩大佐),288355728,1572931273
聪明强大的琪露诺酱,得了，也别交管理了，宁把宁群解散了8,12070284,1572931263
Z员外,你群里的发言截图可以一张张全部被我们存着，你如果期望靠这么一条声明把你自己和群的关系抛干净，那你就大错特错了，你敢说群里黑屁的人不是你？,11593589,1572931259
布鲁恩,已经快九回了，九   阴   真   经,14471325,1572931257
幻梦樱璃,新战场开辟了？说明您也坐立不安啊？不过这高强度，把您的语录整理一下一块上天瞅瞅？,227868562,1572931246
来自遥远非洲的鸽子,完全放弃道歉行为 开始进行毫无必要的说明,262229374,1572931238
乾团神様,好了好了，二战爆发（）,93843993,1572931224
Kayi---,呕,34749305,1572931202
虚空来声,所以管理呢管理呢管理呢。\n坐飞机和管理面谈也不需要这么久8？,34360388,1572931182
eldTan厄火子,你和你的群友是同一个人？而且口嗨管理的处理呢，你还真就想蒙混过关，当我们东方众是金鱼？我寻思你们群主加管理连一个群的规矩都管不好咯，说什么睁一只眼闭一只眼都是好听了。B站唯唯诺诺，Q群重👊出击,20278208,1572931155
来自遥远非洲的鸽子,过于迷惑 无法理解 这次好像完全没有道歉呢,262229374,1572931136
7萝卜的松鼠,你把你群管理给我扬咯,10429629,1572931109
--纯狐--,醒醒，那是你的语录。这就把言论锅扣到你自己群友身上了？？,11526362,1572931096
独孤丞太康,Alice Megatron：Deceptions！保持队形，都给俺骚！,288355728,1572931095
silent碎月,东方咩咩转，ex面,40140732,1572931090
芙兰朵露-斯卡-雷特,那我们不如来讨论一下咩吧您群里的申必新言论如何？(转),283269718,1572931074
艾卡苗,还是没有把大家关注的问题回答 而且 你这第四点的说明为何让人有点感到不爽,37900009,1572931066
--纯狐--,分享图片，真就不会说话呗,11526362,1572931062
Z员外,如果你不对群内发言进行管理，我们也不得不进行第二次爆破了呢，我应该说过接受道歉不等于原谅,11593589,1572931060
来自遥远非洲的鸽子,顺便 BA和东方的关系本不算太敏感 是你自己作死罢了,262229374,1572931053
帕奇利兹パチリス,恁要是持续硬汉我们也没办法，毕竟昨天给你台阶了你不要,11569451,1572931044
linyifei,别TMD假惺惺道歉了 你群里的黑屁都给抖出来了 两面派很好玩吗弟弟,640523,1572931036
我的工业2,本来ba东方关系的问题没这么敏感\n前人都认真加上东方tag，直到你这一届,3749614,1572931020
帕奇利兹パチリス,👴笑了，你不能决定群友讨论内容，你不是群主?看见不合适的言论不会撤回警告?我现在真的觉得你情商有问题,11569451,1572930977
独孤丞太康,雇佣兵再次来袭，保持队形，不要被他们抓住把柄,288355728,1572930954
来自遥远非洲的鸽子,我无法忍受你的行为,262229374,1572930953
来自东♂方的哲学家♂,让我进群，好吗？,1708305,1572930944
来自遥远非洲的鸽子,你够了,262229374,1572930905
芙兰朵露-斯卡-雷特,您 来 了,283269718,1572930889
Z员外,那么意思是群内问题解决不了？,11593589,1572930887
懷古傷己,贴吧估计一会又调兵过来了,227075311,1572930884
咩6324,宁管宁自己叫部分群友？宁就是迪亚波罗？,480262617,1572930882
懒挞挞的银蛇,一部分(指1/√2*100%),132935710,1572930858
来自遥远非洲的鸽子,毫无诚意 加大力度,262229374,1572930841
来自遥远非洲的鸽子,来新活了！,262229374,1572930807
卡密da,加大力度，奥利给，技术大佬冲鸭[打call],76576034,1572930794
一般通过大酱,你又开始了,188493595,1572930785
佐佐木琪露诺,这次不说明了草,107042878,1572930769
--纯狐--,你 是 你 自 己 的 群 友？\n评论区十小时时空断裂，你脚本真成精了？,11526362,1572930739
艾历克斯小队长,说明八下\n1.为什么做ba视频不加东方tag？\n答：車万（しゃまん）人最讨厌东方tag，所有咩加的东方tag都被車万人举报掉了（举报次数不详）。\n2.为什么说东方只有六百人？\n答：咩经过大量极其精密的数据统计和计算再乘以根号二，仔细想想觉得不可靠，于是又整了个爬虫，在b站爬出来的，符合现实观测。\n3.为什么说东方和車万是文盲梗？\n答：这是因为咩没有弄清东方和車万是两个圈子，误以为是一个圈子才得出的结论。\n4.为什么质疑东方“一个极其亲日本群体为何如此嚣张”？\n答：咩做过难以计数甚至爬虫都爬不出具体数量的ba视频，是极度亲日本个人，所以质疑的重点不是亲日本，而是质疑群体为何如此嚣张。\n5.为什么艾特团团请求鉴定东方project爱好者对香港的言论？\n答：咩除了是极度亲日本个人以外，同时还是极度亲中国个人，自然会对香港问题这样关乎中国国家主权领土完整民族繁荣经济发展社会进步和如何更好地实现中华民族伟大复兴的事情十分上心。\n6.为什么做道歉动态下拉黑控评？\n答：不是咩拉黑控评，是脚本干的（或许还有爬虫的协助）。\n7.为什么删除道歉动态？\n答：咩经过一番充分的反思，发现可以删除道歉动态，于是删除了道歉动态，只保留说明动态。\n8.群管理说的“雇佣兵枪击”是怎么回事？\n答：咩在美国读研，而在美国枪击事件属于家常便饭，比日本的地震还要频繁，所以管理只是在讨论日常话题而已。\n\n如有更多疑问，欢迎补充。,163279947,1572930729
秋水之溟,“之后部分前来辩论者使用敏感问题及违法违规内容试图爆破我”\n“为什么一个极度亲日的小团体会如此嚣张？东方project用户对某毒的态度？已联系公安处理”\n                                                 ――咩2016\n其实我们的要求很低，你自己的群，你怎么黑屁我们都管不着，把你的口嗨群管理交了就行。,21804772,1572930716
是你的浅汐啊,ex面要来了,10956571,1572930688
有馬贵將,九回啊九回！,10175174,1572930647
托卡列夫毁灭魔炮,那我们不如来讨论一下咩吧您群里的申必新言论如何？,57935470,1572930645
DDDQDDD,呸,177602517,1572930603
幻想曲丶丶丶,讲道理  一个标签搞得这么累    东西还是那个东西    你们这群人真的无聊,28293443,1572930578
懷古傷己,不知道还会不会出ex面,227075311,1572930551
帝国模因,补充9下（,14794299,1572930515
sluqy671,说明一下（,7303805,1572930504
懷古傷己,就说什么时候把那个所谓的管理拉出来,227075311,1572930480
懷古傷己,又来了,227075311,1572930418
早苗-马卡洛夫official,第一,7034347,1572930410
