uname,message,uid,ctime
余九堂,来晚了，这条评论没看懂，请问他现在对管理的态度是？,399574954,1572946169
七月琴奏,货  币  贬  值（指5人减员）,352881338,1572946164
正針なる,不愧是米国留学高材生，现在开始玩儿民主自由了是吧？,221845801,1572946107
只是个新人罢了,看了下咩吧的600勇士整活贴，咱居然没上榜......,20874632,1572946092
虚空来声,问一下鹰派二的目的。,34360388,1572946042
虚空之翼MAX,欢迎各位加入我的个人东方群852085810[doge],206081604,1572946041
Kurokoma-Saki,对你有所期待是我的错——吉弔八千慧,238680490,1572946037
醒后有呆毛,欢迎加入暁records，群聊号码：375380875,18346245,1572946016
无铭无姓,对你有期待的我是真的蠢,33298859,1572945985
是我白菜哒,一起来吃曲奇吧~,357102,1572945865
彦山豊前坊Official,二战爆发（绝望）,351434421,1572945853
efuious,谁能给我解释一下鹰派一二三都是些什么势力啊,144096235,1572945846
来自东♂方的哲学家♂,才刚走一个小时，问下发生了什么？,1708305,1572945830
白玉墨染樱,事还没过去就急着跳出来洗白自己，这操作，闻所未闻,17977921,1572945819
Kurokoma-Saki,再分享一下这周六青岛tho的群\n903414643,238680490,1572945734
无铭无姓,我原本都以为息事宁人了。。。。真的服了,33298859,1572945718
黄昏沙袋,你这波洗白就很迷惑啊，脚本都人人皆知了还搁着这儿“举报系统删除”？,35506214,1572945710
Faqstalin,删除qq群，加入东方tag，完成这两个目标，我们就可以撤军。不过，你要明白，车车人念你尚是学生，不把你威胁的言论举报，只是想让你好好念书，望好自为之。当然，要是你那天真搞出什么科研成就的话也不要忘记告诉我们这600个越共呢～,30014535,1572945679
Kurokoma-Saki,欢迎加入蓬莱tho–东方永夜传，群聊号码:74526 4636,238680490,1572945627
东风谷秋叶,现在是诗词赏析环节（迫真）\n\n恢复评论\n美国科技为了咩，巨大多删评脚本\n的确技术力欠缺，咩大佐无药可救\n\n咩\n车万六百，热度还是\n反对咩人，有你有我\n深度删评，极道警告\n有你有我，动态被删了\n\n脚本、咩\n咩人召开法\n但写一脚本\n删评停留在\n破了大东方,15711634,1572945624
多多粮老伞,天津的月共请加这个群884634939～,21891352,1572945570
Kurokoma-Saki,欢迎加入幻想乡空军司令部，群聊号码：758546692\n破群啥都没，事真正的养老群,238680490,1572945514
東風谷靈夢,成都也是有东方活动圈子的，涉足此地的车车人欢迎加q群834149868,331891291,1572945498
银色战车_镇魂曲,好快の删,1614112,1572945476
带带魔人布欧,精神胜利咩，，，,388465066,1572945402
妖现惊梦,又来了又来了又来了\n得，简直年度大戏[doge],39624794,1572945074
Drs-Latency,版聊，有社团歌姬推荐一下吗？目前只知道aya ayo，yukina，merami这些,36828603,1572945047
为什么那你,我叫我自己群友\n都在交友那我就问问有无神子厨吧[吃瓜],2492243,1572945022
虚假的脊髓,👴关注回来看🐵了，来多跳一会儿,7932630,1572944981
Z员外,有没有厨雷鼓来聚一聚[doge],11593589,1572944916
面包已成年,纯废物，有无咏唱群收留下，低血糖快死了（,4114434,1572944802
東方華想神月,已经不想说什么了,101175846,1572944775
一般通过大酱,版聊\n有无养老群收留一下啊[妙啊],188493595,1572944696
血祭纯粹之主,贴吧咩2016吧最新的帖子，请,39286359,1572944667
Drs-Latency,贡比涅停战（❎）\n圣诞节停战（√）,36828603,1572944617
虚空来声,我的立场：极端鹰派。\n现在我不接受道歉，这个人两面三刀出尔反尔，不值得任何信任。,34360388,1572944611
醒后有呆毛,欢迎加入暁records，群聊号码：375380875,18346245,1572944573
伞U3,得了，这人就是没学过怎么道歉，懒得争了[呆],20808271,1572944538
面包已成年,就一句话，你的朋友刚刚回我了，他也被你气到了[笑哭][笑哭][笑哭],4114434,1572944468
只是个新人罢了,在？您卡组里为啥满编千把刀和刀扇还有背刺？,20874632,1572944463
古明地热,内部消息，，，目前除了管理之外没人维护他，都在各忙各的或者吃瓜，，\n成辣，他不能决定他自己和唯一一个粉丝的聊天内容[惊喜],22773221,1572944446
Z员外,你打算绑磁铁，那我们给你绑火箭，你去外太空做太空删🐑吧,11593589,1572944351
浮生六道9,你就继续被人找乐子吧，从头到尾你就没明白过来自己为啥被抵制。\n其实您不就是根本就没把这个圈子当回事么😊\n那就继续被人当乐子呗。\n反正你也不在乎不是？,13100427,1572944316
Drs-Latency,我觉得你真该看看囧仙的经历... \n祸从口出真不是白说的，明明可以完全停战从此双方互不干涉，非要争那么一口气，老话说得好，死要面子活受罪,36828603,1572944224
ハ雲紫,刚收到这个信息，我很荣幸成为600人中的一员,13307035,1572944191
夕沙miko,版聊\r有无喜欢恰组长组的（吉弔和骊驹），感觉有点带感,258993882,1572944160
灰灰呢丶,路人过来踩两脚顺便黑名单见，以后见一次黑一次,8423049,1572944156
Kurokoma-Saki,有一说一，我一直都没觉得咩大佐想道歉，我认为咩大佐一开始就没把这事当回事，我翻过删羊大佐的之前动态发现这不是第一次被炎上，估计是惯犯,238680490,1572944127
带带魔人布欧,咩持，，，,388465066,1572944061
小小の心愿,我之前还以为你认真道歉了，还在评论里劝其他暴躁老哥收手，合着你就是来糊弄我们啊？当面一套背后一套，你情商呢？上学学傻了？,35878699,1572944051
秋水之溟,有无大佬，把三年动画安排上,21804772,1572944024
血祭纯粹之主,QQ群截图里的那位咩犟多次提到我的视屏，以及结合咩2016在美国，同时那位管理员发布沃尔玛购买子弹的图片来看，群管理就是咩本人,39286359,1572943995
Z员外,你现在已经没有回头路了，你自己把你逼到了死局，你现在的一切表态我们全部作为笑话看待，你不配继续做视频了,11593589,1572943980
机巧影花不会怀孕,你以为我要息事宁人，其实我要自爆哒[偷笑][偷笑][偷笑],1747987,1572943967
LT-TH,你粉丝群你只能管一部分？\n动态的评论你没删过？\n为什么要逗大伙笑（,5363930,1572943838
Raiden14,差不多够了吧，有必要穷追到这个地步吗。,3299236,1572943824
妖梦酱的小麻薯,咩酱怎么一会硬一会软啊（半恼）,34790800,1572943761
夕沙miko,你选择吔神奈子的麻将，还是二婶子的麻将？,258993882,1572943750
Kurokoma-Saki,有无秘封厨,238680490,1572943742
帕奇利兹パチリス,草，恁还在群里装过抽象骡子和银小鬼，亚文化带手子，，，,11569451,1572943633
虚空来声,ba的关系和东方敏不敏感你不知道你还敢蹭热度？\n你的道歉毫无诚意，我一个字都不会再信。\n我是主战派，所以你群kb分子管理什么时候才能为他的人身威胁和迷惑言论做出解释，你什么时候销号滚出b站永久回归虚无？,34360388,1572943564
幻梦樱璃,后排提示一下，所谓睡了就是在群里继续ky，说什么绑磁铁，属实奥利给,227868562,1572943545
黎魂冥雾JK88,本来还觉得你可怜，还真是应了那句“可怜之人必有可恨之处”的老话啊,321029973,1572943408
幻梦樱璃,来来来，绑磁铁是吧，出来安排啊，出来快活啊，鱼死网破谁不会？,227868562,1572943397
黎魂冥雾JK88,您这件事放我们大学就是公关危机最好的反面教材啊！！！,321029973,1572943345
黎魂冥雾JK88,都到道完歉了然后我们车车人都打算撤了您又来这一套是什么鬼啊啊啊啊啊啊啊啊啊啊啊,321029973,1572943271
坚定的唯物主义者,对up失望了,282122790,1572943268
Faqstalin,好,30014535,1572943246
黎魂冥雾JK88,您能不能别干些匪夷所思的事情啊,321029973,1572943210
飓风般的逸仙号,我刚以为你上升到了新的高度，结果又再次下降到了旧的高度（,73714786,1572943184
TTTTTTTemp,俺寻思您个水母脑是不是魔怔到连bad apple的出处？还东方project和bad apple关系敏感？,21017802,1572943159
抗原大爷,👴的可爱⑨五☆子☆棋呢，gkd,6949741,1572943139
琉璃宗一,离开b站吧,5968605,1572943088
心之泠羽,谁能帮我解释一下cv3881484图18中咩所说的话是什么意思？,388429008,1572942998
381预警,恕我🐑语水平捉急甚至没有读懂第四条，恁这是又想扣帽子了？,7023524,1572942996
夕沙miko,1东等于600还是595啊[妙啊],258993882,1572942920
563641,2东留念,8019129,1572942853
夕沙miko,2东了,258993882,1572942821
一般通过大酱,2东了，咩大佐什么时候出来啊！,188493595,1572942805
funny2b,你可是笑死我了...\n你是不是对你学到的东西过于迷信了？\n区区脚本和几个评论区就能统计出人数了？\n你以为你是在几个培养皿里统计菌落呢？,302838135,1572942799
Sahara酋长,做了那么久的ba才知道这和东方的关系？？？我知道了，咩2016是两个人，一个做视频做脚本，一个道歉。他就是迪亚波罗！！[滑稽],361226041,1572942723
蓝琉32767,这某咩估计就是自暴自弃了，没救了，拉走，不用喊jo护车了,13932031,1572942695
机巧影花不会怀孕,作为一个路人，我不经笑出了声，真实恰烂钱[吐][吐],1747987,1572942646
血祭纯粹之主,宁现在搞到最后的结果就是被送进警局,39286359,1572942595
Forever夙缘,我现在只想知道，你自顾自的理解别人是“亲日派”，而且你说明已经告诉警察，警察的回复是什么？,34674848,1572942529
血祭纯粹之主,宁现在还想装什么清高？😄,39286359,1572942510
血祭纯粹之主,从那个管理扬言枪杀，发自己在沃尔玛的图片。👴基本就知道那就是宁了嗷😃,39286359,1572942482
血祭纯粹之主,宁就去美国，别回来了。连基本的三观都没有回来也是祸害,39286359,1572942435
小神泽羽,咩女士不被橄榄不罢休？,64535332,1572942423
嘻嘻哈哈走过去,我以为要一波了，没想到水晶复活了[吃瓜],17476698,1572942395
血祭纯粹之主,无辜，无辜，宁可真是无辜嗷😁,39286359,1572942386
申必壬Official,评论马上就有2东了，尽管官方宣称“停火”，零星交战依旧在发生。,441868519,1572942378
血祭纯粹之主,宁这种货色就不配去和东方扯上关系,39286359,1572942353
名字我已经吃了,假定删羊大佐每天能生三个草点，车车人一天能转化一个草点\n一个草点能引发10条车车人的评论，删羊大佐每小时能删6条评论，车车人每隔0.02东分钟发布一次评论\n请问，删羊大佐需要到什么时候才能彻底删除完毕所有车车人的评论,152958503,1572942290
清廉正直-射命丸文,还是之前说的，已经没有人会相信你所说的话了\n咩咩之心，路人皆知,23088148,1572942290
蓝琉32767,持续爆破,13932031,1572942260
血祭纯粹之主,逮到一个越共自称就游开始黑皮,39286359,1572942255
夕沙miko,你为什么会觉得自己很无辜呢？,258993882,1572942248
血祭纯粹之主,国外的ytb才是宁的天下,39286359,1572942222
血祭纯粹之主,👴现在建议宁立刻滚出站,39286359,1572942205
血祭纯粹之主,美国留学就是厉害，连最起码三观良心和是非都开始扯皮,39286359,1572942184
小马就是正义,吃瓜到现在真的觉得这up是神操作了[吃瓜]……别说了这种行为不用怀疑，他就是没想道歉吧[笑哭],7811214,1572942183
血祭纯粹之主,宁可真以为自己是什么高贵学着嗷,39286359,1572942140
--纯狐--,我事理中客，我有话要氵。\n咩为啥在群里说那些东西（指b博敷衍q群口嗨）？你们想想，人不都是要面子的吗（技术力带手子不灭）。就是自傲一点的普通人（指计算力高达595），换我我可能（正常人就该做错事顶着压力倔强挺立）也这样做（我也是小圈子的咩上校辣）,11526362,1572942131
血祭纯粹之主,那个管理员就是宁本人👴目前算是知道了。,39286359,1572942096
夕沙miko,我越来越觉得那个管理就是咩带佐本人了,258993882,1572942072
★LR攻君略IOゎ,半年前都说要爬了，咋还在呢，烂💰太香了对⑧？,13735463,1572941714
深圳养鸡二厂,真是死性不改啊,18527256,1572941644
★LR攻君略IOゎ,赶紧爬出b站,13735463,1572941587
吟游死宅,高 强 度 整 活,10266074,1572941577
外层空间之颜色,在？康康恁之前的道歉动态？害搁这给我们扣帽子呢？脸呢？,10913201,1572941541
水鸭哥,A咩rica fxxk yeah~~,13806882,1572941513
54132553617_bili,谁能告诉我又发生什么了,349796442,1572941483
血祭纯粹之主,宁就是没有良心，靠东方up宣传，后又扯开与东方up的关系。,39286359,1572941460
血祭纯粹之主,宁不能管理群消息？宁不是管理员？不知道禁言？警告？自己现在还不知道为什么那么多人反感你，还是图将ba和东方分开。宁也知道自己炸出了一堆潜水车万人嗷,39286359,1572941413
夕沙miko,风神录六面麻将山\r🀄️🀄️🀄️🀄️🀄️🀄️🀄️🀄️🀄️🀄️🀄️🀄️🀄️🀄️🀄️🀄️🀄️🀄️🀄️🀄️🀄️🀄️🀄️🀄️🀄️🀄️🀄️🀄️🀄️🀄️🀄️🀄️🀄️🀄️🀄️🀄️🀄️🐏🀄️🀄️🀄️🀄️🀄️🀄️🀄️🀄️🀄️🀄️🀄️🀄️🀄️🀄️🀄️🀄️🀄️🀄️🀄️🀄️🀄️🀄️🀄️🀄️🀄️🀄️🀄️🀄️🀄️🀄️🀄️🀄️🀄️🀄️🀄️🀄️🀄️\r神奈子：吔麻将了你！（我暂且用麻将代表一下弹幕）,258993882,1572941362
一般通过大酱,悲报，我等鸽派说不动那个理中客，地址292楼，请求支援( ´_ゝ｀),188493595,1572941308
加糖杏仁茶,咩带佐你要是还有哪怕一丝丝良心就赶紧本人出来表个态，别让还有点同情你的无辜粉丝在这里被鹰派痛批，我真的感觉无辜粉丝太可怜了，摊上宁这样的“带up”嗷,15633052,1572941277
非常傻的大鱼鱼,荒 木 飞 吕 彦,151442236,1572941185
fufufhtxf,果↑不↓其↑然↓啊,4478501,1572941092
エビギョーザ,反转了，咩是资深东方厨，这次他是为了引出说抽象话饿苏话的玩梗缝合怪,44212924,1572941079
墨染樱花_,595人那个是什么新梗啊，能私发一下让咱也乐一乐吗,267028850,1572941005
Yongfan_Cui,六百勇士我知道，少了5个又是什么新梗？,57248328,1572940946
雀食堂账房小忍Official,啧，我们都打算吃完羊血馒头这事儿就那么暂且不提了，自己又跳出来恶心……,377421140,1572940930
讲道理的皮卡喵,本来以为这几天吃瓜的乐趣已经结束了，没想到现在又可以快乐了。谢谢你，咩6102.你好强大！,17285490,1572940813
蓝琉32767,油管道上面那个是某咩本人吗,13932031,1572940802
塞尔维亚的麦崽子,zai？什么叫按照zz敏感和违法违规直接举报？\n说话过过脑子，小心月共过了你的脑子,106154837,1572940690
一般通过大酱,292楼评论区在和理中客激烈辩论中，麻烦大家把这层点赞到热评，免得每次刷新都要翻半天才找到,188493595,1572940569
威风堂々早苗酱,刚  鬼  再  战[doge],12209502,1572940549
庭渡9侘歌,.   ？？？？\n？               ？\n                   ？ \n                ？ \n             ？\n           ？ \n\n          ？,39777319,1572940544
佐佐木琪露诺,一小时后：分享一下\n一天后：说明图片,107042878,1572940527
_老板不要辣椒,反魂蝶八分咲[蛆音娘_吃瓜群众],14471768,1572940520
--纯狐--,我就不懂\n东方这些人为啥说自己是月共\n然后只要按照政治敏感或者违法违规举报\n直接就是永久封禁\n\n要说黑名单还是有的\n但是数据库在我这里了\n分为十五个优先级\n用的情感态度判断和敏感词数量鉴别的\n\n来对线就用敏感问题来说\n拼命想把我搞成NBA\n弄得我在群里也想吧他们搞成NBA\n后面才弄得表态\n好消息是我用的代理和管道\n他们没有用\n所以只要找到内地用户就直接网警举报\n\n我说了\n那个所谓的除以根号二是个幌子\n一共595人是东方核心用户是通过大量数据弄出来的\n但是我又不能说B站整个爬虫了\n\n找到一个爆破点\nc86运行器算一下运行值,11526362,1572940507
泷汐lynn,这不是ex面，我们六面还没结束呢,382152808,1572940504
洩矢八重,之前一面就疮了（指被拉嗨），只能看其他人续关打通（指开小号），结果听说今天又开了ex关卡，👴就来和恁弹幕对线了。,25413560,1572940503
東風谷靈夢,成都也是有东方活动圈子的，涉足此地的车车人欢迎加q群834149868,331891291,1572940447
Guy孜游,复制扩散\n@咩2016 删评阴阳人的行径实际上已经被再次知晓,评论区备份也证据确凿\n不建议再对本篇进行大范围的冲塔增加了他掐烂钱.而应该加大力度并联合囧仙点兵对本篇进行举报争取削除本篇或取消某咩激励计划,在不越轨法律的前提下对其造成损失才是最关键的.,8542579,1572940445
赤色之洋,祝您武运昌隆嗷,208824802,1572940366
Silver银光,建议恁去给自己开个精神分裂证明，那还更有说服力,8137076,1572940299
我钦点圈子亲鈤好吗,恁硬度真大\n道完歉虚无一段时间不就没事了吗\n还跳出来干嘛,389103353,1572940210
真刀玩家,恁就是影（引）流之主？锅甩得这么快,225305568,1572940030
幽幽子乄,喵喵喵,34809148,1572939948
来自遥远非洲的鸽子,复制扩散\n@咩2016 删评阴阳人的行径实际上已经被再次知晓,评论区备份也证据确凿\n不建议再对本篇进行大范围的冲塔增加了他掐烂钱.而应该加大力度并联合囧仙点兵对本篇进行举报争取削除本篇或取消某咩激励计划,在不越轨法律的前提下对其造成损失才是最关键的.,262229374,1572939910
ミクのCharlotte,复制扩散\n@咩2016 删评阴阳人的行径实际上已经被再次知晓,评论区备份也证据确凿\n不建议再对本篇进行大范围的冲塔增加了他掐烂钱.而应该加大力度并联合囧仙点兵对本篇进行举报争取削除本篇或取消某咩激励计划,在不越轨法律的前提下对其造成损失才是最关键的.,14216346,1572939894
羽纶笔,这就是ex面吗，事好的,35606011,1572939824
来自遥远非洲的鸽子,快发新动态吧 不发又没有新话题了……,262229374,1572939770
蓝琉32767,二 次 呼 吸,13932031,1572939698
新人帽,第二次月面战争,343055122,1572939620
神楽夜白,哈哈哈哈哈哈哈哈哈滑天下之大稽woc,5387330,1572939591
孙笑哭,把战火引向自己群友的屑群主,349927356,1572939571
摩羯由理,本来昨天就该结束的又要接着起事？法军跑了换美军上？那祝你武运昌隆。[嫌弃]就算群里管不了总得发言制止一下都好啊，哪怕是在做样子，截个图出来放这都当你是在努力改了，这样直接说管不了什么的，情商呢？还是说仅仅只想装可怜让一般通过觉得全是东方爱好者的错好出口气？行吧，不管怎样，起码我可以继续吃瓜了，诶呀昨天才注意到这件事结果都道歉了还有些小遗憾呢，还有得热闹看真好，东方永远能给我各种各样的满足[吃瓜]（虽然像这样的事心里还是觉得少点好啊）,20277406,1572939541
作死战士少年渣丶,大佐！那边车万骰子囧仙的阅兵仪式已经到场9000人辣！大佐！！！,5519569,1572939353
来自东♂方的哲学家♂,💃如果让你重新来过，💃你会不会改过，恰钱总是让人快乐，💃也会带来折磨，💃曾经帮你一起推过传说中的ba，💃已经让你无能狂怒，💃变成滑稽的小丑,1708305,1572939312
楽染_相信,？？？,300700829,1572939231
八云①,咩啊，您为什么总是拿鞭子虐待羊啊？,2420714,1572939176
蓝琉32767,集合，爆破！,13932031,1572939161
Grugoria,宁整那么多破事干嘛?,4834647,1572939149
头号被玩家,复制扩散\n@咩2016 删评阴阳人的行径实际上已经被再次知晓,评论区备份也证据确凿\n不建议再对本篇进行大范围的冲塔增加了他掐烂钱.而应该加大力度并联合囧仙点兵对本篇进行举报争取削除本篇或取消某咩激励计划,在不越轨法律的前提下对其造成损失才是最关键的.,12794895,1572939126
RRRUAAAAAA,又来了?,160801950,1572939102
可爱并且努力,圈里出什么事了？,13115777,1572939090
来自遥远非洲的鸽子,复制扩散\n@咩2016 删评阴阳人的行径实际上已经被再次知晓,评论区备份也证据确凿\n不建议再对本篇进行大范围的冲塔增加了他掐烂钱.而应该加大力度并联合囧仙点兵对本篇进行举报争取削除本篇或取消某咩激励计划,在不越轨法律的前提下对其造成损失才是最关键的.,262229374,1572939084
赤色之洋,囧仙点兵草,208824802,1572939083
kalido,还不够 还不够,4385740,1572939072
威风堂々早苗酱,复制扩散\n@咩2016 删评阴阳人的行径实际上已经被再次知晓,评论区备份也证据确凿\n不建议再对本篇进行大范围的冲塔增加了他掐烂钱.而应该加大力度并联合囧仙点兵对本篇进行举报争取削除本篇或取消某咩激励计划,在不越轨法律的前提下对其造成损失才是最关键的.,12209502,1572938969
9鲁诺9巴纳,复制扩散\n@咩2016 删评阴阳人的行径实际上已经被再次知晓,评论区备份也证据确凿\n不建议再对本篇进行大范围的冲塔增加了他掐烂钱.而应该加大力度并联合囧仙点兵对本篇进行举报争取削除本篇或取消某咩激励计划,在不越轨法律的前提下对其造成损失才是最关键的.,436342605,1572938956
泷汐lynn,复制扩散\n@咩2016 删评阴阳人的行径实际上已经被再次知晓,评论区备份也证据确凿\n不建议再对本篇进行大范围的冲塔增加了他掐烂钱.而应该加大力度并联合囧仙点兵对本篇进行举报争取削除本篇或取消某咩激励计划,在不越轨法律的前提下对其造成损失才是最关键的.,382152808,1572938921
蓝琉32767,复制扩散\n@咩2016 删评阴阳人的行径实际上已经被再次知晓,评论区备份也证据确凿\n不建议再对本篇进行大范围的冲塔增加了他掐烂钱.而应该加大力度并联合囧仙点兵对本篇进行举报争取削除本篇或取消某咩激励计划,在不越轨法律的前提下对其造成损失才是最关键的.,13932031,1572938861
蓝琉32767,我要用你在沃尔沃买的东西来整你,13932031,1572938810
泷汐lynn,总抓着zz上的东西想来扳倒我们，这和你上次给我们扣米青日和gd的帽子有什么区别吗,382152808,1572938714
是→这样吗？,超600了,1412499,1572938712
泷汐lynn,你说的那个群友是不是你自己？,382152808,1572938627
-宇佐见莲子-,宜 当 剩 勇 追 穷 寇,32970986,1572938623
街角的单行道标,他们本来想说美越战争，但可能他们不知道天朝也跟越南打过，肯定zz敏感啊\n\n真就全世界就你懂历史？,4893677,1572938585
泷汐lynn,来我动态乐咩吧，美人鱼版咩2016，之前让一位同好帮发过，没看过的可以来看看[妙啊]（图片是倒着的，正着发会被退回）,382152808,1572938563
psalms46,说明6下后ex是分享图片，不知道有没有ph关卡,13061094,1572938537
游荡的骑士,On day like this, kids like you. Should be burning in hell!,3928726,1572938495
--纯狐--,复制扩散\n@咩2016 删评阴阳人的行径实际上已经被再次知晓,评论区备份也证据确凿\n不建议再对本篇进行大范围的冲塔增加了他掐烂钱.而应该加大力度并联合囧仙点兵对本篇进行举报争取削除本篇或取消某咩激励计划,在不越轨法律的前提下对其造成损失才是最关键的.,11526362,1572938489
威风堂々早苗酱,没有战斗力的600人中划水的一位只能靠活跃活跃气氛来证明自己的存在了[doge],12209502,1572938285
纯白的风,你还来啊？真就突出一个头铁呗？,1784937,1572938250
Hiei殿,那您可是真牛逼,3106695,1572938103
9鲁诺9巴纳,来了这么多人，他们可不是小号，👴看你脚本删的过来吗？,436342605,1572938024
谁でも大好きww,“我就不懂，东方这些人为啥说自己是月共，然后只要按照政治敏感或违法违规举报直接就是永封。”\n“@咩酱～ 他们本来想说美越战争，但可能他们不知道天朝也跟越南打过，肯定zz敏感啊”\n原来是这样啊 受教了受教了[大笑],40794019,1572938007
linyifei,我评论被消了 怎么没收到通知,640523,1572937988
泷汐lynn,你不知道找出越共梗吗（悲）,382152808,1572937966
泷汐lynn,考完试回来了，宁又开始了？,382152808,1572937907
游荡的骑士,我想啊，像你这样的人，在渡三途川的时候肯定一分钱也没有吧。那么，现在可以动手投河了吗？,3928726,1572937883
风巽虚,咩大作一到b站，600人就冲着他笑 “咩大佐，你脸上又添新伤疤了!”  他不回答 “开一个脚本，评论全删掉” 便排出一行代码。他们又故意高声嚷到“你一定又删人家评论啦! ” 咩大佐瞪大眼睛说“你怎么凭空误人清白...”“什么清白，我昨天亲眼看见自己的号被你拉黑，被人家挂起来喷”咩大佐便涨红了脸额上的青筋条条绽出，争辩道，“删评不能算删……删评！……留学生的事，能算删么？”接连便是难懂的话，什么“说明一下”，什么“ba不算东方”之类，引得众人都哄笑起来：店内外充满了快活的空气。,19848666,1572937859
秋水之溟,咩酱求求你别再作死了啊，这几天我都看醉了，[笑哭]你在动态哪怕发句“对不起”，然后qq群里收声一个月，这事不就结束了吗，非要作[2233娘_吐魂],21804772,1572937848
猫又小粥-千舞墨雪,【虽然我不能管理群友的说话内容，但我可以用脚本删除B站上不利于我的评论】,14406305,1572937803
水天宫_宠儿,你怎么软了？把我从嗨名单里放出来可不是硬汉作风,11511536,1572937763
威风堂々早苗酱,看到这个评论我气得浑身发抖，大热天的全身冷汗，手脚冰凉，地狱空荡荡魔鬼在人间，这个社会还能不能好了，咩咩要怎么做你们才满意？眼泪不争气地流了下来，这个动态到处充斥着对咩咩的压迫，咩咩何时才能真正的站起来👊🏻,12209502,1572937761
只是个新人罢了,别人都是越活越像个球，就您一个活成了板砖……,20874632,1572937743
efuious,早点诚恳地道个歉哪儿会有这些破事儿,144096235,1572937666
地灵殿万能小管家,https://t.bilibili.com/318125882565943847?share_source=copy_link&amp;share_medium=iphone&amp;bbid=e49d952b040e1755cad6dac2851777d5&amp;ts=1572937566 您看您排场大不大,22686220,1572937623
黎魂冥雾JK88,别作了,321029973,1572937561
黎魂冥雾JK88,别再撇清自己了,321029973,1572937549
我兔V武,想不出讽刺段子，可能是因为你说的不像是人话吧,35961261,1572937524
咩1145141919,宁还搁这玩模拟删羊呢？,303529304,1572937465
街角的单行道标,往快熄灭的火灰上泼汽油，佩服佩服,4893677,1572937460
浅寒轻晓,好家伙，我本来都不想鸟了，还呼吁其他用时收兵了，原来还没结束么。。那好，EX面走起,2739014,1572937360
高葵不是我的真名,所以这事结束了吗。,210149784,1572937326
十六夜咲夜_魔怔,说明一下\n说明一下\n说明一下\n说明一下\n说明一下\n最后一条说明\n补充\n&#34;再度说明&#34;\n\n复读机机魂不悦,11063273,1572937323
H的旧辤,不懂人家圈子文化 还用别人圈子里面 的东西 被说两三句 就给人家带高帽 你道歉 还在背地骂人 说人家圈也就600人 你说的意义耐人寻味呀 (=・ω・=),23091871,1572937264
Z员外,就是冷处理都不至于把火再点起来，做人要圆滑，你是方块，还是个棱形，还要把最尖的那头往别人身上戳,11593589,1572937251
妖梦所斩不断的一切,已连接至咩亡迅雷。开始各种魔怔发言，，，,45002119,1572937211
来自遥远非洲的鸽子,完蛋完蛋 版聊又双叒叕冷了,262229374,1572937159
加糖杏仁茶,Alpha！Goat！Best Match！Are you ready？技术的脚本精！AlphaGoat！Yeah！,15633052,1572937139
Z员外,伪君子好歹还会装君子，你倒好，装都不带装一下的，任由这个所谓“群友”放黑屁，你就是装个样子在群内发声明都好，而且这个撇清关系的手法真的不高明，你群里那个“不是你”的人发言不管怎么看都是你，所以你现在撇清关系有什么用呢,11593589,1572937118
チェックメイと,自掘坟墓,44986290,1572937079
彼岸相梦,宁这不是不了解ba和东方关系，宁这就是单纯的不会做人,38413898,1572936893
Tiger6237,本来bad apple和车万没有任何隔阂，没有任何纠纷，更没有敏感一说。在恁闹事之前没人想到bad apple还能给开除车籍,50748485,1572936892
风巽虚,果然打ex面了。。。。,19848666,1572936803
莉芙-莫妮卡,cv3892194,355659466,1572936711
来自东♂方的哲学家♂,还不快点再说明一下？评论区又快变成版聊区了,1708305,1572936690
我爱吃⑨,立正挨打都不好好挨打，真当车万已经凉到可以被哪里来的宵小骑到脑袋上冲的地步了？,2150493,1572936653
威风堂々早苗酱,话说有没有点赞脚本整一个[doge],12209502,1572936650
LVN-Zhang,如有重庆大学车万人路过，请加群340224547,171292103,1572936629
怪盗鲁邦,当年斯巴达三百勇士也就打40w精兵，我阴羊人用20w阴兵打600东方众，不是问题埋伏他们一手，这个事不道歉，这事不用道歉，他们死定了\n反手给一个枪械照片，闷声发大财，他们不怕，但是没关系，他们赢不了我，谢邀，人在国外，这个地方这个时间，我请一波雇佣兵将绝杀，但是请不得。\n单走一个小号，傻～逼，还人肉回复，走他一个脚本。\n bad apple和东方有关系？你能捶死我?你今天能六百人把我咩皇捶死！我！当！场！把这个电脑屏幕吃掉。！,767163,1572936486
小河月月鸟,别的不说，咩大佐的群管理属实人型自走造梗机,177543896,1572936406
Shiki-Ryougi丶幻想子,？？,32208464,1572936380
面包已成年,一开始不想说这件事的。\n那天，你的评论区一篇混乱，但是有那么一个人，他不希望你遭受网络暴力，因此在维护你，大家都说他是卫兵，是洗地党。\n我私信他了，他是你的朋友。\n我和他聊了一个晚上，他说他维护你，是因为他看到了你那及其低落的情绪，和近乎自闭的表现。那时我开始换位思考，我发现你也不过是个有技术力的普通人，也有自己的感情，你不是我想象的那种去卑鄙小人，你只是太固执了，太坚信自我了。\n我告诉他，去劝劝你，在评论区为你说话不会有好处。\n后来，你道歉了，评论区也很友善，当时我以为事情结束了。\n现在，我真的失望了，不知道你的朋友看到这个动态和底下的评论是怎么想的。,4114434,1572936359
来自遥远非洲的鸽子,请一个会做三年动画的 我想要一个乐咩本篇,262229374,1572936261
チェックメイと,您自裁罢,44986290,1572936241
只是个新人罢了,说说说说说说说明一下，您就是帝骑哥的腰带？,20874632,1572936195
Guy孜游,这货又开始了？现在参加车车人版聊还来得及吗,8542579,1572936060
节操收割者,是时候派出黑水雇佣兵了,103764,1572936058
こあくまofficial,欢迎加入川渝东方群，群号下面发，方便复制，这里是四川及周边地区的同好群，欢迎各位还没找到组织的川渝车车人加入,49968739,1572935975
咖啡是浓的,你他酿的要不要好好道歉啊  表面不一两面人让我们原谅你？,38967690,1572935960
梦符佳月,哎，你这人真的有意思。我给你总结总结啊：\n表面道歉，说明几下；\n口无遮拦，欺软怕硬；\n动态装怂，群里口嗨；\n迫真统计，智熄计算；\n滥用技术，暴力威胁；\n两面三刀，精神分裂；\n读解零分，借刀杀人；\n不识大局，贻误天机；\n忘恩负义，过河拆桥；\n消耗信任，背后捅刀；\n自欺欺人，阿Q精神；\n廿万粉丝，战线溃散；\n根据地少，内鬼当道；\n亲疏不分，败坏人和；\n就这水平，国外读研？\n中二不好，早日治疗。,2059519,1572935925
不穿PAD的16,说明几次了，结巴是病，要治,14970822,1572935921
チェックメイと,总之，我一直觉得这厮想把责任推脱，把事件降到自损最小的状态。\n从来没有把问题解决清楚，一直模棱两可地道歉什么的。本来都不想理这up了，结果回头一看。,44986290,1572935915
宇月幸成_0ff1C1aL,羊人13，萎勃你自己，，，,7688222,1572935911
威风堂々早苗酱,大家好，Meiyangyang已经被我消灭了，现在我是AlphaGoat Pleasant,请各位被雇佣脚本消灭的车车人在本楼回复一下“咩”，让我看看我们的脚本消灭了多少车万人[doge],12209502,1572935892
喜欢看漫画的我,说真的自己认真的承认错误，端正好态度道歉，之后能更容易息事宁人更容易洗白。怎么?还是觉得自己炎上的不够还要给自己加桶汽油?,90655062,1572935855
彼岸相梦,宁怎么又开始了?,38413898,1572935809
橘红色芭菲,不说明了（,177360379,1572935744
威风堂々早苗酱,大家好，我是最新版脚本 AlphaGoat Meiyangyang，我们雇佣脚本已经开始清理你们车万人了，你们等着吧，马上1东就等于0了[doge],12209502,1572935642
幻梦樱璃,事情结束后也许可以做一个咩咩鬼畜音MAD,227868562,1572935619
来自遥远非洲的鸽子,来版聊\n你们觉得船大什么时候更大冒险9/9,262229374,1572935580
咩6324,一会删羊一会机械电子羊的，搁这开羊羊运动会呢？,480262617,1572935524
烤鼠子,所以东方tag呢...,336742326,1572935522
加糖杏仁茶,赛 博 删 羊 2 0 1 6,15633052,1572935448
蒸汽果壳,我寻思就是现在睿国国王当年都还是个车万众，您这一吃b饭的怎的就敢这么看不起东方？,6079485,1572935444
平安巴尔干,原版圣经站内搜索癌症晚期\n你跟风蹭热度被骂觉得是东方众的锅，那就是东方众的锅\n为什么？一个跟风蹭热度的up主，说出来的话，就跟一个癌症晚期患者说的话是一样的，你看他都那样了，你就顺从他一下，给他留一个美好的回忆吧\n为什么这么说，往上，真的很有技术的那种，可能会做出什么特别厉害的视频赚点可观的钱养家糊口。往下，那种没什么技术没什么精力的up，他也知道自己太那啥了，每天就传点乐呵的图一乐。但是跟风蹭热度的，在这中间，他觉得那些图一乐的太那啥了，不配跟他比。但是往上呢？他想捞钱，他又上不去。所以跟风蹭热度这个水平是最尴尬的。\n这么说吧，up主这么分\n没能耐又不知道图一乐的：直接火化了\n知道图一乐的：料理后事吧\n跟风蹭热度：癌症晚期\n蹭热度能盈利的：定性肿瘤，但是没救了\n有技术的：病友\n特别会盈利的：什么病也没有，就是没有吗\n咩2016：东方众不会吹唢呐，哪天你上porn站上找个伊拉克开坦克的吹军号给你愉悦送走吧,472469519,1572935376
萨法负电荷,您要不蹦出来我都快忘了还有这个事了，你就这么不怕麻烦了来吗,2384029,1572935337
纯粹的弹幕地狱,有人打绀珠传吗？,444767543,1572935308
只是个新人罢了,咩王迅雷已连接……,20874632,1572935308
SNALG,君 主 立 宪 制（错乱）,87506505,1572935298
咩6324,https://t.bilibili.com/318125882565943847?share_source=copy_link&amp;share_medium=android\n在？进来统计一下？,480262617,1572935278
夏目吾郎,我来组成一东了,2062119,1572935274
爱烤鸡的毒爆虫,爪巴,86847823,1572935274
Firefly219,来了，你又开始了,27127561,1572935264
563641,柳暗花明又一东（指评论数）,8019129,1572935243
来自遥远非洲的鸽子,一东纪念,262229374,1572935196
怪盗鲁邦,阴羊人的全新理论？,767163,1572935161
街角的单行道标,正常人:出来混，有错就要认，挨打要立正\n删羊:出来混，有错说明一下，挨打撒泼打滚,4893677,1572935140
来自东♂方的哲学家♂,咩皇的心跳大冒险,1708305,1572935138
喜欢看漫画的我,又要把自己炎上了,90655062,1572935053
来自遥远非洲的鸽子,冲鸦(指文文),262229374,1572935036
抗原大爷,人 工 智 能 A l p h a G o a t,6949741,1572935019
Element-Kyo,我从地狱回来了！（指黑名单）,92351813,1572935009
用户名因违规暂时屏蔽,我黑名单呢我黑名单呢我黑名单呢？\n我视频tag呢我视频tag呢我视频tag呢？\n我本篇评论呢我本篇评论呢我本篇评论呢？,24986068,1572935009
Nikeite,冲锋开始！,10421232,1572934996
来自遥远非洲的鸽子,大家加把劲 马上就一东了,262229374,1572934972
月出天高,我除了发一个¿ 以外就不知道说什么了,11284316,1572934966
7th_mov,我寻思着您难道是帽子的付丧神？具有扣帽子程度的能力？,5573174,1572934960
威风堂々早苗酱,大家好，我是咩2016的脚本，这是我开的小号，现在咩2016的发言全都是我这个脚本偷偷干的，与咩2016无关，毕竟脚本惯性太大了[doge],12209502,1572934939
Railtnelis,你的脚本是有自己的思维吗？赛博朋克2077ea体验？我蒙古,21974996,1572934930
芙兰咄陆,有没有湖南的东方群带我一个啊，想认识一些湖南车万圈的满哥和妹陀,5153949,1572934926
赤色之洋,看了五天看腻了，评论起来真带劲,208824802,1572934924
夜抱头蹲防人探,还在嘴硬，主战派该干活了,6517689,1572934918
来自遥远非洲的鸽子,教也传完了 他该听见的也就听见了 那么接下来 就是愉快的版聊时间了,262229374,1572934879
Techqin,👴🏻吃了两天🍈吃腻了，不想看你说明了想看你爪巴,36761069,1572934859
红叶の鸦,硬硬硬,89519,1572934840
早苗-马卡洛夫official,等等，第一个评论呢？我可是第一个评论\n第二个也不见了?\n我发了个第一，类似于贴吧里的抢二楼，属于无关内容，但咩说过除非举报删除否则不删评论，这是不是两面三刀?如果是我网络的问题那是我的问题，如果有人举报那就让举报者私信我拿出证据，否则就请你给我个解释\n其次，第二发的是“又开始了”，难道咩听不进去任何对自己不满评论吗?请给个解释,7034347,1572934776
我爱东方一生一世,装啊！洗啊！继续啊！要不要脸，把特朗普那套全学会了？,33342256,1572934765
孤独的瓦愣纸,其实我觉得，群里怎么样关系不大了，公开场合道歉，群里发生什么对我们已没什么影响了，没必要揪着不放。咱还得过年呢[无语],19178685,1572934763
Latida,好不容易能聚在一起，不如宣传下w还没找到组织的成都车车人欢迎加入：834149868,5780851,1572934749
外层空间之颜色,说明一下×N\n能一次说完吗？我这有开塞露您要吗？,10913201,1572934729
孤语无寂,呵呵,169907116,1572934719
DewIckol,ex面开启\n已经无法再进群了\nbgm：羊群の友達~Goat Groupchat\n既然在羊群里那就可以称之为朋友了吧，不管是山羊还是绵羊，群友应该可以这么称呼他们。一只山羊会不会也是一只绵羊呢，羊群里也许会疑惑吧。不过如果是羊自己的话，自己是自己的群友也不是什么稀奇的事呢（笑）,8457139,1572934704
本人猫癌晚期,所以你的虚空道歉在你一番精彩言论之后全都无效呗，别说我们网络暴力你，这叫罪有应得ao,75549002,1572934694
無名ハモニ,有一說一,要是拖到連東方警。察都活躍了咱可真就管不了你的個人安全了嗷大佐,誠懇道歉對大家都好[蛆音娘_无语],36022677,1572934686
东风谷秋叶,有人玩永夜抄吗？👴刚打到四面\n⭐️⭐️⭐️⭐️⭐️⭐️⭐️⭐️⭐️⭐️⭐️⭐️⭐️⭐️⭐️⭐️⭐️⭐️⭐️⭐️⭐️⭐️⭐️⭐️⭐️⭐️⭐️⭐️⭐️⭐️⭐️⭐️⭐️⭐️⭐️⭐️⭐️⭐️⭐️⭐️⭐️⭐️⭐️⭐️⭐️⭐️⭐️⭐️⭐️⭐️⭐️⭐️⭐️⭐️⭐️⭐️⭐️⭐️⭐️⭐️⭐️⭐️⭐️⭐️⭐️⭐️⭐️⭐️⭐️⭐️⭐️⭐️⭐️⭐️⭐️⭐️⭐️⭐️⭐️⭐️⭐️⭐️⭐️⭐️⭐️⭐️⭐️⭐️⭐️⭐️⭐️⭐️⭐️⭐️⭐️⭐️⭐️⭐️⭐️⭐️⭐️⭐️⭐️⭐️⭐️⭐️⭐️⭐️⭐️⭐️⭐️⭐️⭐️⭐️⭐️⭐️⭐️⭐️⭐️⭐️⭐️⭐️⭐️⭐️⭐️⭐️⭐️⭐️⭐️⭐️⭐️⭐️⭐️⭐️⭐️⭐️⭐️⭐️⭐️⭐️⭐️⭐️⭐️⭐️⭐️⭐️⭐️⭐️⭐️⭐️⭐️⭐️⭐️⭐️⭐️⭐️⭐️⭐️⭐️⭐️,15711634,1572934682
赤色之洋,这是嫌粉丝掉的不够吗，请继续你的表演[无语],208824802,1572934682
鈴仙烏冬面,还真把我从黑名单给放出来了XD,要不是在车万圈子里想要一个和谐文明的气氛，我真想喷你这人，这几天的各种阴阳 扣帽子以及其他zz操作，宁可真是把我恶心吐了[吐],23194571,1572934654
来自遥远非洲的鸽子,说明一下 说明一下 跳过一个还是说明一下,262229374,1572934638
東風谷靈夢,成都也是有东方活动圈子的，涉足此地的车车人欢迎加q群834149868,331891291,1572934622
LVN-Zhang,欢迎加入川渝东方群834149868,171292103,1572934613
只是个新人罢了,咩咩人请继续更新语录，到时候大家加大力度争取给您整本删羊圣经。,20874632,1572934605
红魔馆的红茶杯,米国精分爪巴,99806016,1572934586
五十多岁的三,群里装大爷有趣吗？当面一套背后一套好玩吗？没事，现在没人会原谅你了,12225203,1572934586
阿凯2001,开始了开始了，等等，ex面还昰你？！,129320757,1572934580
多多粮老伞,分享图片\n分享图片\n最后一条分享图片,21891352,1572934559
l風見幽香l,吃了这么多天瓜，也吃烦了。\n双面兽，再见。[阴险],67275900,1572934552
壹键山雏,又来？,22618806,1572934518
抗原大爷,在？被AlphaGoat控制了？,6949741,1572934496
赤色之洋,草，又来,208824802,1572934470
高天原的观测者蕾琪尔,所以请解释一下为什么过河拆桥还顺便瞎扣帽子?别以为你装傻东方众就不知道你主动要求过我们推广哦，作为观测者的我可是什么都知道的呢。对了，你好像还在玩笑里藏刀呢，要不要我把藏着的刀拿出来给大家欣赏一下啊（笑,15853247,1572934448
稀神探女-,b站上的东方宣传科普吐槽视频\n猴懂东系列（囧星人） av3388284–av2685301–av5554568–av6606240\nps：好想囧星人回归啊！\n宣传吐槽向（跑出来玩的）av193740–av486464–av1290053–av13499125\n囧家讲坛（囧仙）av11121070–av1977457–av6167534–av6148478\nps：你的手机屏幕碎了，该换手机了 \n鲜为人知的原作设定 av328873\n东方人妖名鉴 av1758900–av116786–av13794318–av13912515\n毒药带你看东方（短刀与毒药） av6471269–av6659064–av6975187–av7895885–av9727031–av12652746–av17021748\n猩懂东系列（Z星人）av6604821–av6787792–av7159900–av7773611–av7858109–av8317986–av9381880–av9691498–av10061368–av11005962–av12444114–av12658913–av14034296–av15167337–av17362588–av20897002\n东方梗出处（小惜）av13559973–av13760127–av14062006–av14726772–av16444700\n东方相似曲av8290398–av8498232–av9133678–av12343357–av19607044\n只要是动物都能懂东方 av8005490–av8040794–av8384886–av8060024–av11205707–av12092170\n外国大佬给你讲东方 av12021797–av12110411–av12177560–av12308058–av12558826av16229013–av17314344–av15824955–av14145644\nps：可惜这哥们因为抑郁症退坑了。\n特别二次元（机核网） av10105940–av10972822–av17955141–av18478249,7117493,1572934423
超兽王,解除拉黑了，这事好的。,434501106,1572934338
水鸭哥,全篇就四个字 加大力度,13806882,1572934313
SQwatermark,如果你被脚本控制你就眨眨眼,11621025,1572934262
Yongfan_Cui,得，那人难道不是你粉丝？难不成是你小号？,57248328,1572934255
茶道世家,一个  日本中年男子  ，花了  20年\n喝了  40,000,000杯  啤酒\n做了  17部  游戏\n最后只有  600个  粉丝\n(转载的),16908756,1572934253
稀神探女-,再发点长点的科普。\n如果有朋友想了解东方Project（东方到现在已经有24年【从开始制作来算】的历史了）的话就去玩一下原作游戏或者看看官方漫画小说吧，去搜索一下萌娘百科东方专题（https://zh.moegirl.org/Template:%E4%B8%9C%E6%96%B9Project）和THB.wiki （ https://thwiki.cc/）了解一些设定吧。\n刚入坑的萌新建议先去看萌娘百科，萌娘百科讲的车方设定好懂些，之后可以去THB了解一些东方中比较难懂的设定。\n旧作\n东方灵异传（打砖块游戏哪有剧情）\n东方封魔录（巫女与战车少女） \n东方梦时空（巫女与草莓教授）  \n东方幻想乡（巫女与梦幻馆馆主）  \n东方怪绮谈（巫女与魔界之神）\n弹幕类\n东方红魔乡（城管与吸血鬼）\n东方妖妖梦（城管与幽灵） \n东方永夜抄（城管与月人）       \n东方花映冢（好多好多花啊！） \n东方文花帖（记者的故事） \n东方文花帖DS（记者的故事2）\n东方风神录（有个绿毛来搞事了！）\n东方地灵殿（一个笨蛋突然有了力量来搞事）\n东方星莲船（杀马特尼姑出来了） \n东方三月精----妖精大战争（一群笨蛋的故事） \n东方神灵庙（中二病太子复活了！） \n东方辉针城（发起 革 命） \n弹幕天邪鬼（革  命  失败了，快跑！）\n东方绀珠传（干zun传） \n东方天空璋（一位贤者想收弟子，其实她只是来刷存在感）\n秘封噩梦日记（带着智能手机闯荡幻想乡）\n东方鬼形兽（东方朋克2077）,7117493,1572934250
GDZJRZJR,好活，多整点[小电视_赞],6536049,1572934238
抗原大爷,快一东了，哦对了，一东现在是595人\n度 量 单 位 改 制,6949741,1572934217
星期八的虚,夜 袭 珍 珠 港,8917195,1572934216
不要踩我的帽子先生,我认为您要道歉的话闭口不谈东方并管理好您的群员才是最好的方式，而不是搁群里军备竞赛,5892393,1572934183
抗原大爷,我开始怀疑你那些留学什么的读研什么的是不是都是编的，真实身份你的年龄不会超过16，要么就是你的心理年龄太小,6949741,1572934131
外层空间之颜色,服了，还有洗地党觉得是六百人小圈子因为TAG的事迫害无辜高技术UP主呢？\n现在还觉得是因为TAG原因？B站不加东方TAG的BA视频海了去了为什么这货被骂心里没数？求东方有影响力的UP主帮忙转发，完事只口不提，本家十周年纪念日捞自己视频并得瑟超越本家(然而NICO本家2000万播放量谢谢)，轩辕无痕动态动态本意嘲讽东方被限流，这倒好被害妄想当场自爆，评论区爆发一言不发当晚开始运行“几百万自动拉黑删评脚本”，留下对自己有利的言论删除反对言论(置顶了个反讽评论是最骚的)群里管理扬，言雇佣兵暗杀，律师函警告，本人连续发出东方人只有六百人等暴言，结果自己B站动态直接污蔑我们是精日扬言报警倒打一耙(然而一五年满福神社发表反华言论，全员痛骂满福，之前买过碟的人直播掰碟，那时候咩先生在哪呢？)，时态再度发酵后迫真道歉，然后背后搞小动作继续删评\n这就是咩先生,10913201,1572934054
梦符佳月,能不能别解释了，说来说去，除了黑名单，其他几个主要矛盾都没有解决。反而越描越黑，暴露出自己更多缺陷,2059519,1572934030
妹紅妹红碳,突然发现，10个为up充电的有7个都是“内鬼”[滑稽],5497883,1572933975
空灵若现,引发异变的犯人再次出动了\n灵梦啊，去退治他，平息这次异变罢！,34954023,1572933967
秋水之溟,版聊，有钢4玩家吗？咩酱的国策点到哪了？,21804772,1572933951
圣诞苦力怕,bad apple 和东方project的关系如此敏感?你把你和你父母的关系理解为敏感?到底是怎么才能想到敏感一词的,12304404,1572933949
稀神探女-,1月5日和每月15日教授之日\n1月10日椛之日\n2月2日普通的魔法使之日\n2月7日 神子之日\n2月10日 布都之日\n2月10日 荷取之日\n2月10日 二岩之日\n2月10日Neet之日\n2月29日腐肉之日\n3月1日 蕾米灵之日\n3月4日：咪哟之日\n3月7日：早苗之日\n3月10日：觉之日\n3月18日：因幡之日\n3月18日 ZUN生日\n4月6日：妖梦之日\n4月10日：帕露西之日\n5月1日Comparo祭\n5月3日Melee之日\n5月14日 恋恋之日\n5月15日 美铃之日\n5月16日 恋色之日\n6月9日 帕秋莉之日\n6月11日 伞之日\n6月14日 萝莉恋恋之日&amp;无意识之日\n6月15日 包子仙之日\n6月16日 魔爱日\n6月24日 鵺之日\n7月4日 芙兰之日\n7月4日 无名角色之日\n7月6日 南无三之日\n7月7日 露米娅之日\n7月9日 文⑨之日\n7月12日 衣玖之日\n7月14日 幽香之日\n7月16日 七色人形使之日\n7月20日 娜兹玲之日\n8月3日 八坂神奈子之日\n8月5日 八意永琳之日\n8月6日 妖梦之日\n8月6日 文灵之日\n8月9日 厄之日\n8月9日 博丽之日\n8月12日 露娜萨之日\n8月21日 完美之日\n9月6日 诹访子之日\n9月6日 文×早苗之日\n9月8日 辉夜之日\n9月9日 琪露诺之日\n9月9日 易者之日\n9月10日 云居一轮之日\n10月3日 每月萃香之日\n10月4日到6日  天子之日\n10月7日 是—这样吗—日\n10月9日 天狗之日\n10月9日 阿求之日\n10月10日 橙之日\n10月10日 神灵庙之日\n10月15日 魔爱日\n10月21日  每月桑妮之日\n10月25日 屠自古之日\n10月28日 恋恋×2之日\n11月1日  万圣节\n11月7日  立冬  蕾蒂\n11月9日  每月阿空之日\n11月10日 琪斯美之日\n11月11日四张符卡之日\n11月11日  东方百奇之日\n12月3日 哆来咪之日\n12月9日 秘封俱乐部之日\n12月24～25日 厄之圣诞 \n车万传教士 @稀神探女- 所写,7117493,1572933911
稀神探女-,好像评论区有路人，我就顺便传个教。\n科普给不知道东方的朋友：《东方Project》是上海爱丽丝幻乐团所制作的一系列同人游戏和相关作品，以及其二次创作所构成的覆盖游戏、动画、漫画、音乐等诸多方面的领域。此系列游戏的大部分编程、编剧和作画、作曲工作都是由上海爱丽丝幻乐团的唯一成员ZUN负责。总而言之欢迎入教。\n东方到现在已经有24年的历史了（从zun制作开始来算）。还获得世界上同人作品最多的弹幕游戏的吉尼斯世界纪录。想要了解设定的话，刚入坑的萌新建议先去看萌娘百科，萌娘百科讲的东方设定好懂些，之后可以去THB了解一些东方中比较难懂的设定。\n推荐一些b站东方科普视频，猴子也能懂的东方系列，猩猩也能懂的东方系列，也能懂的东方系列，东方宣传吐槽向，校长的东方讲堂，东方人妖名鉴系列，囧家讲坛，【东方】你不知道的原作设定，机核东方【特别二次元】，毒药带你看东方。,7117493,1572933891
独孤丞太康,考完试我定会继续追踪，等着。[阴险],288355728,1572933889
来自遥远非洲的鸽子,声明一下 其实我是脚本的小号\n脚本让我给您带个话 只要你们投降皇军\n保证让你们这个595人的小圈子好处大大的有[doge],262229374,1572933873
抗原大爷,忽然发现好像有一批一般路过所以顺手传一波教\n东方 全名东方project 是优秀的acg文化作品\n有意愿了解者 b战搜索 猴子也能懂的东方project  或猩猩也能懂的东方project \n详情可去thbwiki.cc,6949741,1572933856
佐佐木琪露诺,删羊啊删羊啊你为什么要说明，删羊啊删羊啊你为什么要说明，是因为了解了那个群友的心，而陷入恐惧了吗~~♪♪,107042878,1572933830
灵鳥路空,ex面怎么又是你,177259080,1572933824
抗原大爷,用不用我这个曾是初中语文课代表的憨批教教你说话？,6949741,1572933794
独孤丞太康,看来上一条动态是慕尼黑,288355728,1572933784
只是个新人罢了,劝您一句早点认错吧，群里一句，阿b一句，您迟早精神分裂啊。,20874632,1572933758
幻梦樱璃,我是站里的一员，我就来吃个瓜（看热闹不嫌事儿大），倒是觉得群里的人大多挺闲的，你指望600人小圈子的管你这些呢，另外动态上面截图实在有点断章取义啊，这些个电子我也不了解你们在这儿热闹就完事儿了[嫌弃],227868562,1572933739
雾雨玛丽萨,我们无聊的才管你，您的行为除了惹我们厌烦没什么别的意义，乌鸦再怎么洗都是黑的,9167169,1572933737
咩6324,纯脚本，作为站里的一员，我觉得up主横眉冷对千夫指的态度实在是令人钦佩，什么，只有595人？那没事了,480262617,1572933708
来自东♂方的哲学家♂,你在群里能像在动态里好好说话吗？我寻思你也不是精神分裂啊,1708305,1572933691
来自遥远非洲的鸽子,我是站里的一员，我就来吃个瓜（看热闹不嫌事儿大），倒是觉得群里的人大多挺闲的，你指望600人小圈子的管你这些呢，另外动态上面截图实在有点断章取义啊，这些个电子我也不了解你们在这儿热闹就完事儿了[嫌弃],262229374,1572933671
雾雨玛丽萨,洗锅开始了,9167169,1572933651
一般通过大酱,我是站里的一员，我就来吃个瓜（看热闹不嫌事儿大），倒是觉得群里的人大多挺闲的，你指望600人小圈子的管你这些呢，另外动态上面截图实在有点断章取义啊，这些个电子我也不了解你们在这儿热闹就完事儿了[嫌弃],188493595,1572933647
兰兰露,又开始蹦哒了？,4863236,1572933615
来自遥远非洲的鸽子,忽然发现好像有一批一般路过所以顺手传一波教\n东方 全名东方project 是优秀的acg文化作品\n有意愿了解者 b战搜索 猴子也能懂的东方project  或猩猩也能懂的东方project \n详情可去thbwiki.cc,262229374,1572933576
抗原大爷,你说话说清楚好吗？多说点说明白了又不收费！,6949741,1572933575
NeonNeet,您又开始了？,27663434,1572933573
独孤丞太康,我是站里的一员，我就来吃个瓜（看热闹不嫌事儿大），倒是觉得群里的人大多挺闲的，你指望600人小圈子的管你这些呢，另外动态上面截图实在有点断章取义啊，这些个电子我也不了解你们在这儿热闹就完事儿了[嫌弃],288355728,1572933548
ミクのCharlotte,距离二战又进了一步。\n我希望您放下您那点所谓的架子，痛痛快快地认个错，交出口嗨管理，把一切问题和事情一次性地、快速地解决和处理妥当，然后收尾结束，留下一个不令人遗憾的结局，这才是大部分人想要的结果。\n除此之外，您再如何解释，都是在转移话题，只能说明您的道歉并非真心实意，只是因为踢到钢板不好对付所以想乘早逃离敷衍了事罢了。这点已经很清楚了。如果您继续搞这些花里胡哨的把戏，事情就永远不会停止。我无法保证这件事情不会牵连到您的视频制作和投稿计划。如果您以后还想继续制作视频投稿的话，是否应该慎重、严肃地考虑一下这点呢??,14216346,1572933518
芙兰朵露-斯卡-雷特,我是站里的一员，我就来吃个瓜（看热闹不嫌事儿大），倒是觉得群里的人大多挺闲的，你指望600人小圈子的管你这些呢，另外动态上面截图实在有点断章取义啊，这些个电子我也不了解你们在这儿热闹就完事儿了[嫌弃],283269718,1572933510
Nikeite,当年说倾墨的一众咩小将怎么不出来为你们的阿婆煮洗地了？虽然倾墨的部分行为确实欠揍就是了。,10421232,1572933479
佐佐木琪露诺,我椅子在这里等砸你~这是从我身上的某处，某个时间诞生的声音~~♪,107042878,1572933387
SQwatermark,绝了，你这是自讨苦吃,11621025,1572933238
济宁附高李元浩,东方是啥,90327518,1572933207
独霸一方-_-,我是群里的一员，我就来吃个瓜（看热闹不嫌事儿大），倒是觉得评论里的人大多挺闲的，你指望学电子的管你这些呢，另外B乎上面截图实在有点断章取义啊，这些个圈子我也不了解你们在这儿热闹就完事儿了[嫌弃],159412769,1572933156
Shamemaru_Aya,说明八下\n1.为什么做ba视频不加东方tag？\n答：車万（しゃまん）人最讨厌东方tag，所有咩加的东方tag都被車万人举报掉了（举报次数不详）。\n2.为什么说东方只有六百人？\n答：咩经过大量极其精密的数据统计和计算再乘以根号二，仔细想想觉得不可靠，于是又整了个爬虫，在b站爬出来的，符合现实观测。\n3.为什么说东方和車万是文盲梗？\n答：这是因为咩没有弄清东方和車万是两个圈子，误以为是一个圈子才得出的结论。\n4.为什么质疑东方“一个极其亲日本群体为何如此嚣张”？\n答：咩做过难以计数甚至爬虫都爬不出具体数量的ba视频，是极度亲日本个人，所以质疑的重点不是亲日本，而是质疑群体为何如此嚣张。\n5.为什么艾特团团请求鉴定东方project爱好者对香港的言论？\n答：咩除了是极度亲日本个人以外，同时还是极度亲中国个人，自然会对香港问题这样关乎中国国家主权领土完整民族繁荣经济发展社会进步和如何更好地实现中华民族伟大复兴的事情十分上心。\n6.为什么做道歉动态下拉黑控评？\n答：不是咩拉黑控评，是脚本干的（或许还有爬虫的协助）。\n7.为什么删除道歉动态？\n答：咩经过一番充分的反思，发现可以删除道歉动态，于是删除了道歉动态，只保留说明动态。\n8.群管理说的“雇佣兵枪击”是怎么回事？\n答：咩在美国读研，而在美国枪击事件属于家常便饭，比日本的地震还要频繁，所以管理只是在讨论日常话题而已。\n\n如有更多疑问，欢迎补充。复制,23154567,1572933142
ゼロの世界,嘿，又有瓜了[吃瓜],8063194,1572933135
58847101155_bili,六面是你ex又是你怎么跟摩多罗似的,360181671,1572933085
只是个新人罢了,您先把我3天内从一个大活人变成被外籍雇佣兵枪杀的595精日文盲CIA特务娘娘带着的芳香的事解释清楚再说？您给东方众扣头上的帽子但凡有一顶不解释清楚您这事就没法完。,20874632,1572933066
cornerfish,对内硬汉，对外车欠，这就事24万粉的大物么？,15157346,1572933055
不要踩我的帽子先生,“举报移除评论1856条”“举报封禁998人”“这次的事件影响率0.335869%”咩大佐，收了您的神通吧,5892393,1572933026
抗原大爷,自 感 线 圈 过 热 氧 化,6949741,1572933025
OdaNobunaga152,在b站我低声下气，在q群我重👊🏻出击，真有你的啊，咩带佐,3249617,1572932990
末日剑客,被迫道歉毫无悔意，蹭热度不成就给别人扣大帽子，有这时间干啥不好啊,3124696,1572932987
外层空间之颜色,技术带手能删除别人动态的脚本来一个好吗？秋梨膏！,10913201,1572932967
抗原大爷,二 十 万 阴 兵\n为什么他们不在万圣节活动？\n因为他们不过洋节！,6949741,1572932941
佐佐木琪露诺,speech deleter~堂堂删羊闪亮登场~♪\n脚本电路突破~工作已到临界点~♪\neasy gamer~面不改色安然口嗨~♪\nspeech deleter~必杀脚本倾泻而出，绝对削除近在眼前~♪,107042878,1572932922
cornerfish,当面一套，背后一套，真有宁的啊,15157346,1572932895
来自遥远非洲的鸽子,无奖竞猜\n本次事件后 咩皇的处境如何？,262229374,1572932875
茶道世家,真就20万人基本上都按兵不动呗，俺寻思这事情这么长时间了也没几个洗地的，难不成你这粉也都是脚本？我暂且蒙在鼓里,16908756,1572932830
无能狂怒土猩猩,可以来个瓜么[无语],9519337,1572932829
海月晴岚,。。。,312349235,1572932825
SpringEagle,最最最最后一次声明，真的嘴厚一次[微笑],34722082,1572932811
末日剑客,庆幸你得罪的是车车人，要是狗粉丝早把你骂自闭了,3124696,1572932808
芙兰咄陆,很好，既然他们要战争，那就给他们战争！,5153949,1572932805
Z员外,“我不能决定他们的聊天内容”那你群真的好厉害，粉丝可以把你的脚本记录翻出来，那个和你同名的咩酱看来是个黑客呢，要不要帮你报案啊？,11593589,1572932789
来自遥远非洲的鸽子,推荐优秀二次创作\nav74371232,262229374,1572932742
来自遥远非洲的鸽子,全面战争,262229374,1572932724
Six_can,吊啊大佬，您就好好听着捧你臭脚的臭屁话罢，明面上你不说大部分人也懒得说你，这事热度也就过去了，不过两面三刀您可真是个废物，抱着您那点优越感自己玩去8啊\n对您抱有一点点期待实在是瞎了狗眼，对，对您有期待我真她妈废物,5774431,1572932723
悠远旅人,你\n是技术大佬\n你喜欢删评\n你有脚本\n你有镇站之宝\n你从不把BA作为东方二创\n记住\n你的名字叫作\n咩乙己\n2016咩金手机\n钛合金脚本\n包裹UC进口小标题\n视网膜高清黑名单\n528万播放\n600人小圈子\n向雇兵的人生致敬\n2016咩金手机\n专属一对一保密脚本\n人机分离十米自动删评\n镇站之宝与N站原版只差一点点距离\n这段距离\n叫2000多万播放\n忘带会宣传\n丢失就删除\n脚本不工作\n粉丝不说话\n2016咩金手机\n隐形删评\n加密雇兵\n无痕迹tag\n幸福往往是宣传\n而恰烂钱却常常隐藏\n这就是B站\n你的车万\n文盲不懂\n隐形删评\n加密雇兵\n无痕迹加tag\n能一直装死\n会无能狂怒\n2016咩金手机\r\r-转自知乎某匿名大佬,4913815,1572932713
抗原大爷,推荐优秀二次创作\nav74371232,6949741,1572932665
Kete8,宁自己管自己叫群友,229590417,1572932615
来自遥远非洲的鸽子,干就完了 奥利给！,262229374,1572932571
纯粹的弹幕地狱,ex面——奖励给极其优秀的玩家,444767543,1572932469
邪馬台與桃姬,Never Mind the Scandal and Libel，加油做自己袄,6831403,1572932453
用户5209213217,捞视频时从东方project一字一句全打出来一直求到囧仙，你会不清楚东方和bad的亲密关系？能不能圆的完整一点？\n如果只是单独发，还有可能是意见不同。前脚捞完后脚翻脸，就单这种过河拆桥的行为本身也很恶心\n加tag真的无所谓，你自己也发现了反正道歉了，说明一下情况后就算了了。希望不要死灰复燃。,103409646,1572932403
秋水之溟,咩酱，教你如何解决这次事件：我被人工智能控制了，对不起,21804772,1572932399
古明地热,再发一遍\nhttps://www.zhihu.com/question/353654052/answer/878859062\n翻到此回答最后几张图可以看见咩带佐还在跳，，可见道歉都是放p\n如果懒得翻可以看这个。。http://tieba.baidu.com/p/6325295222?share=9105&amp;fr=share&amp;see_lz=0&amp;sfc=copy&amp;client_type=2&amp;client_version=10.3.8.12&amp;st=1572932340&amp;unique=4334704C9F09AD74E9DADA59C7B167CC,22773221,1572932376
来自遥远非洲的鸽子,推荐优秀二次创作\nav74371232,262229374,1572932363
来自遥远非洲的鸽子,这个号基本上已经废了 建议尽快处理,262229374,1572932293
SCP非官方指定解说员,搁着之前的动态是宁的缓兵之计喽?[囧],2059632,1572932225
幻梦樱璃,感谢您，您已经没有任何机会了，从评论风气感觉主和派不知道，可能中立派要求您道歉，主战派总体思想是想要您账号的项上人头呢，或者交给国家部门让您出道也是可以的呢，亲,227868562,1572932224
サリエリの-隣人,解释一下为什么点赞人里有一半是五级以上https://t.bilibili.com/318125882565943847?share_source=copy_link&amp;share_medium=android,35822724,1572932212
怎么改名字灬,咋不直接说你被盗号了 这么好用的借口不用吗？,221615336,1572932189
来自遥远非洲的鸽子,我建议你们可以也派595人来\n单方面的喷有点无聊[doge],262229374,1572932176
超高校级的聋瞎,又开始了......,178340644,1572932154
369871C,请停止视频控评，把你成精的脚本绑了送中科院研究,68376317,1572932148
不穿PAD的16,精神胜利 最幸福的羊,14970822,1572932140
终焉之尼德霍格,我曾说不愿b站变为b战\n　　我曾说不愿让嘲讽断绝可能萌生的友情\n　　我曾劝告他人面对争吵应保持平常心\n　　我曾号召众生一起来抵制恶意满满的言语\n　　我说——谩骂与嘲讽只是伤害，不能提高任何知识水平\n　　我说——应当从我做起，维护良好的社区环境\n　　“以直报怨，以德报德”\n　　“一个人，水平很高，能力很强，\n　　那么，他的内心应该是宁静而平和的，\n　　因为他经历了很多。\n　　他的谈吐应该是文雅而礼貌的，\n　　因为他知道这样才能让我侧耳倾听。”\n　　所以\n　　咩咩咩，应当如绵羊一般\n　　“语气温和而诚恳，\n　　因为他希望我能听到他的意见；\n　　因为他希望我能接受他的建议；\n　　因为他把我当做朋友”\n　　啊哈，我是如此的理智谦和，简直如翩翩君子，一字一句简直精妙绝伦……\n　　可是，\n　　为何尔等皆不愿从吾所愿呢！\n　　难道吾便不能拒绝感谢了吗！\n　　难道我说了极度自我意识下的话语就有错了吗！\n　　难道我拿了你们的东西便一定要赐予尔等微笑吗！\n　　难道我如党而不群者一般行事便不可吗！\n　　你们的话语确实未加荆棘……\n　　但是，我很生气啊！\n　　咩咩咩一般的动听言论呢，你们六百人莫非忘了余的教诲！\n　　文化的多元性呢！\n　　bad apple的独立性呢！\n　　为什么你们车万project用户要把一个东方project的二创曲强行与車万扯上关系呢？\n　　一直以来，你们不是都忍了吗！\n　　这，便是白丁的愤怒吗！\n　　車萬？丈育？\n　　我看不懂，也不想看\n　　六百人的小团体焉敢辱我至此！\n　　乏了，倦了，我明白了……\n　　尔等，均是親鈤！\n　　无需多说，我一人足可断语！\n　　再休复言，车万党皆为叛逆！\n　　以德报德？对不起，尔等有，我尚缺\n　　以直报怨？真恶心，这是谁提倡的狗屁道理！\n　　朕，怒了！\n　　本尊高举虚实难料的爱国旗帜，五星护身，将以一人履紫薇之意！\n　　你说本座之行是对昔日言语的亵渎？\n　　你说寡人之语是对真心爱国者的侮辱？\n　　可笑，我为咩皇，自古与恶魔同称，上帝遗弃之子，岂可与尔等凡羊同尊？\n　　仁义道德算个毛，寡廉鲜耻算个屁！\n　　孤即使千夫所指，势必踏平尔等！\n　　因为，不忘初心，\n　　因为，我曾说过：\n　　不要让b站变成b战\n　　泪，流了下来\n　　……\n　　朕，错了\n　　本皇真的错了！\n　　孤道歉\n　　所以，你们原谅寡人吧！\n　　毕竟，近侍矫旨，何罪于孤？,17708028,1572932072
秋水之溟,咩酱，刨掉595东方众，你的24万多粉丝去哪了？咋全是喷你的？,21804772,1572932015
来自遥远非洲的鸽子,放弃和解 全力进攻,262229374,1572931980
OdaNobunaga152,恁准备放弃和谈那也请做好二战准备嗷，恁觉得这是和平，这只是一个一天的停战协定罢辽,3249617,1572931975
瑾瑜哒,这么快就要给机会了啊,448263837,1572931937
563641,27 小 时 停 火 协 定,8019129,1572931919
ArSepteven,呕,12001270,1572931906
369871C,有人让一位著名画家创作一幅名为《咩2016在道歉》的画。画完成后他前来验收，结果让他大吃一惊：画面上是一个成精的程序在操作电脑。“这是什么？！”他疑惑的问。“这是咩2016的删评脚本。”画家答道。 “它在做什么?” “删除视频下面的评论。” “咩2016在哪里？”咩2016在道歉。”画家答道。,68376317,1572931850
提督是中二病,醒醒吧…你的所作所为已经被595东方众知晓了。当面一套背后一套玩的挺溜，可惜要想人不知除非己莫为。当你单方面撕毁和平条约的时候，这场战争就再也无法停止了！原谅，是不存在第二次的。或许我们拿你没办法…但还真当咱幻想乡里没能人？,19883894,1572931836
奎恩-格雷迈恩,多位一体（指自己和群友）,99434952,1572931826
Z员外,现在这事情已经不是道歉收的了场的，群内口嗨这种小人的行为可不是一位大up应有的气度，你已经把你的机会败光了,11593589,1572931825
--纯狐--,你是不对道歉后悔。\n你道个锤子的歉了啊阴阳人？,11526362,1572931820
绽放鲜血之花,悲，隔壁囧仙动态八千人点赞，超过百分之九十有4级,312097686,1572931782
茶道世家,偷 袭 珍 珠 港,16908756,1572931778
幼靈梦,拉黑我！拉黑我！有能力就拉黑我啊[响指],5879203,1572931770
Coma-White,一般通过游戏玩家看到宁的样子开始思考人生，对于如何避免因追求学历导致情商下降这种情况产生焦虑。,5371995,1572931768
办卡王皮卡qwq,其实我并不是东方圈，但挺喜欢东方这个游戏及衍生同人创作的。\n东方被叫车万，我理解是错字梗，好像也就是错字梗。越 共，只是说人数看上去少，一有事情就出来一群，数量不明。具体流量可以参考东方华灯宴 广大东方视频创作者及各地tho活动。言多必失，听多必愚，望up莫受干扰，仔细回顾整个事件，从两方之中跳出，冷静思考。过激言论者宜付有司论其罚，莫用私刑。愿事情早日平息。\n删掉重发，只因本人不自信，无他意。@咩2016,23823263,1572931758
★LR攻君略IOゎ,事到如今还能主和的话，咱都可以怀疑是水军了,13735463,1572931737
禄存天玑,视频评论区将近240条删除评论暂时统计完毕（不完全），https://git.io/Je2Dc,2117299,1572931704
★LR攻君略IOゎ,这种东西已经不用给它任何机会了,13735463,1572931687
戈鲁多,好哥哥你又是把哪个和你对线的人送进局子里喝茶了呢？,331281233,1572931683
来自遥远非洲的鸽子,你要是像这样完全不想悔改就直说 我们方便一起上去骂你,262229374,1572931645
★LR攻君略IOゎ,你已经没有信任可以消费了，要不用恰到的烂💰请些阴兵来剿灭我们600勇？应该是600猎马人了，就算给咱磕头也不会原谅你的了,13735463,1572931610
幻梦樱璃,到现在仍在以什么所谓的tag引流\r\r说明一下\rtag就和你的脸一样，无足轻重，不要也罢\r\r补充一下，我们的问题是你翻脸不认人的弟弟背刺行为\r\r说明一下\r您的扣帽子行为人间大赏\r\r补充一下，您的两面三刀绝前空后,227868562,1572931599
独孤丞太康,雾雨魔理沙：fdhfhgchcggcgu(All hall Alice Megatron！),288355728,1572931582
来自遥远非洲的鸽子,硬核作死系列 完全吐槽不能,262229374,1572931581
佐佐木琪露诺,for mother zun，yyppppaaaaaa,107042878,1572931573
戈鲁多,好哥哥你又在群里讲了什么批话啊(=・ω・=),331281233,1572931547
独孤丞太康,雾雨魔理沙：gxchcycyfcy(雾雨魔理沙报告中……),288355728,1572931542
托卡列夫毁灭魔炮,想恰烂钱又死要面子，您还不如八哥。,57935470,1572931542
_Withered,你\n是技术大佬\n你喜欢删评\n你有脚本\n你有镇站之宝\n你从不把BA作为东方二创\n记住\n你的名字叫作\n咩乙己\n2016咩金手机\n钛合金脚本\n包裹UC进口小标题\n视网膜高清黑名单\n528万播放\n600人小圈子\n向雇兵的人生致敬\n2016咩金手机\n专属一对一保密脚本\n人机分离十米自动删评\n镇站之宝与N站原版只差一点点距离\n这段距离\n叫2000多万播放\n忘带会宣传\n丢失就删除\n脚本不工作\n粉丝不说话\n2016咩金手机\n隐形删评\n加密雇兵\n无痕迹tag\n幸福往往是宣传\n而恰烂钱却常常隐藏\n这就是B站\n你的车万\n文盲不懂\n隐形删评\n加密雇兵\n无痕迹加tag\n能一直装死\n会无能狂怒\n2016咩金手机\r\r-转自知乎某匿名大佬,49716371,1572931532
♂诸葛琴魔♂,整你们车万的是6102 跟我咩有什么关系  你们这些人不要把两个人混在一起啊！,17480031,1572931527
聪明强大的琪露诺酱,众所周知删羊的群里除了本体和内鬼其他全是小号,12070284,1572931523
独孤丞太康,魂魄妖梦：gfhfgcycf(魂魄妖梦报告……),288355728,1572931513
sluqy671,帽子先生是我的好朋友,7303805,1572931501
cornerfish,把宁的社会精英管理拉出来乐乐呗,15157346,1572931497
现世的秘术师,Ex面开启。\n*好了，现在是对越自卫反击战*,18323620,1572931486
独孤丞太康,铃仙优昙华院因幡：gdhfgdhchjgc(铃仙优昙华院因幡报告……),288355728,1572931483
蕾米莉亚-斯卡雷特゚,这个b就是恰够烂钱翻脸不认人 没一点道歉的诚心 你一个个动态说明了个⚒️？ 有本事500万播放拿的钱全捐出去。,19399966,1572931479
来自遥远非洲的鸽子,还有当年管理的事您没忘吧 你们群管理迟早要出来谢罪,262229374,1572931441
独孤丞太康,东风谷早苗：gdydyfydyg(东风谷早苗报告……),288355728,1572931404
帕奇利兹パチリス,精日帽子扣完现在还想在群里扣zz帽子，恁就是帽子的好朋友?,11569451,1572931403
虚芷幻灵,希望您能具体解释一下，之前的事指什么,291462041,1572931379
CHocARAtooo,草，，，咩大佐新活绝赞放送中\n咩来了，我们鼓掌👏,36111283,1572931375
军萌道流,越共，草，话说这么快就二战了？[吃瓜],96961144,1572931370
独孤丞太康,十六夜咲夜：hydyfyxchtyffy(十六夜咲夜报告……),288355728,1572931367
幻梦樱璃,没人要求你约束你的群员，你把管理员信息爆出来都做不到？\r这里装死认怂，背地群里继续ky当土皇帝？\r举报给B站？网警？不好意思，我们不吃这一套，看看B站和网警会帮谁,227868562,1572931340
支点与侧卫,大家都累了，这么多天也都烦了，非要把事情闹得无可挽回吗[捂脸]退一步海阔天空，再这样下去对谁有好处[捂脸][捂脸],266702839,1572931340
独孤丞太康,博丽灵梦：gxhfdhdhft，fyggx，gccgc(这里是博丽灵梦，所有自机，季节报告),288355728,1572931334
来自遥远非洲的鸽子,你完全没有为道歉后悔  因为么玩意就不叫道歉\n里面说的你哪一条照做了？,262229374,1572931326
隔夜大葱,所以群里的口嗨是你发的还是托比欧发的？[抠鼻],364211,1572931294
独孤丞太康,发现咩大佐作死的踪迹后。\n蓬莱、上海人偶：dycgxgfgcf(拟塞星文，下同)(发现咩大佐),288355728,1572931273
聪明强大的琪露诺酱,得了，也别交管理了，宁把宁群解散了8,12070284,1572931263
Z员外,你群里的发言截图可以一张张全部被我们存着，你如果期望靠这么一条声明把你自己和群的关系抛干净，那你就大错特错了，你敢说群里黑屁的人不是你？,11593589,1572931259
布鲁恩,已经快九回了，九   阴   真   经,14471325,1572931257
幻梦樱璃,新战场开辟了？说明您也坐立不安啊？不过这高强度，把您的语录整理一下一块上天瞅瞅？,227868562,1572931246
来自遥远非洲的鸽子,完全放弃道歉行为 开始进行毫无必要的说明,262229374,1572931238
乾团神様,好了好了，二战爆发（）,93843993,1572931224
Kayi---,呕,34749305,1572931202
虚空来声,所以管理呢管理呢管理呢。\n坐飞机和管理面谈也不需要这么久8？,34360388,1572931182
eldTan厄火子,你和你的群友是同一个人？而且口嗨管理的处理呢，你还真就想蒙混过关，当我们东方众是金鱼？我寻思你们群主加管理连一个群的规矩都管不好咯，说什么睁一只眼闭一只眼都是好听了。B站唯唯诺诺，Q群重👊出击,20278208,1572931155
来自遥远非洲的鸽子,过于迷惑 无法理解 这次好像完全没有道歉呢,262229374,1572931136
7萝卜的松鼠,你把你群管理给我扬咯,10429629,1572931109
--纯狐--,醒醒，那是你的语录。这就把言论锅扣到你自己群友身上了？？,11526362,1572931096
独孤丞太康,Alice Megatron：Deceptions！保持队形，都给俺骚！,288355728,1572931095
silent碎月,东方咩咩转，ex面,40140732,1572931090
芙兰朵露-斯卡-雷特,那我们不如来讨论一下咩吧您群里的申必新言论如何？(转),283269718,1572931074
艾卡苗,还是没有把大家关注的问题回答 而且 你这第四点的说明为何让人有点感到不爽,37900009,1572931066
--纯狐--,分享图片，真就不会说话呗,11526362,1572931062
Z员外,如果你不对群内发言进行管理，我们也不得不进行第二次爆破了呢，我应该说过接受道歉不等于原谅,11593589,1572931060
来自遥远非洲的鸽子,顺便 BA和东方的关系本不算太敏感 是你自己作死罢了,262229374,1572931053
帕奇利兹パチリス,恁要是持续硬汉我们也没办法，毕竟昨天给你台阶了你不要,11569451,1572931044
我的工业2,本来ba东方关系的问题没这么敏感\n前人都认真加上东方tag，直到你这一届,3749614,1572931020
帕奇利兹パチリス,👴笑了，你不能决定群友讨论内容，你不是群主?看见不合适的言论不会撤回警告?我现在真的觉得你情商有问题,11569451,1572930977
独孤丞太康,雇佣兵再次来袭，保持队形，不要被他们抓住把柄,288355728,1572930954
来自遥远非洲的鸽子,我无法忍受你的行为,262229374,1572930953
来自东♂方的哲学家♂,让我进群，好吗？,1708305,1572930944
来自遥远非洲的鸽子,你够了,262229374,1572930905
芙兰朵露-斯卡-雷特,您 来 了,283269718,1572930889
Z员外,那么意思是群内问题解决不了？,11593589,1572930887
懷古傷己,贴吧估计一会又调兵过来了,227075311,1572930884
咩6324,宁管宁自己叫部分群友？宁就是迪亚波罗？,480262617,1572930882
懒挞挞的银蛇,一部分(指1/√2*100%),132935710,1572930858
来自遥远非洲的鸽子,毫无诚意 加大力度,262229374,1572930841
来自遥远非洲的鸽子,来新活了！,262229374,1572930807
卡密da,加大力度，奥利给，技术大佬冲鸭[打call],76576034,1572930794
一般通过大酱,你又开始了,188493595,1572930785
佐佐木琪露诺,这次不说明了草,107042878,1572930769
--纯狐--,你 是 你 自 己 的 群 友？\n评论区十小时时空断裂，你脚本真成精了？,11526362,1572930739
艾历克斯小队长,说明八下\n1.为什么做ba视频不加东方tag？\n答：車万（しゃまん）人最讨厌东方tag，所有咩加的东方tag都被車万人举报掉了（举报次数不详）。\n2.为什么说东方只有六百人？\n答：咩经过大量极其精密的数据统计和计算再乘以根号二，仔细想想觉得不可靠，于是又整了个爬虫，在b站爬出来的，符合现实观测。\n3.为什么说东方和車万是文盲梗？\n答：这是因为咩没有弄清东方和車万是两个圈子，误以为是一个圈子才得出的结论。\n4.为什么质疑东方“一个极其亲日本群体为何如此嚣张”？\n答：咩做过难以计数甚至爬虫都爬不出具体数量的ba视频，是极度亲日本个人，所以质疑的重点不是亲日本，而是质疑群体为何如此嚣张。\n5.为什么艾特团团请求鉴定东方project爱好者对香港的言论？\n答：咩除了是极度亲日本个人以外，同时还是极度亲中国个人，自然会对香港问题这样关乎中国国家主权领土完整民族繁荣经济发展社会进步和如何更好地实现中华民族伟大复兴的事情十分上心。\n6.为什么做道歉动态下拉黑控评？\n答：不是咩拉黑控评，是脚本干的（或许还有爬虫的协助）。\n7.为什么删除道歉动态？\n答：咩经过一番充分的反思，发现可以删除道歉动态，于是删除了道歉动态，只保留说明动态。\n8.群管理说的“雇佣兵枪击”是怎么回事？\n答：咩在美国读研，而在美国枪击事件属于家常便饭，比日本的地震还要频繁，所以管理只是在讨论日常话题而已。\n\n如有更多疑问，欢迎补充。,163279947,1572930729
是你的浅汐啊,ex面要来了,10956571,1572930688
有馬贵將,九回啊九回！,10175174,1572930647
托卡列夫毁灭魔炮,那我们不如来讨论一下咩吧您群里的申必新言论如何？,57935470,1572930645
DDDQDDD,呸,177602517,1572930603
幻想曲丶丶丶,讲道理  一个标签搞得这么累    东西还是那个东西    你们这群人真的无聊,28293443,1572930578
懷古傷己,不知道还会不会出ex面,227075311,1572930551
帝国模因,补充9下（,14794299,1572930515
sluqy671,说明一下（,7303805,1572930504
懷古傷己,就说什么时候把那个所谓的管理拉出来,227075311,1572930480
懷古傷己,又来了,227075311,1572930418
早苗-马卡洛夫official,第一,7034347,1572930410
