uname,message,uid,ctime
来自遥远非洲的鸽子,推荐优秀二次创作\nav74371232,262229374,1572932742
来自遥远非洲的鸽子,全面战争,262229374,1572932724
Six_can,吊啊大佬，您就好好听着捧你臭脚的臭屁话罢，明面上你不说大部分人也懒得说你，这事热度也就过去了，不过两面三刀您可真是个废物，抱着您那点优越感自己玩去8啊\n对您抱有一点点期待实在是瞎了狗眼，对，对您有期待我真她妈废物,5774431,1572932723
悠远旅人,你\n是技术大佬\n你喜欢删评\n你有脚本\n你有镇站之宝\n你从不把BA作为东方二创\n记住\n你的名字叫作\n咩乙己\n2016咩金手机\n钛合金脚本\n包裹UC进口小标题\n视网膜高清黑名单\n528万播放\n600人小圈子\n向雇兵的人生致敬\n2016咩金手机\n专属一对一保密脚本\n人机分离十米自动删评\n镇站之宝与N站原版只差一点点距离\n这段距离\n叫2000多万播放\n忘带会宣传\n丢失就删除\n脚本不工作\n粉丝不说话\n2016咩金手机\n隐形删评\n加密雇兵\n无痕迹tag\n幸福往往是宣传\n而恰烂钱却常常隐藏\n这就是B站\n你的车万\n文盲不懂\n隐形删评\n加密雇兵\n无痕迹加tag\n能一直装死\n会无能狂怒\n2016咩金手机-转自知乎某匿名大佬,4913815,1572932713
独孤丞太康,行了，这下子你就算跪下来求我们也没有用了，我们能给你留全尸就算仁慈了。,288355728,1572932697
抗原大爷,推荐优秀二次创作\nav74371232,6949741,1572932665
外层空间之颜色,经 典 回 顾\n圣 经 诵 唱\n带 佬 求 转\n十 五 自 捞\n超 越 本 家\n百 万 脚 本\n阴 冰 洗 地\n六 百 勇 士\n全 员 文 盲\n盖 帽 达 人\n骨 冰 警 告\n群 内 口 嗨\n群 外 神 隐,10913201,1572932665
Kete8,宁自己管自己叫群友,229590417,1572932615
来自遥远非洲的鸽子,干就完了 奥利给！,262229374,1572932571
纯粹的弹幕地狱,ex面——奖励给极其优秀的玩家,444767543,1572932469
邪馬台與桃姬,Never Mind the Scandal and Libel，加油做自己袄,6831403,1572932453
用户5209213217,捞视频时从东方project一字一句全打出来一直求到囧仙，你会不清楚东方和bad的亲密关系？能不能圆的完整一点？\n如果只是单独发，还有可能是意见不同。前脚捞完后脚翻脸，就单这种过河拆桥的行为本身也很恶心\n加tag真的无所谓，你自己也发现了反正道歉了，说明一下情况后就算了了。希望不要死灰复燃。,103409646,1572932403
秋水之溟,咩酱，教你如何解决这次事件：我被人工智能控制了，对不起,21804772,1572932399
古明地热,再发一遍\nhttps://www.zhihu.com/question/353654052/answer/878859062\n翻到此回答最后几张图可以看见咩带佐还在跳，，可见道歉都是放p\n如果懒得翻可以看这个。。http://tieba.baidu.com/p/6325295222?share=9105&amp;fr=share&amp;see_lz=0&amp;sfc=copy&amp;client_type=2&amp;client_version=10.3.8.12&amp;st=1572932340&amp;unique=4334704C9F09AD74E9DADA59C7B167CC,22773221,1572932376
来自遥远非洲的鸽子,推荐优秀二次创作\nav74371232,262229374,1572932363
来自遥远非洲的鸽子,这个号基本上已经废了 建议尽快处理,262229374,1572932293
SCP非官方指定解说员,搁着之前的动态是宁的缓兵之计喽?[囧],2059632,1572932225
幻梦樱璃,感谢您，您已经没有任何机会了，从评论风气感觉主和派不知道，可能中立派要求您道歉，主战派总体思想是想要您账号的项上人头呢，或者交给国家部门让您出道也是可以的呢，亲,227868562,1572932224
サリエリの-隣人,解释一下为什么点赞人里有一半是五级以上https://t.bilibili.com/318125882565943847?share_source=copy_link&amp;share_medium=android,35822724,1572932212
怎么改名字灬,咋不直接说你被盗号了 这么好用的借口不用吗？,221615336,1572932189
来自遥远非洲的鸽子,我建议你们可以也派595人来\n单方面的喷有点无聊[doge],262229374,1572932176
超高校级的聋瞎,又开始了......,178340644,1572932154
369871C,请停止视频控评，把你成精的脚本绑了送中科院研究,68376317,1572932148
不穿PAD的16,精神胜利 最幸福的羊,14970822,1572932140
终焉之尼德霍格,我曾说不愿b站变为b战\n　　我曾说不愿让嘲讽断绝可能萌生的友情\n　　我曾劝告他人面对争吵应保持平常心\n　　我曾号召众生一起来抵制恶意满满的言语\n　　我说——谩骂与嘲讽只是伤害，不能提高任何知识水平\n　　我说——应当从我做起，维护良好的社区环境\n　　“以直报怨，以德报德”\n　　“一个人，水平很高，能力很强，\n　　那么，他的内心应该是宁静而平和的，\n　　因为他经历了很多。\n　　他的谈吐应该是文雅而礼貌的，\n　　因为他知道这样才能让我侧耳倾听。”\n　　所以\n　　咩咩咩，应当如绵羊一般\n　　“语气温和而诚恳，\n　　因为他希望我能听到他的意见；\n　　因为他希望我能接受他的建议；\n　　因为他把我当做朋友”\n　　啊哈，我是如此的理智谦和，简直如翩翩君子，一字一句简直精妙绝伦……\n　　可是，\n　　为何尔等皆不愿从吾所愿呢！\n　　难道吾便不能拒绝感谢了吗！\n　　难道我说了极度自我意识下的话语就有错了吗！\n　　难道我拿了你们的东西便一定要赐予尔等微笑吗！\n　　难道我如党而不群者一般行事便不可吗！\n　　你们的话语确实未加荆棘……\n　　但是，我很生气啊！\n　　咩咩咩一般的动听言论呢，你们六百人莫非忘了余的教诲！\n　　文化的多元性呢！\n　　bad apple的独立性呢！\n　　为什么你们车万project用户要把一个东方project的二创曲强行与車万扯上关系呢？\n　　一直以来，你们不是都忍了吗！\n　　这，便是白丁的愤怒吗！\n　　車萬？丈育？\n　　我看不懂，也不想看\n　　六百人的小团体焉敢辱我至此！\n　　乏了，倦了，我明白了……\n　　尔等，均是親鈤！\n　　无需多说，我一人足可断语！\n　　再休复言，车万党皆为叛逆！\n　　以德报德？对不起，尔等有，我尚缺\n　　以直报怨？真恶心，这是谁提倡的狗屁道理！\n　　朕，怒了！\n　　本尊高举虚实难料的爱国旗帜，五星护身，将以一人履紫薇之意！\n　　你说本座之行是对昔日言语的亵渎？\n　　你说寡人之语是对真心爱国者的侮辱？\n　　可笑，我为咩皇，自古与恶魔同称，上帝遗弃之子，岂可与尔等凡羊同尊？\n　　仁义道德算个毛，寡廉鲜耻算个屁！\n　　孤即使千夫所指，势必踏平尔等！\n　　因为，不忘初心，\n　　因为，我曾说过：\n　　不要让b站变成b战\n　　泪，流了下来\n　　……\n　　朕，错了\n　　本皇真的错了！\n　　孤道歉\n　　所以，你们原谅寡人吧！\n　　毕竟，近侍矫旨，何罪于孤？,17708028,1572932072
秋水之溟,咩酱，刨掉595东方众，你的24万多粉丝去哪了？咋全是喷你的？,21804772,1572932015
来自遥远非洲的鸽子,放弃和解 全力进攻,262229374,1572931980
OdaNobunaga152,恁准备放弃和谈那也请做好二战准备嗷，恁觉得这是和平，这只是一个一天的停战协定罢辽,3249617,1572931975
瑾瑜哒,这么快就要给机会了啊,448263837,1572931937
563641,27 小 时 停 火 协 定,8019129,1572931919
ArSepteven,呕,12001270,1572931906
369871C,有人让一位著名画家创作一幅名为《咩2016在道歉》的画。画完成后他前来验收，结果让他大吃一惊：画面上是一个成精的程序在操作电脑。“这是什么？！”他疑惑的问。“这是咩2016的删评脚本。”画家答道。 “它在做什么?” “删除视频下面的评论。” “咩2016在哪里？”咩2016在道歉。”画家答道。,68376317,1572931850
提督是中二病,醒醒吧…你的所作所为已经被595东方众知晓了。当面一套背后一套玩的挺溜，可惜要想人不知除非己莫为。当你单方面撕毁和平条约的时候，这场战争就再也无法停止了！原谅，是不存在第二次的。或许我们拿你没办法…但还真当咱幻想乡里没能人？,19883894,1572931836
奎恩-格雷迈恩,多位一体（指自己和群友）,99434952,1572931826
Z员外,现在这事情已经不是道歉收的了场的，群内口嗨这种小人的行为可不是一位大up应有的气度，你已经把你的机会败光了,11593589,1572931825
--纯狐--,你是不对道歉后悔。\n你道个锤子的歉了啊阴阳人？,11526362,1572931820
绽放鲜血之花,悲，隔壁囧仙动态八千人点赞，超过百分之九十有4级,312097686,1572931782
茶道世家,偷 袭 珍 珠 港,16908756,1572931778
幼靈梦,拉黑我！拉黑我！有能力就拉黑我啊[响指],5879203,1572931770
Coma-White,一般通过游戏玩家看到宁的样子开始思考人生，对于如何避免因追求学历导致情商下降这种情况产生焦虑。,5371995,1572931768
办卡王皮卡qwq,其实我并不是东方圈，但挺喜欢东方这个游戏及衍生同人创作的。\n东方被叫车万，我理解是错字梗，好像也就是错字梗。越 共，只是说人数看上去少，一有事情就出来一群，数量不明。具体流量可以参考东方华灯宴 广大东方视频创作者及各地tho活动。言多必失，听多必愚，望up莫受干扰，仔细回顾整个事件，从两方之中跳出，冷静思考。过激言论者宜付有司论其罚，莫用私刑。愿事情早日平息。\n删掉重发，只因本人不自信，无他意。@咩2016,23823263,1572931758
★LR攻君略IOゎ,事到如今还能主和的话，咱都可以怀疑是水军了,13735463,1572931737
禄存天玑,视频评论区将近240条删除评论暂时统计完毕（不完全），https://git.io/Je2Dc,2117299,1572931704
★LR攻君略IOゎ,这种东西已经不用给它任何机会了,13735463,1572931687
戈鲁多,好哥哥你又是把哪个和你对线的人送进局子里喝茶了呢？,331281233,1572931683
来自遥远非洲的鸽子,你要是像这样完全不想悔改就直说 我们方便一起上去骂你,262229374,1572931645
★LR攻君略IOゎ,你已经没有信任可以消费了，要不用恰到的烂💰请些阴兵来剿灭我们600勇？应该是600猎马人了，就算给咱磕头也不会原谅你的了,13735463,1572931610
幻梦樱璃,到现在仍在以什么所谓的tag引流说明一下tag就和你的脸一样，无足轻重，不要也罢补充一下，我们的问题是你翻脸不认人的弟弟背刺行为说明一下您的扣帽子行为人间大赏补充一下，您的两面三刀绝前空后,227868562,1572931599
独孤丞太康,雾雨魔理沙：fdhfhgchcggcgu(All hall Alice Megatron！),288355728,1572931582
来自遥远非洲的鸽子,硬核作死系列 完全吐槽不能,262229374,1572931581
佐佐木琪露诺,for mother zun，yyppppaaaaaa,107042878,1572931573
戈鲁多,好哥哥你又在群里讲了什么批话啊(=・ω・=),331281233,1572931547
独孤丞太康,雾雨魔理沙：gxchcycyfcy(雾雨魔理沙报告中……),288355728,1572931542
托卡列夫毁灭魔炮,想恰烂钱又死要面子，您还不如八哥。,57935470,1572931542
_Withered,你\n是技术大佬\n你喜欢删评\n你有脚本\n你有镇站之宝\n你从不把BA作为东方二创\n记住\n你的名字叫作\n咩乙己\n2016咩金手机\n钛合金脚本\n包裹UC进口小标题\n视网膜高清黑名单\n528万播放\n600人小圈子\n向雇兵的人生致敬\n2016咩金手机\n专属一对一保密脚本\n人机分离十米自动删评\n镇站之宝与N站原版只差一点点距离\n这段距离\n叫2000多万播放\n忘带会宣传\n丢失就删除\n脚本不工作\n粉丝不说话\n2016咩金手机\n隐形删评\n加密雇兵\n无痕迹tag\n幸福往往是宣传\n而恰烂钱却常常隐藏\n这就是B站\n你的车万\n文盲不懂\n隐形删评\n加密雇兵\n无痕迹加tag\n能一直装死\n会无能狂怒\n2016咩金手机-转自知乎某匿名大佬,49716371,1572931532
♂诸葛琴魔♂,整你们车万的是6102 跟我咩有什么关系  你们这些人不要把两个人混在一起啊！,17480031,1572931527
聪明强大的琪露诺酱,众所周知删羊的群里除了本体和内鬼其他全是小号,12070284,1572931523
独孤丞太康,魂魄妖梦：gfhfgcycf(魂魄妖梦报告……),288355728,1572931513
linyifei,各位 电子羊一边在群里当土皇帝高强度放黑屁 一边在动态发表所谓道歉声明 这就是典型的农夫与蛇的故事 其人品可见一斑 不管是车万人还是一般路人 请及时看清这个人的嘴脸 不要再给他任何机会,640523,1572931511
sluqy671,帽子先生是我的好朋友,7303805,1572931501
cornerfish,把宁的社会精英管理拉出来乐乐呗,15157346,1572931497
现世的秘术师,Ex面开启。\n*好了，现在是对越自卫反击战*,18323620,1572931486
独孤丞太康,铃仙优昙华院因幡：gdhfgdhchjgc(铃仙优昙华院因幡报告……),288355728,1572931483
蕾米莉亚-斯卡雷特゚,这个b就是恰够烂钱翻脸不认人 没一点道歉的诚心 你一个个动态说明了个⚒️？ 有本事500万播放拿的钱全捐出去。,19399966,1572931479
来自遥远非洲的鸽子,还有当年管理的事您没忘吧 你们群管理迟早要出来谢罪,262229374,1572931441
独孤丞太康,东风谷早苗：gdydyfydyg(东风谷早苗报告……),288355728,1572931404
帕奇利兹パチリス,精日帽子扣完现在还想在群里扣zz帽子，恁就是帽子的好朋友?,11569451,1572931403
虚芷幻灵,希望您能具体解释一下，之前的事指什么,291462041,1572931379
CHocARAtooo,草，，，咩大佐新活绝赞放送中\n咩来了，我们鼓掌👏,36111283,1572931375
军萌道流,越共，草，话说这么快就二战了？[吃瓜],96961144,1572931370
独孤丞太康,十六夜咲夜：hydyfyxchtyffy(十六夜咲夜报告……),288355728,1572931367
幻梦樱璃,没人要求你约束你的群员，你把管理员信息爆出来都做不到？这里装死认怂，背地群里继续ky当土皇帝？举报给B站？网警？不好意思，我们不吃这一套，看看B站和网警会帮谁,227868562,1572931340
支点与侧卫,大家都累了，这么多天也都烦了，非要把事情闹得无可挽回吗[捂脸]退一步海阔天空，再这样下去对谁有好处[捂脸][捂脸],266702839,1572931340
独孤丞太康,博丽灵梦：gxhfdhdhft，fyggx，gccgc(这里是博丽灵梦，所有自机，季节报告),288355728,1572931334
来自遥远非洲的鸽子,你完全没有为道歉后悔  因为么玩意就不叫道歉\n里面说的你哪一条照做了？,262229374,1572931326
隔夜大葱,所以群里的口嗨是你发的还是托比欧发的？[抠鼻],364211,1572931294
独孤丞太康,发现咩大佐作死的踪迹后。\n蓬莱、上海人偶：dycgxgfgcf(拟塞星文，下同)(发现咩大佐),288355728,1572931273
聪明强大的琪露诺酱,得了，也别交管理了，宁把宁群解散了8,12070284,1572931263
Z员外,你群里的发言截图可以一张张全部被我们存着，你如果期望靠这么一条声明把你自己和群的关系抛干净，那你就大错特错了，你敢说群里黑屁的人不是你？,11593589,1572931259
布鲁恩,已经快九回了，九   阴   真   经,14471325,1572931257
幻梦樱璃,新战场开辟了？说明您也坐立不安啊？不过这高强度，把您的语录整理一下一块上天瞅瞅？,227868562,1572931246
来自遥远非洲的鸽子,完全放弃道歉行为 开始进行毫无必要的说明,262229374,1572931238
乾团神様,好了好了，二战爆发（）,93843993,1572931224
Kayi---,呕,34749305,1572931202
虚空来声,所以管理呢管理呢管理呢。\n坐飞机和管理面谈也不需要这么久8？,34360388,1572931182
eldTan厄火子,你和你的群友是同一个人？而且口嗨管理的处理呢，你还真就想蒙混过关，当我们东方众是金鱼？我寻思你们群主加管理连一个群的规矩都管不好咯，说什么睁一只眼闭一只眼都是好听了。B站唯唯诺诺，Q群重👊出击,20278208,1572931155
来自遥远非洲的鸽子,过于迷惑 无法理解 这次好像完全没有道歉呢,262229374,1572931136
7萝卜的松鼠,你把你群管理给我扬咯,10429629,1572931109
--纯狐--,醒醒，那是你的语录。这就把言论锅扣到你自己群友身上了？？,11526362,1572931096
独孤丞太康,Alice Megatron：Deceptions！保持队形，都给俺骚！,288355728,1572931095
silent碎月,东方咩咩转，ex面,40140732,1572931090
芙兰朵露-斯卡-雷特,那我们不如来讨论一下咩吧您群里的申必新言论如何？(转),283269718,1572931074
艾卡苗,还是没有把大家关注的问题回答 而且 你这第四点的说明为何让人有点感到不爽,37900009,1572931066
--纯狐--,分享图片，真就不会说话呗,11526362,1572931062
Z员外,如果你不对群内发言进行管理，我们也不得不进行第二次爆破了呢，我应该说过接受道歉不等于原谅,11593589,1572931060
来自遥远非洲的鸽子,顺便 BA和东方的关系本不算太敏感 是你自己作死罢了,262229374,1572931053
帕奇利兹パチリス,恁要是持续硬汉我们也没办法，毕竟昨天给你台阶了你不要,11569451,1572931044
linyifei,别TMD假惺惺道歉了 你群里的黑屁都给抖出来了 两面派很好玩吗弟弟,640523,1572931036
我的工业2,本来ba东方关系的问题没这么敏感\n前人都认真加上东方tag，直到你这一届,3749614,1572931020
帕奇利兹パチリス,👴笑了，你不能决定群友讨论内容，你不是群主?看见不合适的言论不会撤回警告?我现在真的觉得你情商有问题,11569451,1572930977
独孤丞太康,雇佣兵再次来袭，保持队形，不要被他们抓住把柄,288355728,1572930954
来自遥远非洲的鸽子,我无法忍受你的行为,262229374,1572930953
来自东♂方的哲学家♂,让我进群，好吗？,1708305,1572930944
来自遥远非洲的鸽子,你够了,262229374,1572930905
芙兰朵露-斯卡-雷特,您 来 了,283269718,1572930889
Z员外,那么意思是群内问题解决不了？,11593589,1572930887
懷古傷己,贴吧估计一会又调兵过来了,227075311,1572930884
咩6324,宁管宁自己叫部分群友？宁就是迪亚波罗？,480262617,1572930882
懒挞挞的银蛇,一部分(指1/√2*100%),132935710,1572930858
来自遥远非洲的鸽子,毫无诚意 加大力度,262229374,1572930841
来自遥远非洲的鸽子,来新活了！,262229374,1572930807
卡密da,加大力度，奥利给，技术大佬冲鸭[打call],76576034,1572930794
一般通过大酱,你又开始了,188493595,1572930785
佐佐木琪露诺,这次不说明了草,107042878,1572930769
--纯狐--,你 是 你 自 己 的 群 友？\n评论区十小时时空断裂，你脚本真成精了？,11526362,1572930739
艾历克斯小队长,说明八下\n1.为什么做ba视频不加东方tag？\n答：車万（しゃまん）人最讨厌东方tag，所有咩加的东方tag都被車万人举报掉了（举报次数不详）。\n2.为什么说东方只有六百人？\n答：咩经过大量极其精密的数据统计和计算再乘以根号二，仔细想想觉得不可靠，于是又整了个爬虫，在b站爬出来的，符合现实观测。\n3.为什么说东方和車万是文盲梗？\n答：这是因为咩没有弄清东方和車万是两个圈子，误以为是一个圈子才得出的结论。\n4.为什么质疑东方“一个极其亲日本群体为何如此嚣张”？\n答：咩做过难以计数甚至爬虫都爬不出具体数量的ba视频，是极度亲日本个人，所以质疑的重点不是亲日本，而是质疑群体为何如此嚣张。\n5.为什么艾特团团请求鉴定东方project爱好者对香港的言论？\n答：咩除了是极度亲日本个人以外，同时还是极度亲中国个人，自然会对香港问题这样关乎中国国家主权领土完整民族繁荣经济发展社会进步和如何更好地实现中华民族伟大复兴的事情十分上心。\n6.为什么做道歉动态下拉黑控评？\n答：不是咩拉黑控评，是脚本干的（或许还有爬虫的协助）。\n7.为什么删除道歉动态？\n答：咩经过一番充分的反思，发现可以删除道歉动态，于是删除了道歉动态，只保留说明动态。\n8.群管理说的“雇佣兵枪击”是怎么回事？\n答：咩在美国读研，而在美国枪击事件属于家常便饭，比日本的地震还要频繁，所以管理只是在讨论日常话题而已。\n\n如有更多疑问，欢迎补充。,163279947,1572930729
秋水之溟,“之后部分前来辩论者使用敏感问题及违法违规内容试图爆破我”\n“为什么一个极度亲日的小团体会如此嚣张？东方project用户对某毒的态度？已联系公安处理”\n                                                 ――咩2016\n其实我们的要求很低，你自己的群，你怎么黑屁我们都管不着，把你的口嗨群管理交了就行。,21804772,1572930716
是你的浅汐啊,ex面要来了,10956571,1572930688
有馬贵將,九回啊九回！,10175174,1572930647
托卡列夫毁灭魔炮,那我们不如来讨论一下咩吧您群里的申必新言论如何？,57935470,1572930645
DDDQDDD,呸,177602517,1572930603
幻想曲丶丶丶,讲道理  一个标签搞得这么累    东西还是那个东西    你们这群人真的无聊,28293443,1572930578
懷古傷己,不知道还会不会出ex面,227075311,1572930551
帝国模因,补充9下（,14794299,1572930515
sluqy671,说明一下（,7303805,1572930504
懷古傷己,就说什么时候把那个所谓的管理拉出来,227075311,1572930480
懷古傷己,又来了,227075311,1572930418
早苗-马卡洛夫official,第一,7034347,1572930410
