uname,message,uid,ctime
余九堂,18人充电了有一个还把另外一个记者挤了下去，真就内鬼起家呗[doge],399574954,1572961199
来自遥远非洲的鸽子,来版聊\n哪位大佬来为这次事件贡献一个霸气的名字\n(无奖),262229374,1572961123
杂菌污染,awwwwww man,6610983,1572961013
冰狐墨言,creeper！,37415686,1572960870
小偷478,又怎么了？昨天不是道歉了吗→_→,67654630,1572960760
余九堂,cv1388901\ncv3335143\ncv2895881\ncv1259598\n\n无内鬼，整点屠龙的勇士变成了龙,399574954,1572960669
有馬贵將,我永远喜欢pad长！,10175174,1572960657
威风堂々早苗酱,带佐该醒了吧，美国时间也不是这样过的啊[doge],12209502,1572960536
蓝猫蓝猫蓝,咩2016在其本人Q群中扬言雇佣雇佣兵击毙车万众，系境外势力，建议击毙qqqxx @共青团中央 \n附上知乎链接：https://🐐www.zhihu.com🐏/question🐑/353654052/🐐answer/🐏878859062,32250046,1572960459
来自遥远非洲的鸽子,咕咕咕(发出鹰派的声音),262229374,1572960444
永江电力,鸽派、鹰派什么鬼www,454566790,1572960436
神乃木製作所,版聊，如果明天咩反咬怎么办？,392551002,1572960340
妖现惊梦,恭喜四东[doge],39624794,1572960327
UUZ_PRIME,就很快乐[滑稽],3854842,1572960280
艾吉奥的披风,我来当一当预言家，我猜咩一定不会善罢甘休。甚至有可能把事情闹大，然后反咬我们一口。,239332224,1572960261
563641,四东留念\n来迟了，，，,8019129,1572960239
Guy孜游,版聊 打则随缘C个主机115.159.91.168:46256 有大佬揍揍退坑木桩天子mua[doge],8542579,1572960174
薇奈特酱,新来的，不知道发生了什么，谁能说说这是颗什么瓜。,52879333,1572960105
抗原大爷,锄禾日当午,6949741,1572960098
来自遥远非洲的鸽子,忽然冷,262229374,1572959988
車万众,https://t.bilibili.com/317163839959221381?share_source=copy_link&amp;share_medium=iphone&amp;bbid=ffd3a8a82d5c13521c60a4f34a84ebdb&amp;ts=1572952633\n你好恶俗。,614154,1572959662
幻梦樱璃,我厚颜无耻预测一下，明天咩大佐就借着所谓的说明一下/补充一下/分享图片/分享动态，开始大规模反水，各位战友记得保护自己，尤其是鹰派同志们，发言前千万别留下把柄,227868562,1572959631
抗原大爷,洒家把苯喝了，洒家醉了,6949741,1572959615
芙兰咄陆,版聊，这周心血来潮想做新视频，但短期内只能做一个，来这里集思广益，想看耶路撒冷王国历史地图的扣1，想看格陵兰历史地图的扣2,5153949,1572959587
来自遥远非洲的鸽子,四东留念,262229374,1572959504
落蛤雨,我笑了，我感觉到你对其他人的鄙视，蔑视。,173060969,1572959446
eldTan厄火子,四东[支持],20278208,1572959445
蓝猫蓝猫蓝,斯巴达三百人众（✖️）\n东方六百人勇士（✔️）,32250046,1572959432
外层空间之颜色,四东庆贺！\n米斯达落泪,10913201,1572959429
一般通过大酱,4东了,188493595,1572959398
余九堂,版聊，想到红魔城传说的第三个小故事，魔理沙突然跳出来用额头给灵梦测温度紫就在旁边看着，我顿时又想到了白学,399574954,1572959397
芙兰咄陆,版聊，俺今天的对线能量已经被榨干了，不知道明天恢复不恢复得过来,5153949,1572959226
邪馬台與桃姬,等一个咩大佐再来一条道歉(说明，然后理客中们开始以和为贵[笑哭],6831403,1572959226
来自遥远非洲的鸽子,……,262229374,1572959153
w御宇,本来我都不想吃这瓜了，要是你好好道歉了，说不定我就走了，这下倒好，宁可真厉害，谢邀人在美国，雇佣兵突突了,49834006,1572959105
外层空间之颜色,版聊，STEAM幻想乡萃夜祭过个图在树底下就卡住不能动了有解决办法吗？,10913201,1572958851
抗原大爷,版聊，我帅不帅（,6949741,1572958820
Z员外,咩酱已经7小时没有新活了，拉了拉了,11593589,1572958808
绿卡之荣,龟龟，塞尔达那边的新评论全给删了，宁是真的柳皮,41604952,1572958794
9鲁诺9巴纳,🌶️个管理员就是你自己⑧,436342605,1572958790
妹紅妹红碳,不仅仅是东方的债，还有塞尔达爱好者以至全体正版玩家的债你都给我还了。你习惯靠粉丝控评欺淩小众，或许得逞了一两次，但绝对别想第三次,5497883,1572958770
乾团神様,到目前为止，本篇依然在持续删评，且已经删了一大批（往下翻两下甚至能看到12小时前的评论），剩下的全是正常评论\n现在是11月5日晚上8点57分，我想看看我这条评论可以撑多久，也许刚发出来就会被删（刚刚亲眼看见几个刚发的被删了）\n你敢删我就敢继续发,93843993,1572958715
抗原大爷,版聊，寒蝉众在哪里,6949741,1572958677
RagerWang123,借个地来问一问，steam上不可思议的幻想乡买标准版还是潇洒畅玩版？后者送的东西对游戏体验影响大吗？,7952047,1572958671
谷口稔,咩酱7小时没发动态了，想他（）,38800681,1572958576
懒挞挞的银蛇,二次创作(迫真)已经启动，下面给一点进展：\n\n6面boss 理想与敬畏的缺失体\r\n咩·2016\r\nMei Nireihiro\r\n\r\n种族：人类，删羊（变身后）\r\n能力：操纵程序脚本进行控制舆论程度的能力\n\n(本篇设定文档初稿已经形成，锐意制作中),132935710,1572958576
余九堂,2333,399574954,1572958524
来自遥远非洲的鸽子,恋恋世界第一！！！,262229374,1572958414
w御宇,你特么道歉能死吗？一出事就不归你管了?真厉害👍，你那个朋友真是倒拉八辈子血霉才认识你,49834006,1572958413
艾吉奥的披风,悄悄的问一句有西瓜厨吗？,239332224,1572958283
虚空来声,现在还有鸽派吗[doge],34360388,1572958008
咩6324,老 💗 婆 ❤️ 不💗 在 ❤️ 家 ？？？\n一 💗 个 ❤️ 人💗 寂 ❤️ ️寞 ？？？ \n㊋ ☆ 熱☆ 勁 ☆ 慡 ☆打 ☆ ✈ ☆ 游 ☆ 隵 ☆ 盡☆在  東方PROJECT 🔞 +🆔#博麗靈夢#,480262617,1572957962
eldTan厄火子,吃土乡整整一年没更新了,20278208,1572957929
秋水之溟,求咩酱符卡设定，我想整活，，，,21804772,1572957849
圣杯火,[爱心]+v看咩2016整活[爱心],19517474,1572957809
Element-Kyo,借地寻找云南车车人[doge],92351813,1572957809
羽纶笔,也没什么事干，推荐一下歌吧！stack的《dreamer》，栈姐萌死我了qwq,35606011,1572957714
b北极狐d,兄啊你怎么又开始了\n我这才刚点了取关，现在又得再关注一遍，，，,2289046,1572957663
Shamemaru_Aya,永远消失的幻想乡里莲妈好强啊,23154567,1572957627
Drs-Latency,推荐一部老作品《轮椅侦探小五》，b站有搬运有弹幕翻译，新官漫刚好就是小五当侦探，这部作品画风还是挺有个性的，不过剧情还是很好的，至少不像大冒险那么黑,36828603,1572957557
szfhsxr,https://t.bilibili.com/317163839959221381?share_source=copy_link&amp;share_medium=iphone&amp;bbid=ffd3a8a82d5c13521c60a4f34a84ebdb&amp;ts=1572952633 逼人骂粗口的鉴，自己看着办[小电视_差评],11619405,1572957555
外层空间之颜色,啊对了，大家记得评论区录视频截图复制评论，估计跟一号当天一样又要半夜删评拉黑了，可能我这粽子到时候又要躺下了,10913201,1572957462
Joker面具小醜,原來這裡是新版聊區,12213060,1572957449
圣杯火,无内👻,19517474,1572957103
咩6324,充电前三名全是无良记者草（,480262617,1572957100
杂菌污染,真就版聊啊,6610983,1572956984
海月晴岚,东方再添新作（指本事件）,312349235,1572956898
381预警,东方温泉关ex面：愉快的美国道歉壬  BGM：明日之硬、昨日之软,7023524,1572956862
威风堂々早苗酱,我现在什么也不想干，只想看咩皇什么时候把那个恰烂💰的BA删掉[吃瓜],12209502,1572956790
魏姜来,真的不希望再打二战了。\n态度诚恳点道个歉，交出口嗨管理员，以后不用ba盈利，这事就过去了。这么做对双方都很有利。不要总是把自己包装成一个受害者，犯错了就认认真真道个歉，知错能改善莫大焉,278071294,1572956743
来自遥远非洲的鸽子,看到大家乐咩乐的很高兴我也感到由衷的放心 今年下半年 鸽鹰合拍的大量视频即将上市 我将继续扮演up主 ，弘扬东方文化 文体两开花 请大家多多关注我[doge],262229374,1572956473
w雅雯,怎么干啥的都有呢！打则的！宣群的！安利视频的！我是不是应该喊一嗓子“谁**买小米！”[2233娘_大笑],14134659,1572956426
你02,你\n是技术大佬\n你喜欢删评\n你有脚本\n你有镇站之宝\n你从不把BA作为东方二创\n记住\n你的名字叫作\n咩乙己\n2016咩金手机\n钛合金脚本\n包裹UC进口小标题\n视网膜高清黑名单\n528万播放\n600人小圈子\n向雇兵的人生致敬\n2016咩金手机\n专属一对一保密脚本\n人机分离十米自动删评\n镇站之宝与N站原版只差一点点距离\n这段距离\n叫2000多万播放\n忘带会宣传\n丢失就删除\n脚本不工作\n粉丝不说话\n2016咩金手机\n隐形删评\n加密雇兵\n无痕迹tag\n幸福往往是宣传\n而恰烂钱却常常隐藏\n这就是B站\n你的车万\n文盲不懂\n隐形删评\n加密雇兵\n无痕迹加tag\n能一直装死\n会无能狂怒\n2016咩金手机\r\r-转自知乎某匿名大佬,38251675,1572956421
红萌馆dr女仆长咲夜,恕我直言，宁这波这操作简直堪比那个红警瘟疫两头臭的灵感挂王，真就打算死不道歉打太极咯？行吧，我继续恰瓜[吃瓜][吃瓜],160246761,1572956350
白给精英琪露琪露诺,东方温泉关EX面要开始了？,213300670,1572956292
GDZJRZJR,全在打广告草,6536049,1572956211
Mrknightzero,我终于被放出来了，事情好像又有变化了,12998959,1572956153
高葵不是我的真名,来咩本营宣传一下我弹的寄世界于偶像[doge]av74269493,210149784,1572956131
妖现惊梦,干啥啥不行，整活第一名[doge],39624794,1572956122
天启Hammer对空,*激烈的删评大战*（指视频）,14638301,1572956057
多多粮老伞,我就好奇群里面的随声附和的人怎么就不出来呢？,21891352,1572955954
蟠桃pt,版聊，推一下我写的cv3905721[妙啊],360743233,1572955862
52根绿发,众所周知，“Project爱好者”都是中小学生,356136688,1572955748
蓝琉32767,大家先休息一下一起去看看fbk怎么样[惊喜],13932031,1572955506
天启Hammer对空,有人让一位著名画家创作一幅名为《咩2016在道歉》的画。画完成后他前来验收，结果让他大吃一惊：画面上是一个成精的程序在操作电脑。“这是什么？！”他疑惑的问。“这是咩2016的删评脚本。”画家答道。 “它在做什么?” “删除视频下面的评论。” “咩2016在哪里？”咩2016在道歉。”画家答道。（复读）,14638301,1572955448
52根绿发,呜呜呜好冤枉一咩，群友顶着自己名字威胁别人侮辱别人，自己却不能阻止他们，呜呜呜好冤枉啊,356136688,1572955373
犹格索托斯的残芷,迫真道歉打太极嗷,1761949,1572955279
szfhsxr,16个充电的就有11个明显看得出来的东方人，宁們就是双面间谍？[吃瓜],11619405,1572955277
Guy孜游,咩某造梗太不勤快了  好无聊  那么问题来了有人打则吗（,8542579,1572955149
多多粮老伞,如有中国民航大学车万人路过，请加群730407982,21891352,1572955091
清正廉明铃兔子,给咩大佐以历史，而不是给历史以咩大佐\n咩大佐！请恶俗我们600车车！\n哦内该！\nhttps://t.bilibili.com/317163839959221381?share_source=copy_link&amp;share_medium=iphone&amp;bbid=ffd3a8a82d5c13521c60a4f34a84ebdb&amp;ts=1572952633,1800830,1572955090
lames233,有哈尔滨的东方群吗,266404423,1572955042
東風谷靈夢,成都也是有东方活动圈子的，涉足此地的车车人欢迎加q群834149868,331891291,1572954916
皮皮杂,🐑桑恁㝶㑻畢锶嗷,15293121,1572954912
--纯狐--,胖咩笑咩摸咩吃咩,11526362,1572954899
皮皮杂,咩桑迪亚波罗说，建议镇魂曲处刑,15293121,1572954860
阿伟4了,无内鬼，来点军阀🐑笑话,10691943,1572954755
雪は次第に雨となって,异变还没结束吗[无语],275391197,1572954687
秋水之溟,无内鬼，有无咩的符卡设定？求求,21804772,1572954512
一条两条归桥,有没有福建车车群[doge],11357435,1572954302
小马就是正义,有没有收我这个单纯对东方里的人物路人的群[滑稽]\n    事情发展到现在我这个吃瓜群众开始觉得这个up是不是傻了\n\n     有技术没脑子骚操作倒是如同老母猪戴套一套又一套的[笑哭],7811214,1572954286
蓝色火焰AoiHonoo,无内鬼，明天就是人生导师松冈修造的52岁生日了，让我们祝福他永远年轻有活力！诞生祭合作预告地址：av74596769                         话说都在推荐东方怎么就我推荐音 mad合作？有东方热血汉合作？那没事了,22287922,1572954276
拖延怪-月夕痕,不要停下来啊~先拿下个四东吧[吃瓜],12308820,1572954218
清廉正直-射命丸文,为了支持咩酱，给咩酱充了200个电池。咩酱要加油，干爆这群自以为是的憨批车车人！[蛆音娘_滑稽],23088148,1572954139
本天才才不是BAKA,我为曾经关注过你感到耻辱,36716813,1572954103
efuious,感觉明天还有瓜可吃[吃瓜],144096235,1572954052
LEOS_00,https://www.bilibili.com/read/cv3888874,456672104,1572954000
超中校级的幸运,屑，还不去二号树看看你有甚么东西挂在了那上面,21576177,1572953838
无心维C醚,圈外看戏人问一下……为什么睿站要限流东方？……,22764365,1572953826
阿伟4了,👴全想起来了，你是替身使者，就是你射杀了杰洛，宁可真是带恶人,10691943,1572953775
强势的天子,川渝东方高校群834149868，欢迎巴蜀利亚车万大佬光临！,15187808,1572953740
東風谷靈夢,成都也是有东方活动圈子的，涉足此地的车车人欢迎加q群834149868,331891291,1572953723
余九堂,还有人吗，求推荐点男声同人曲,399574954,1572953664
羽立今天又咕了,有些人玩群星开了存档\n建了几个边境哨站便觉得自己统治了宇宙\n踢了一脚堕落帝国——看着这家星系真少，让爷寻个乐子\n没想到自己被橄榄了\n最好笑的是每天堕落帝国都在发休战请求，但是他从来点不到接受\n后来被推到母星了，拉下脸签了条约，堕落帝国把星系还了打道回府\n结果还没超空间跳跃，他又把休战撕了\n你说他是不是有点好玩[2233娘_困惑],2982041,1572953611
游荡的骑士,借个地儿推荐一下春光献祖国，xswl,3928726,1572953540
Lemon_Black_Tea,咩皇！我们欠你一个中指，你个伪人，我现在就想说：我真TM谢谢你，让lz知道我是不爱国的人,381846390,1572953468
余九堂,草看明白了，咩桑的播放量靠东方project用户（确信），充电也差不多全是，连几千评论都是我们盖的，不是他没看清，而是他看的长远啊,399574954,1572953451
来自遥远非洲的鸽子,不懂就问 \n如果管理是咩本人 那么咩就全天不睡觉 或者根本就不是留学生\n如果管理不是咩本人 这么屑的管理真的有留着的必要吗？\n所以三种可能:1.咩不需要睡觉 2.咩不是留学生 3.咩和管理都是傻的？哪种为真？(欢迎补充),262229374,1572953422
秋水之溟,2000,21804772,1572953404
游荡的骑士,谁能给我科普下什么时候，在哪里出现的鹰派鸽派这个定义的？,3928726,1572953360
爱着太阳的星辰,在？为什么删👴🏾的评论？,11437544,1572953258
HInanawik,我寻思之前的事不是完了吗怎么又闹一波???,214394846,1572953238
艾吉奥的披风,经 典 回 顾\n圣 经 诵 唱\n带 佬 求 转\n十 五 自 捞\n超 越 本 家\n百 万 脚 本\n阴 兵 洗 地\n六 百 勇 士\n全 员 文 盲\n扣 帽 达 人\n雇 兵 黑 水\n赵 弹 打 击\n迫 真 论 证\n群 内 蝗 弟\n群 外 死 狗,239332224,1572953200
刹那N落辉,打卡,11055237,1572953100
Z员外,https://t.bilibili.com/317163839959221381?share_source=copy_link&amp;share_medium=iphone&amp;bbid=ffd3a8a82d5c13521c60a4f34a84ebdb&amp;ts=1572952633 鉴不鉴呐,11593589,1572953004
滑jin233,过于草生.....,355341483,1572952931
瞳落baka,高 技 术 力 AI \n评 论 断 片 术 \n真诚建议关闭评论区这样就不用评论区断片了,4172432,1572952897
夕月朝阳,这就跟看电视一样，大起大落，[喜欢][喜欢]往往在你想不到的时候又来个剧情转折，这番不错，追了,85955748,1572952884
Forward_マーシュ,有无秘封曲安利[小电视_害羞]（最近秘封病没犯好不习惯（暴言）,32243159,1572952857
街角的单行道标,狐尾草社团天下第一！,4893677,1572952832
東風谷靈夢,成都也是有东方活动圈子的，涉足此地的车车人欢迎加q群834149868,331891291,1572952669
梦符佳月,俺充了电恁还删俺评论，👴枯了,2059519,1572952526
来自遥远非洲的鸽子,我做三羊奶粉 好吗,262229374,1572952460
9鲁诺9巴纳,咩带师一到店，所有创作的人便都看着他笑，有的叫道，“咩带师，你脸上又添上新伤疤了！”他不回答，对圈里说，“温一个烂苹果派，要一个镇站之宝。”便排出500多万播放量，他们又故意的高声嚷道，“你一定又偷了人家的东西了！”咩带师睁大眼睛说，“你怎么这样凭空污人清白……”“什么清白？我前天亲眼见你偷了东方的bad apple，吊着打。”咩带师便涨红了脸，额上的青筋条条绽出，争辩道，“做bad apple二创不能算偷……同人！……搞创作的事，能算偷么？”接连便是难懂的话，什么“不懂bad apple和东方project的关系⑻”，什么“600人”之类，引得众人都哄笑起来：店内外充满了快活的空气。,436342605,1572952455
余九堂,来点不一样的碎月\n秋雨未央\nhttp://www.kuwo.cn/play_detail/4035437,399574954,1572952427
这个ID估计没人注册,川  剧  变  脸,291223027,1572952416
高葵不是我的真名,有多少芙兰厨在版聊现场啊？[吃瓜],210149784,1572952416
沐雨橙风°,来了来了,8338700,1572952414
秋水之溟,你够了，我无法忍受你的行为，现在你将成为小黑屋的议员,21804772,1572952394
乐乐森,等一个Phantasm\n甚至OVERDRIVE[支持][支持][支持],12307353,1572952376
梦符佳月,先充再骂，效果放大：\n\n迷惑表达，说明几下；\n欺软怕硬，真滴8行；\n动态装怂，群里超勇；\n智熄计算，小众车万；\n滥用技术，暴力恐怖；\n两面三刀，缺脑细胞；\n读解零分，借刀杀人；\n不识大局，贻误天机；\n忘恩负义，迫真统计；\n消耗信任，自欺欺人；\n过河拆桥，背后捅刀；\n廿万粉丝，全是僵尸；\n根据地少，内鬼当道；\n亲疏不分，得罪是真；\n有几个钱，国外读研；\n中二不好，早日治疗。,2059519,1572952342
中二の死宅哥,从一个群里了解你和东方众搞事情\n咱也不知道具体  \n咱就想知道\n所谓的退站   你是打算明年退  还是后年呢\n还是说你知道以后老了离开人世是8月份[吃瓜]\n毕竟今年8月份几乎日更\n东方众的事情我不去了解  也懒得了解\n不过你这个人确实有问题\n说到做不到   \n我寻思5月1是劳动节不是愚人节[吃瓜]\n要不要解释一下你的退站,399447987,1572952334
只是个新人罢了,只要身为车车人，谁都会在一生中梦想进入一次咩吧600勇士整活英灵殿恰一次羊肉。所谓乐咩人正是以车万600整活勇士为目标的整活者之人！\nBGM：https://www.bilibili.com/video/av8082732?from=search&amp;seid=13474014461446993087,20874632,1572952317
好想侵犯小伞,我不能决定群友的聊天内容，但我可以决定评论区的聊天内容,3138422,1572952313
这个ID估计没人注册,草，上镜了,291223027,1572952203
一条两条归桥,？？,11357435,1572952161
miku511,哇原来才600人啊，当初我偷偷上网时，二次元不是初音未来就是东方project，原来才屈屈600人,11347018,1572952149
LVN-Zhang,安徽东方群698852727,171292103,1572952109
戈鲁多,咩元帅玉音放送:根据头像就能看出是东方吧的那群s*。\n那咱都换成您的高雅P图作为头像看看您还敢骂吗？,331281233,1572952054
余九堂,记录一下，现在1925,399574954,1572951990
科瑞林,我就看看吧[嫌弃][嫌弃],33474027,1572951989
来自东♂方的哲学家♂,推荐：千年组神曲（个人认为）：Necro Fantasia[滑稽],1708305,1572951855
来自遥远非洲的鸽子,喔 评论又少了十几 可喜可贺 可喜可贺,262229374,1572951808
红梅陷阱,甚至开始充电，妙啊,184299109,1572951770
机巧影花不会怀孕,雇佣兵呢，快出来火拼呐[小电视_我好兴奋][小电视_我好兴奋],1747987,1572951711
我是姨丈公,高技术力体现在过河拆桥，脚本删屏，咩式统计的up主。,2198285,1572951665
谷口稔,他改变了国内东方圈,38800681,1572951615
竹林食兔锅-墨彩,有独人13内味了,35313207,1572951571
抗原大爷,……,6949741,1572951436
秋水之溟,有内鬼，请大家吃小饼干av11059918,21804772,1572951433
比那名居奏子,有没有天子厨[吃瓜],334567579,1572951429
来自遥远非洲的鸽子,……,262229374,1572951190
慕容朔夜丶,兄弟萌有没有好的音乐社团推荐，做古典风格的，做摇滚乐的，做hardstyle的[吃瓜],12391911,1572951183
托卡列夫毁灭魔炮,……,57935470,1572951176
Drs-Latency,继续版聊，推荐首石碱屋的《id恋し いと恋し》，这个社团特别老了，05年成立的，不知怎么感觉国内好像没人知道,36828603,1572951149
秋水之溟,无内鬼，推荐点好☆作☆品，av38959413,21804772,1572951109
吾乃老哥并非老鸽,咩2016 推 动 大 一 统 局 面,87200207,1572951074
梦符佳月,为了防止这货冷处理，导致连续剧停更，也为了丰富车车人的精神文明生活，👴给他充了电,2059519,1572951040
来自东♂方的哲学家♂,复读一遍：建议对东方同人音乐感兴趣的和还在入坑边缘观望的朋友看下这个视频av1095131来品味幻想乡独有的魅力（暴论）,1708305,1572951004
风巽虚,我寻思这tag还是没有加啊，这金手就这么难抬？,19848666,1572950980
ミクのCharlotte,没wifi也要看！咩和雇佣兵陷入车万的重重包围， 场面过于惨烈。\n🚚🚗🚓🚕🚗🚕🚙🚗🚚🚕🚲🚚🚲🚙🚓                                                            🚲                                                        🚕\n🚙       🚗              🚗                          🚓\n🚒                     🚒                     🚕    🚗\n🚕        🚙                                          🚙\n🚙                     💂💂💂                      🚗\n🚗        🚓🚕     💂🐑💂   🚚🚚             🚌                                         🚚                    💂💂💂                      🚲\n🚗                                                          🚙\n🚙🚗🚒🚗🚙🚗🚕🚕🚙🚚🚙🚗🚲🚙🚗  \n  当时太快忘了截屏 大致就是个情况 大家自己体会,14216346,1572950966
来自遥远非洲的鸽子,三东好评,262229374,1572950957
Saris-Osa,战 地 5,431674387,1572950952
余九堂,我不记得刚才是1851吗，可能看错了吧...,399574954,1572950935
湖葬-,三东了,238210116,1572950882
醒后有呆毛,人数都3东了,18346245,1572950823
佐佐木琪露诺,东东东（指三个东 无fuze意味）,107042878,1572950820
抗原大爷,三东了,6949741,1572950766
GhrothExile,不然我们是什么，車万波兰人？[吃瓜],11939462,1572950726
机巧影花不会怀孕,三东纪念日,1747987,1572950673
563641,三东留念,8019129,1572950540
余九堂,无内鬼\n再推荐点好歌\nav50659036\n最喜欢3分20秒之后,399574954,1572950532
ミクのCharlotte,东方智械咩谭 ~ Script Operator and Dumb Sheep,14216346,1572950463
Drs-Latency,闲着也是闲着，分享一下thbwiki看到的有趣情节\n二轩目\nZUN问在场最远的观众是谁。\r\n\r\n囧仙\r\n我是中国天津来的。\r\n台上的人\r\n坐飞机来多久？\r\n囧仙\r\n三个小时。\r\n台上的人\r\n为什么要来这里？\r\n囧仙\r\n我最喜欢ZUN了。,36828603,1572950426
骊驹_早鬼,行了，看样子还是心里有鬼，我代表个人撤销和平条约，进入战争状态,49218887,1572950422
伞U3,隔壁囧仙在阅兵啦，看到的车车人都去看一下呗,20808271,1572950409
Saris-Osa,唉爬爬爬爬爬赶紧的爬,431674387,1572950375
艾吉奥的披风,你这地板是泼了油吗，怎么这么滑,239332224,1572950345
机巧影花不会怀孕,快3东了[偷笑][偷笑],1747987,1572950308
超级果汁盒,没wifi也要看！咩和雇佣兵陷入车万人的重重包围， 场面过于惨烈。\n🌴🌴🌴🌴🌴🌴🌴🌴🌴🌴🌴🌴🌴🌴                                                                🌴                                                          🌴\n🌴        🌴              🌴                          🌴 \n🌴                      🌵                     🌴     🌴\n🌴         🌴                                            🌴\n🌴                     💂💂💂                      🌴\n🌴        🌴        💂🐑💂   🌴              🌴                                                 🌴                     💂💂💂                      🌴\n🌴                                                          🌴\n🌴🌴🌴🌴🌴🌴🌴🌴🌴🌴🌴🌴🌴🌴  \n  当时太快忘了截屏 大致就是个情况 大家自己体会,41323573,1572950256
彩華桑,无内鬼，来点车万笑话\n各国投选最爱的车万角色\n美国投皮丝\n俄罗斯投幽香（指国花）\n英国投恋恋（指国花）\n中国投美铃，纯狐和娘娘\n法国投降,14434928,1572950095
清正廉明铃兔子,新番更新啦！大家快来看啊！,1800830,1572949990
来自遥远非洲的鸽子,提问 乐航的二次创作多被称为东方鬼畜音mad(暴论)\n那么乐咩的二次创作应该叫什么?_?,262229374,1572949952
幻境安之匙,草 你看看自己言辞什么玩意 合着您还给自己洗地呐?,308019621,1572949939
海月晴岚,评论区无论遇到什么困难，也不要怕，微笑着面对它，面对困难的最好办法就是控制评论，引流就是胜利，加油，奥利给!!!,312349235,1572949895
赤色之洋,充电的咋有九个都是车车人,208824802,1572949852
高葵不是我的真名,大佐，囧仙在隔壁b博点兵呢，要不去看看？,210149784,1572949821
余九堂,起来乐咩了！\n谢邀\n实名反对楼上所有答案\n人在美国 刚下飞机\n――――\n哇，一觉醒来竟然这么多人踩，第一次回答没想到这个待遇谢谢大家\n再补充几点\n关于评论区的xx用户的回答已经很完善了，我再删掉几楼\n–––分割线–––\n多图预警，多图预警，多图预警。\n重要的话说三遍\n该评论已被删除\n该评论已被删除\n该评论已被删除\n现在月收入20w左右。\n东方project用户太多，ba利益相关，匿了。\n――――\n评论区好多人在酸。信不信由你吧，我只能说世间所有不公平，都是因为没有太多雇佣兵导致的\n————,399574954,1572949783
芙兰朵露ー斯卡雷特,bad apple与东方关系敏感？啥意思？就不能老实道个歉么？部分群友？你是不是也会四重存在[滑稽][滑稽][滑稽],46282099,1572949708
彼岸相梦,宁这一整现在还有人愿意相信你吗,38413898,1572949697
HAWKSboy,放白屁阴阳怪气？,19032185,1572949658
来自遥远非洲的鸽子,你这人啥乐咩二次创作都不会 你来这儿干啥,262229374,1572949654
--纯狐--,来版聊，啥时候能出个纯狐的手办？,11526362,1572949632
模拟删羊2019,咩？,414263439,1572949629
幽明求闻,和电视连续剧一样，给劲嗷[吃瓜],9521829,1572949536
-八雲,等下这人不是道歉了吗 又整啥活了？,275529456,1572949434
机巧影花不会怀孕,咩大佐呢，出来和595勇士来对线啊[偷笑][偷笑],1747987,1572949422
msdkal,咩带佐，隔壁囧仙集结了595名车万勇士和9500名车万伪军大阅兵呢，您不去参观一下吗[笑哭],82833203,1572949317
妖梦酱的小麻薯,六百勇士整合在哪呢，我想看看我上榜没（第一批可能性微存）,34790800,1572949220
帕奇利兹パチリス,你儿这儿人儿，根儿本儿啥儿东儿方儿二儿次儿创儿作儿也儿不儿会儿！（指给ba开除车籍）,11569451,1572949190
Drs-Latency,既然都版聊了想请教一下yonder voice的CD国版和日版有什么区别，一直都不太了解这一点,36828603,1572949161
彩華桑,东方智衡失存~error by chaos 埴安神咩姬被收蒙骗的地上车万人打败后力量消散大半，因无法控制py3脚本大军被反噬。昔日发号施令不可一世的造谔神被造物脑控，变成一具谔俗不堪只会heip的傀儡...,14434928,1572949126
艾卡苗,突然想起 黑名单居然还能照样充电，还给我粉丝勋章草   我把粉丝勋章还给你 你还我小钱钱呜呜呜,37900009,1572949086
来自遥远非洲的鸽子,自从咩发了这个动态之后 我就彻底鸽转鹰了 咕咕咕,262229374,1572949057
LVN-Zhang,重庆大学车万群340224547，就算不是重大人，我们也会热烈欢迎\n川渝东方高校群834149868，欢迎巴蜀利亚车万大佬光临,171292103,1572948935
帕奇利兹パチリス,＊狂热的咩某不停的黑屁＊,11569451,1572948927
秋水之溟,哼，哼，哼，啊啊啊啊啊啊啊啊啊啊啊啊！,21804772,1572948861
抗原大爷,我就纳闷了！之前都到了一起约着华灯宴投稿，还有就差把管理交了，结果给我整这么一出，如果你认为是我们错解了你的意思，你倒是把话说明白啊，不是整些奇怪蒙圈言论就是不说话，能解决什么问题？哦，对了，你这样一整，没人想解决问题了。,6949741,1572948859
过路的旅者,我本来是来回顾一下自己的战果的，现在有人能告诉我咩发了上条动态，然后我们接受道歉之后又发生了什么吗？[2233娘_喝水],13021130,1572948856
孙寻真爱,在知乎看到问题过来的，各位，发生了啥事？过河拆桥？[妙啊],304236918,1572948846
水平思考的河童,高考作文生成器？,4366818,1572948787
艾吉奥的披风,所以，删评停止了吗？,239332224,1572948758
江矢諏訪子,第 二 次 世 界 大 战,274928879,1572948746
一般丢塔寅丸星,好 戏 开 场 顺便有没有温州的车车人啊(´；ω；`)\n松原的也行啊(´；ω；`),38818971,1572948668
来自遥远非洲的鸽子,来版聊\n你们最喜欢的东方正作是哪一步？,262229374,1572948622
鈴仙_優曇華Official,草恁就是海绵体？,12129724,1572948620
涼宮秋夜,放人引发了空前的乐咩热潮，，，,159433035,1572948453
彩華桑,刚刚谁版聊叫我打gzz的\n      ⭐⭐⭐⭐🌚⭐⭐⭐⭐⭐\n⭐⭐⭐⭐⭐🇺🇸⭐⭐⭐⭐⭐⭐\n⭐⭐⭐⭐🌚⭐🌚⭐⭐*biu*⭐\n啊啊啊啊（目力）,14434928,1572948396
彼岸相梦,🐑是怕车万人无聊又出来整活了吗，实属大善人,38413898,1572948359
懒挞挞的银蛇,回想一下，再过去几天里，我先是成了丈育，然后又成了jrgd，紧接着又变成了cia，同时还被24w阴间雇佣兵追杀。\n经历有够传奇，洒家这辈子值了,132935710,1572948266
懒挞挞的银蛇,好，又两东了！,132935710,1572948171
只是个新人罢了,《明明只是扣了精日文盲CIA特务几顶帽子的我为什么会被喷到这个地步！》第二季绝赞放送中！,20874632,1572948147
Firefly219,看了下给up充电的人东方众还挺多的,27127561,1572948106
777473838,吃🍉,199357312,1572948063
余九堂,我原以为烂尾了，没想到第二季又搞起来了,399574954,1572948036
懷古傷己,EX面开打，坐等PH面,227075311,1572948031
万恶的大当家,铁阴阳人,8549831,1572948005
黄豆Chara,不过……谢谢你把我从黑名单里弄出来，虽然我当时只发了3个问号？？？,179044995,1572947839
外层空间之颜色,往好了想咩先森这一手操作成功让鸽派老哥转成鹰派，为接下来战斗提供了良好的环境，继咩先森成功让各不同理念的东方众放下成见统一战线，再是另全员成为鹰派，成功的提供了让大家互相理解的平台\n咩先森恁真是个带善人(捂嘴笑),10913201,1572947799
游荡的骑士,有没有山西tho群收留的？,3928726,1572947795
永江电力,https://tieba.baidu.com/p/6325295222\n把我笑死,454566790,1572947763
以色拉费,感谢大佐帮助东方团结一心,35892743,1572947741
黄豆Chara,本来以为事情已经结束了，\n高兴的我不要不要的\n……………唉,179044995,1572947734
艾卡苗,宣群都有了  整个评论区画画gkd,37900009,1572947720
Drs-Latency,突然好奇大家怎么入坑的，我正好是从bad apple入坑的，以前听说东方有一百多个人物一直不敢了解，直到看到bad apple对里面人物突然有种想了解的冲动，然后就一发不可收拾的落入东方的坑里面了,36828603,1572947632
黎魂冥雾JK88,被一个来自东方的神秘力量所打败,321029973,1572947522
某珂学的珂学家,发生了什么(°∀°)ﾉ,144645142,1572947513
余九堂,圣 经 咏 唱\n我就不懂，为什么东方人说自已是月共\n要说黑名单还是有的，但是数据库还是有的，分为十五个优先级\n他们拼命想把我搞成NBA，搞得我也想把他们搞成NBA（说实在的这个没看懂）\n还是想告诉你一下，帮你说话的不是为你好，是想让你死。,399574954,1572947476
万恶的大当家,自己感觉自己很委屈,8549831,1572947446
只是个新人罢了,为什么我每条动态都整活却没上咩吧600勇士整活英灵殿恰羊肉......,20874632,1572947435
古明地热,我佛，带佐说东方吧人骂他，反东方吧人挺他，结果去反吧一看，也都是骂他的，，真就民族大团结呗,22773221,1572947422
近战法师ex,不知道说什么了，视频挨个举报吧[阴险],41355221,1572947420
谷口稔,能激起佛系车万众也是一种本事...,38800681,1572947420
来自东♂方的哲学家♂,给了台阶偏不下，这下可不能说车万人霸凌你了吧，五天时间换来一手背刺，咩大佐希望你今后在社会上遇到什么事也能这么硬气，毕竟车万人已经算是脾气好的群体了,1708305,1572947334
塞克马克赛,能为了一件事花这么多心思,238164343,1572947253
隐岐奈偷走了重要的ass,有人玩东方之魂嘛？爷刚打到红师傅\nyou dieyou dieyou dieyou dieyou dieyou dieyou dieyou dieyou dieyou dieyou dieyou dieyou dieyou dieyou dieyou dieyou dieyou dieyou dieyou dieyou dieyou die,23722118,1572947184
涼宮秋夜,版聊时间（,159433035,1572947171
莫得感情的声豚,经过这么多天下来，这个up我不会取关了，评论区看戏比视频好看多了JPG[doge],28025040,1572947166
暴力为了纱雾,我到b站只对过两次线，一次lol相关的，还有这次，不得不说车车人是真的素质高，基本没有直接开骂的（可能是对面人太少吧）。但这么好的态度依然换来这种态度我是真的无fa♂可说，现在只想说：啊♂我要搞♂死你啊,175057250,1572947070
黄豆Chara,烦死我了，这件事情快点结束吧………,179044995,1572946925
坂本諏訪子,评论里有云南东方众吗[doge],304766378,1572946758
SpearsJR,有大佬能科普一下这是咋了吗,10441630,1572946753
不灭深红丶Scarlet,真正的想解决问题就请把管理给严肃处理一下,22756959,1572946546
天鹅绒少女-VIVIT,有无旧作厨 来点旧作群,33124248,1572946535
爱-格Egger,我没有贝贝硬.jpg,16100315,1572946492
kanna_空条妮可,600分之一路过吃瓜[吃瓜],11861588,1572946475
啊呵呵真逗,果然还有ex面啊,378840534,1572946433
沉迷红茶的威严酱,话说这次事之后我才知道原来这个up对于车万几乎完全不知？那他之前做了那么多ba合着都不知道自己做了啥？[尴尬],346465198,1572946421
暖暖心语,可悲，我们的东方project，竟然只有600的粉丝,241549961,1572946393
夕月朝阳,我还以为事情马上就过去了，没想到这波操作。,85955748,1572946340
小马就是正义,有没有群要我这种只对东方角色感兴趣但是名字不能完全记住的路人[滑稽],7811214,1572946338
梁呀ho,一脸懵逼，咋回事儿，这东方是啥，咩不是一个科技up嘛。。。,27145312,1572946250
东风谷秋叶,黑龙江车车人这里请，97828913,15711634,1572946207
仓鼠不是妖,我忘了我是怎么关注up的 但是现在up的动态只有日常撕  唉[嫌弃],216777961,1572946203
車万众,好，还在避重就轻，怪不得她人了,614154,1572946191
余九堂,来晚了，这条评论没看懂，请问他现在对管理的态度是？,399574954,1572946169
七月琴奏,货  币  贬  值（指5人减员）,352881338,1572946164
正針なる,不愧是米国留学高材生，现在开始玩儿民主自由了是吧？,221845801,1572946107
只是个新人罢了,看了下咩吧的600勇士整活贴，咱居然没上榜......,20874632,1572946092
虚空来声,问一下鹰派二的目的。,34360388,1572946042
虚空之翼MAX,欢迎各位加入我的个人东方群852085810[doge],206081604,1572946041
Kurokoma-Saki,对你有所期待是我的错——吉弔八千慧,238680490,1572946037
醒后有呆毛,欢迎加入暁records，群聊号码：375380875,18346245,1572946016
无铭无姓,对你有期待的我是真的蠢,33298859,1572945985
是我白菜哒,一起来吃曲奇吧~,357102,1572945865
彦山豊前坊Official,二战爆发（绝望）,351434421,1572945853
efuious,谁能给我解释一下鹰派一二三都是些什么势力啊,144096235,1572945846
来自东♂方的哲学家♂,才刚走一个小时，问下发生了什么？,1708305,1572945830
白玉墨染樱,事还没过去就急着跳出来洗白自己，这操作，闻所未闻,17977921,1572945819
Kurokoma-Saki,再分享一下这周六青岛tho的群\n903414643,238680490,1572945734
无铭无姓,我原本都以为息事宁人了。。。。真的服了,33298859,1572945718
黄昏沙袋,你这波洗白就很迷惑啊，脚本都人人皆知了还搁着这儿“举报系统删除”？,35506214,1572945710
Faqstalin,删除qq群，加入东方tag，完成这两个目标，我们就可以撤军。不过，你要明白，车车人念你尚是学生，不把你威胁的言论举报，只是想让你好好念书，望好自为之。当然，要是你那天真搞出什么科研成就的话也不要忘记告诉我们这600个越共呢～,30014535,1572945679
Kurokoma-Saki,欢迎加入蓬莱tho–东方永夜传，群聊号码:74526 4636,238680490,1572945627
东风谷秋叶,现在是诗词赏析环节（迫真）\n\n恢复评论\n美国科技为了咩，巨大多删评脚本\n的确技术力欠缺，咩大佐无药可救\n\n咩\n车万六百，热度还是\n反对咩人，有你有我\n深度删评，极道警告\n有你有我，动态被删了\n\n脚本、咩\n咩人召开法\n但写一脚本\n删评停留在\n破了大东方,15711634,1572945624
東風谷靈夢,成都也是有东方活动圈子的，涉足此地的车车人欢迎加q群834149868,331891291,1572945498
银色战车_镇魂曲,好快の删,1614112,1572945476
带带魔人布欧,精神胜利咩，，，,388465066,1572945402
妖现惊梦,又来了又来了又来了\n得，简直年度大戏[doge],39624794,1572945074
Drs-Latency,版聊，有社团歌姬推荐一下吗？目前只知道aya ayo，yukina，merami这些,36828603,1572945047
为什么那你,我叫我自己群友\n都在交友那我就问问有无神子厨吧[吃瓜],2492243,1572945022
虚假的脊髓,👴关注回来看🐵了，来多跳一会儿,7932630,1572944981
Z员外,有没有厨雷鼓来聚一聚[doge],11593589,1572944916
面包已成年,纯废物，有无咏唱群收留下，低血糖快死了（,4114434,1572944802
東方華想神月,已经不想说什么了,101175846,1572944775
一般通过大酱,版聊\n有无养老群收留一下啊[妙啊],188493595,1572944696
血祭纯粹之主,贴吧咩2016吧最新的帖子，请,39286359,1572944667
Drs-Latency,贡比涅停战（❎）\n圣诞节停战（√）,36828603,1572944617
虚空来声,我的立场：极端鹰派。\n现在我不接受道歉，这个人两面三刀出尔反尔，不值得任何信任。,34360388,1572944611
醒后有呆毛,欢迎加入暁records，群聊号码：375380875,18346245,1572944573
伞U3,得了，这人就是没学过怎么道歉，懒得争了[呆],20808271,1572944538
面包已成年,就一句话，你的朋友刚刚回我了，他也被你气到了[笑哭][笑哭][笑哭],4114434,1572944468
只是个新人罢了,在？您卡组里为啥满编千把刀和刀扇还有背刺？,20874632,1572944463
古明地热,内部消息，，，目前除了管理之外没人维护他，都在各忙各的或者吃瓜，，\n成辣，他不能决定他自己和唯一一个粉丝的聊天内容[惊喜],22773221,1572944446
Z员外,你打算绑磁铁，那我们给你绑火箭，你去外太空做太空删🐑吧,11593589,1572944351
浮生六道9,你就继续被人找乐子吧，从头到尾你就没明白过来自己为啥被抵制。\n其实您不就是根本就没把这个圈子当回事么😊\n那就继续被人当乐子呗。\n反正你也不在乎不是？,13100427,1572944316
Drs-Latency,我觉得你真该看看囧仙的经历... \n祸从口出真不是白说的，明明可以完全停战从此双方互不干涉，非要争那么一口气，老话说得好，死要面子活受罪,36828603,1572944224
ハ雲紫,刚收到这个信息，我很荣幸成为600人中的一员,13307035,1572944191
夕沙miko,版聊\r有无喜欢恰组长组的（吉弔和骊驹），感觉有点带感,258993882,1572944160
灰灰呢丶,路人过来踩两脚顺便黑名单见，以后见一次黑一次,8423049,1572944156
Kurokoma-Saki,有一说一，我一直都没觉得咩大佐想道歉，我认为咩大佐一开始就没把这事当回事，我翻过删羊大佐的之前动态发现这不是第一次被炎上，估计是惯犯,238680490,1572944127
带带魔人布欧,咩持，，，,388465066,1572944061
小小の心愿,我之前还以为你认真道歉了，还在评论里劝其他暴躁老哥收手，合着你就是来糊弄我们啊？当面一套背后一套，你情商呢？上学学傻了？,35878699,1572944051
秋水之溟,有无大佬，把三年动画安排上,21804772,1572944024
血祭纯粹之主,QQ群截图里的那位咩犟多次提到我的视屏，以及结合咩2016在美国，同时那位管理员发布沃尔玛购买子弹的图片来看，群管理就是咩本人,39286359,1572943995
Z员外,你现在已经没有回头路了，你自己把你逼到了死局，你现在的一切表态我们全部作为笑话看待，你不配继续做视频了,11593589,1572943980
机巧影花不会怀孕,你以为我要息事宁人，其实我要自爆哒[偷笑][偷笑][偷笑],1747987,1572943967
LT-TH,你粉丝群你只能管一部分？\n动态的评论你没删过？\n为什么要逗大伙笑（,5363930,1572943838
妖梦酱的小麻薯,咩酱怎么一会硬一会软啊（半恼）,34790800,1572943761
夕沙miko,你选择吔神奈子的麻将，还是二婶子的麻将？,258993882,1572943750
Kurokoma-Saki,有无秘封厨,238680490,1572943742
帕奇利兹パチリス,草，恁还在群里装过抽象骡子和银小鬼，亚文化带手子，，，,11569451,1572943633
虚空来声,ba的关系和东方敏不敏感你不知道你还敢蹭热度？\n你的道歉毫无诚意，我一个字都不会再信。\n我是主战派，所以你群kb分子管理什么时候才能为他的人身威胁和迷惑言论做出解释，你什么时候销号滚出b站永久回归虚无？,34360388,1572943564
幻梦樱璃,后排提示一下，所谓睡了就是在群里继续ky，说什么绑磁铁，属实奥利给,227868562,1572943545
黎魂冥雾JK88,本来还觉得你可怜，还真是应了那句“可怜之人必有可恨之处”的老话啊,321029973,1572943408
幻梦樱璃,来来来，绑磁铁是吧，出来安排啊，出来快活啊，鱼死网破谁不会？,227868562,1572943397
黎魂冥雾JK88,您这件事放我们大学就是公关危机最好的反面教材啊！！！,321029973,1572943345
黎魂冥雾JK88,都到道完歉了然后我们车车人都打算撤了您又来这一套是什么鬼啊啊啊啊啊啊啊啊啊啊啊,321029973,1572943271
坚定的唯物主义者,对up失望了,282122790,1572943268
Faqstalin,好,30014535,1572943246
黎魂冥雾JK88,您能不能别干些匪夷所思的事情啊,321029973,1572943210
飓风般的逸仙号,我刚以为你上升到了新的高度，结果又再次下降到了旧的高度（,73714786,1572943184
TTTTTTTemp,俺寻思您个水母脑是不是魔怔到连bad apple的出处？还东方project和bad apple关系敏感？,21017802,1572943159
抗原大爷,👴的可爱⑨五☆子☆棋呢，gkd,6949741,1572943139
琉璃宗一,离开b站吧,5968605,1572943088
心之泠羽,谁能帮我解释一下cv3881484图18中咩所说的话是什么意思？,388429008,1572942998
381预警,恕我🐑语水平捉急甚至没有读懂第四条，恁这是又想扣帽子了？,7023524,1572942996
夕沙miko,1东等于600还是595啊[妙啊],258993882,1572942920
563641,2东留念,8019129,1572942853
夕沙miko,2东了,258993882,1572942821
一般通过大酱,2东了，咩大佐什么时候出来啊！,188493595,1572942805
funny2b,你可是笑死我了...\n你是不是对你学到的东西过于迷信了？\n区区脚本和几个评论区就能统计出人数了？\n你以为你是在几个培养皿里统计菌落呢？,302838135,1572942799
Sahara酋长,做了那么久的ba才知道这和东方的关系？？？我知道了，咩2016是两个人，一个做视频做脚本，一个道歉。他就是迪亚波罗！！[滑稽],361226041,1572942723
蓝琉32767,这某咩估计就是自暴自弃了，没救了，拉走，不用喊jo护车了,13932031,1572942695
机巧影花不会怀孕,作为一个路人，我不经笑出了声，真实恰烂钱[吐][吐],1747987,1572942646
血祭纯粹之主,宁现在搞到最后的结果就是被送进警局,39286359,1572942595
Forever夙缘,我现在只想知道，你自顾自的理解别人是“亲日派”，而且你说明已经告诉警察，警察的回复是什么？,34674848,1572942529
血祭纯粹之主,宁现在还想装什么清高？😄,39286359,1572942510
血祭纯粹之主,从那个管理扬言枪杀，发自己在沃尔玛的图片。👴基本就知道那就是宁了嗷😃,39286359,1572942482
血祭纯粹之主,宁就去美国，别回来了。连基本的三观都没有回来也是祸害,39286359,1572942435
小神泽羽,咩女士不被橄榄不罢休？,64535332,1572942423
嘻嘻哈哈走过去,我以为要一波了，没想到水晶复活了[吃瓜],17476698,1572942395
血祭纯粹之主,无辜，无辜，宁可真是无辜嗷😁,39286359,1572942386
申必壬Official,评论马上就有2东了，尽管官方宣称“停火”，零星交战依旧在发生。,441868519,1572942378
血祭纯粹之主,宁这种货色就不配去和东方扯上关系,39286359,1572942353
名字我已经吃了,假定删羊大佐每天能生三个草点，车车人一天能转化一个草点\n一个草点能引发10条车车人的评论，删羊大佐每小时能删6条评论，车车人每隔0.02东分钟发布一次评论\n请问，删羊大佐需要到什么时候才能彻底删除完毕所有车车人的评论,152958503,1572942290
清廉正直-射命丸文,还是之前说的，已经没有人会相信你所说的话了\n咩咩之心，路人皆知,23088148,1572942290
蓝琉32767,持续爆破,13932031,1572942260
血祭纯粹之主,逮到一个越共自称就游开始黑皮,39286359,1572942255
夕沙miko,你为什么会觉得自己很无辜呢？,258993882,1572942248
血祭纯粹之主,国外的ytb才是宁的天下,39286359,1572942222
血祭纯粹之主,👴现在建议宁立刻滚出站,39286359,1572942205
血祭纯粹之主,美国留学就是厉害，连最起码三观良心和是非都开始扯皮,39286359,1572942184
小马就是正义,吃瓜到现在真的觉得这up是神操作了[吃瓜]……别说了这种行为不用怀疑，他就是没想道歉吧[笑哭],7811214,1572942183
血祭纯粹之主,宁可真以为自己是什么高贵学着嗷,39286359,1572942140
--纯狐--,我事理中客，我有话要氵。\n咩为啥在群里说那些东西（指b博敷衍q群口嗨）？你们想想，人不都是要面子的吗（技术力带手子不灭）。就是自傲一点的普通人（指计算力高达595），换我我可能（正常人就该做错事顶着压力倔强挺立）也这样做（我也是小圈子的咩上校辣）,11526362,1572942131
血祭纯粹之主,那个管理员就是宁本人👴目前算是知道了。,39286359,1572942096
夕沙miko,我越来越觉得那个管理就是咩带佐本人了,258993882,1572942072
★LR攻君略IOゎ,半年前都说要爬了，咋还在呢，烂💰太香了对⑧？,13735463,1572941714
深圳养鸡二厂,真是死性不改啊,18527256,1572941644
★LR攻君略IOゎ,赶紧爬出b站,13735463,1572941587
吟游死宅,高 强 度 整 活,10266074,1572941577
外层空间之颜色,在？康康恁之前的道歉动态？害搁这给我们扣帽子呢？脸呢？,10913201,1572941541
水鸭哥,A咩rica fxxk yeah~~,13806882,1572941513
54132553617_bili,谁能告诉我又发生什么了,349796442,1572941483
血祭纯粹之主,宁就是没有良心，靠东方up宣传，后又扯开与东方up的关系。,39286359,1572941460
血祭纯粹之主,宁不能管理群消息？宁不是管理员？不知道禁言？警告？自己现在还不知道为什么那么多人反感你，还是图将ba和东方分开。宁也知道自己炸出了一堆潜水车万人嗷,39286359,1572941413
夕沙miko,风神录六面麻将山\r🀄️🀄️🀄️🀄️🀄️🀄️🀄️🀄️🀄️🀄️🀄️🀄️🀄️🀄️🀄️🀄️🀄️🀄️🀄️🀄️🀄️🀄️🀄️🀄️🀄️🀄️🀄️🀄️🀄️🀄️🀄️🀄️🀄️🀄️🀄️🀄️🀄️🐏🀄️🀄️🀄️🀄️🀄️🀄️🀄️🀄️🀄️🀄️🀄️🀄️🀄️🀄️🀄️🀄️🀄️🀄️🀄️🀄️🀄️🀄️🀄️🀄️🀄️🀄️🀄️🀄️🀄️🀄️🀄️🀄️🀄️🀄️🀄️🀄️🀄️\r神奈子：吔麻将了你！（我暂且用麻将代表一下弹幕）,258993882,1572941362
一般通过大酱,悲报，我等鸽派说不动那个理中客，地址292楼，请求支援( ´_ゝ｀),188493595,1572941308
加糖杏仁茶,咩带佐你要是还有哪怕一丝丝良心就赶紧本人出来表个态，别让还有点同情你的无辜粉丝在这里被鹰派痛批，我真的感觉无辜粉丝太可怜了，摊上宁这样的“带up”嗷,15633052,1572941277
非常傻的大鱼鱼,荒 木 飞 吕 彦,151442236,1572941185
fufufhtxf,果↑不↓其↑然↓啊,4478501,1572941092
エビギョーザ,反转了，咩是资深东方厨，这次他是为了引出说抽象话饿苏话的玩梗缝合怪,44212924,1572941079
墨染樱花_,595人那个是什么新梗啊，能私发一下让咱也乐一乐吗,267028850,1572941005
Yongfan_Cui,六百勇士我知道，少了5个又是什么新梗？,57248328,1572940946
雀食堂账房小忍Official,啧，我们都打算吃完羊血馒头这事儿就那么暂且不提了，自己又跳出来恶心……,377421140,1572940930
讲道理的皮卡喵,本来以为这几天吃瓜的乐趣已经结束了，没想到现在又可以快乐了。谢谢你，咩6102.你好强大！,17285490,1572940813
蓝琉32767,油管道上面那个是某咩本人吗,13932031,1572940802
塞尔维亚的麦崽子,zai？什么叫按照zz敏感和违法违规直接举报？\n说话过过脑子，小心月共过了你的脑子,106154837,1572940690
一般通过大酱,292楼评论区在和理中客激烈辩论中，麻烦大家把这层点赞到热评，免得每次刷新都要翻半天才找到,188493595,1572940569
威风堂々早苗酱,刚  鬼  再  战[doge],12209502,1572940549
庭渡9侘歌,.   ？？？？\n？               ？\n                   ？ \n                ？ \n             ？\n           ？ \n\n          ？,39777319,1572940544
佐佐木琪露诺,一小时后：分享一下\n一天后：说明图片,107042878,1572940527
_老板不要辣椒,反魂蝶八分咲[蛆音娘_吃瓜群众],14471768,1572940520
--纯狐--,我就不懂\n东方这些人为啥说自己是月共\n然后只要按照政治敏感或者违法违规举报\n直接就是永久封禁\n\n要说黑名单还是有的\n但是数据库在我这里了\n分为十五个优先级\n用的情感态度判断和敏感词数量鉴别的\n\n来对线就用敏感问题来说\n拼命想把我搞成NBA\n弄得我在群里也想吧他们搞成NBA\n后面才弄得表态\n好消息是我用的代理和管道\n他们没有用\n所以只要找到内地用户就直接网警举报\n\n我说了\n那个所谓的除以根号二是个幌子\n一共595人是东方核心用户是通过大量数据弄出来的\n但是我又不能说B站整个爬虫了\n\n找到一个爆破点\nc86运行器算一下运行值,11526362,1572940507
泷汐lynn,这不是ex面，我们六面还没结束呢,382152808,1572940504
洩矢八重,之前一面就疮了（指被拉嗨），只能看其他人续关打通（指开小号），结果听说今天又开了ex关卡，👴就来和恁弹幕对线了。,25413560,1572940503
東風谷靈夢,成都也是有东方活动圈子的，涉足此地的车车人欢迎加q群834149868,331891291,1572940447
Guy孜游,复制扩散\n@咩2016 删评阴阳人的行径实际上已经被再次知晓,评论区备份也证据确凿\n不建议再对本篇进行大范围的冲塔增加了他掐烂钱.而应该加大力度并联合囧仙点兵对本篇进行举报争取削除本篇或取消某咩激励计划,在不越轨法律的前提下对其造成损失才是最关键的.,8542579,1572940445
赤色之洋,祝您武运昌隆嗷,208824802,1572940366
Silver银光,建议恁去给自己开个精神分裂证明，那还更有说服力,8137076,1572940299
我钦点圈子亲鈤好吗,恁硬度真大\n道完歉虚无一段时间不就没事了吗\n还跳出来干嘛,389103353,1572940210
真刀玩家,恁就是影（引）流之主？锅甩得这么快,225305568,1572940030
幽幽子乄,喵喵喵,34809148,1572939948
来自遥远非洲的鸽子,复制扩散\n@咩2016 删评阴阳人的行径实际上已经被再次知晓,评论区备份也证据确凿\n不建议再对本篇进行大范围的冲塔增加了他掐烂钱.而应该加大力度并联合囧仙点兵对本篇进行举报争取削除本篇或取消某咩激励计划,在不越轨法律的前提下对其造成损失才是最关键的.,262229374,1572939910
ミクのCharlotte,复制扩散\n@咩2016 删评阴阳人的行径实际上已经被再次知晓,评论区备份也证据确凿\n不建议再对本篇进行大范围的冲塔增加了他掐烂钱.而应该加大力度并联合囧仙点兵对本篇进行举报争取削除本篇或取消某咩激励计划,在不越轨法律的前提下对其造成损失才是最关键的.,14216346,1572939894
羽纶笔,这就是ex面吗，事好的,35606011,1572939824
来自遥远非洲的鸽子,快发新动态吧 不发又没有新话题了……,262229374,1572939770
蓝琉32767,二 次 呼 吸,13932031,1572939698
新人帽,第二次月面战争,343055122,1572939620
神楽夜白,哈哈哈哈哈哈哈哈哈滑天下之大稽woc,5387330,1572939591
孙笑哭,把战火引向自己群友的屑群主,349927356,1572939571
摩羯由理,本来昨天就该结束的又要接着起事？法军跑了换美军上？那祝你武运昌隆。[嫌弃]就算群里管不了总得发言制止一下都好啊，哪怕是在做样子，截个图出来放这都当你是在努力改了，这样直接说管不了什么的，情商呢？还是说仅仅只想装可怜让一般通过觉得全是东方爱好者的错好出口气？行吧，不管怎样，起码我可以继续吃瓜了，诶呀昨天才注意到这件事结果都道歉了还有些小遗憾呢，还有得热闹看真好，东方永远能给我各种各样的满足[吃瓜]（虽然像这样的事心里还是觉得少点好啊）,20277406,1572939541
作死战士少年渣丶,大佐！那边车万骰子囧仙的阅兵仪式已经到场9000人辣！大佐！！！,5519569,1572939353
来自东♂方的哲学家♂,💃如果让你重新来过，💃你会不会改过，恰钱总是让人快乐，💃也会带来折磨，💃曾经帮你一起推过传说中的ba，💃已经让你无能狂怒，💃变成滑稽的小丑,1708305,1572939312
楽染_相信,？？？,300700829,1572939231
八云①,咩啊，您为什么总是拿鞭子虐待羊啊？,2420714,1572939176
蓝琉32767,集合，爆破！,13932031,1572939161
Grugoria,宁整那么多破事干嘛?,4834647,1572939149
头号被玩家,复制扩散\n@咩2016 删评阴阳人的行径实际上已经被再次知晓,评论区备份也证据确凿\n不建议再对本篇进行大范围的冲塔增加了他掐烂钱.而应该加大力度并联合囧仙点兵对本篇进行举报争取削除本篇或取消某咩激励计划,在不越轨法律的前提下对其造成损失才是最关键的.,12794895,1572939126
RRRUAAAAAA,又来了?,160801950,1572939102
可爱并且努力,圈里出什么事了？,13115777,1572939090
来自遥远非洲的鸽子,复制扩散\n@咩2016 删评阴阳人的行径实际上已经被再次知晓,评论区备份也证据确凿\n不建议再对本篇进行大范围的冲塔增加了他掐烂钱.而应该加大力度并联合囧仙点兵对本篇进行举报争取削除本篇或取消某咩激励计划,在不越轨法律的前提下对其造成损失才是最关键的.,262229374,1572939084
赤色之洋,囧仙点兵草,208824802,1572939083
kalido,还不够 还不够,4385740,1572939072
威风堂々早苗酱,复制扩散\n@咩2016 删评阴阳人的行径实际上已经被再次知晓,评论区备份也证据确凿\n不建议再对本篇进行大范围的冲塔增加了他掐烂钱.而应该加大力度并联合囧仙点兵对本篇进行举报争取削除本篇或取消某咩激励计划,在不越轨法律的前提下对其造成损失才是最关键的.,12209502,1572938969
9鲁诺9巴纳,复制扩散\n@咩2016 删评阴阳人的行径实际上已经被再次知晓,评论区备份也证据确凿\n不建议再对本篇进行大范围的冲塔增加了他掐烂钱.而应该加大力度并联合囧仙点兵对本篇进行举报争取削除本篇或取消某咩激励计划,在不越轨法律的前提下对其造成损失才是最关键的.,436342605,1572938956
泷汐lynn,复制扩散\n@咩2016 删评阴阳人的行径实际上已经被再次知晓,评论区备份也证据确凿\n不建议再对本篇进行大范围的冲塔增加了他掐烂钱.而应该加大力度并联合囧仙点兵对本篇进行举报争取削除本篇或取消某咩激励计划,在不越轨法律的前提下对其造成损失才是最关键的.,382152808,1572938921
蓝琉32767,复制扩散\n@咩2016 删评阴阳人的行径实际上已经被再次知晓,评论区备份也证据确凿\n不建议再对本篇进行大范围的冲塔增加了他掐烂钱.而应该加大力度并联合囧仙点兵对本篇进行举报争取削除本篇或取消某咩激励计划,在不越轨法律的前提下对其造成损失才是最关键的.,13932031,1572938861
蓝琉32767,我要用你在沃尔沃买的东西来整你,13932031,1572938810
泷汐lynn,总抓着zz上的东西想来扳倒我们，这和你上次给我们扣米青日和gd的帽子有什么区别吗,382152808,1572938714
是→这样吗？,超600了,1412499,1572938712
泷汐lynn,你说的那个群友是不是你自己？,382152808,1572938627
-宇佐见莲子-,宜 当 剩 勇 追 穷 寇,32970986,1572938623
泷汐lynn,来我动态乐咩吧，美人鱼版咩2016，之前让一位同好帮发过，没看过的可以来看看[妙啊]（图片是倒着的，正着发会被退回）,382152808,1572938563
psalms46,说明6下后ex是分享图片，不知道有没有ph关卡,13061094,1572938537
游荡的骑士,On day like this, kids like you. Should be burning in hell!,3928726,1572938495
--纯狐--,复制扩散\n@咩2016 删评阴阳人的行径实际上已经被再次知晓,评论区备份也证据确凿\n不建议再对本篇进行大范围的冲塔增加了他掐烂钱.而应该加大力度并联合囧仙点兵对本篇进行举报争取削除本篇或取消某咩激励计划,在不越轨法律的前提下对其造成损失才是最关键的.,11526362,1572938489
威风堂々早苗酱,没有战斗力的600人中划水的一位只能靠活跃活跃气氛来证明自己的存在了[doge],12209502,1572938285
纯白的风,你还来啊？真就突出一个头铁呗？,1784937,1572938250
Hiei殿,那您可是真牛逼,3106695,1572938103
9鲁诺9巴纳,来了这么多人，他们可不是小号，👴看你脚本删的过来吗？,436342605,1572938024
谁でも大好きww,“我就不懂，东方这些人为啥说自己是月共，然后只要按照政治敏感或违法违规举报直接就是永封。”\n“@咩酱～ 他们本来想说美越战争，但可能他们不知道天朝也跟越南打过，肯定zz敏感啊”\n原来是这样啊 受教了受教了[大笑],40794019,1572938007
linyifei,我评论被消了 怎么没收到通知,640523,1572937988
泷汐lynn,你不知道找出越共梗吗（悲）,382152808,1572937966
泷汐lynn,考完试回来了，宁又开始了？,382152808,1572937907
游荡的骑士,我想啊，像你这样的人，在渡三途川的时候肯定一分钱也没有吧。那么，现在可以动手投河了吗？,3928726,1572937883
风巽虚,咩大作一到b站，600人就冲着他笑 “咩大佐，你脸上又添新伤疤了!”  他不回答 “开一个脚本，评论全删掉” 便排出一行代码。他们又故意高声嚷到“你一定又删人家评论啦! ” 咩大佐瞪大眼睛说“你怎么凭空误人清白...”“什么清白，我昨天亲眼看见自己的号被你拉黑，被人家挂起来喷”咩大佐便涨红了脸额上的青筋条条绽出，争辩道，“删评不能算删……删评！……留学生的事，能算删么？”接连便是难懂的话，什么“说明一下”，什么“ba不算东方”之类，引得众人都哄笑起来：店内外充满了快活的空气。,19848666,1572937859
秋水之溟,咩酱求求你别再作死了啊，这几天我都看醉了，[笑哭]你在动态哪怕发句“对不起”，然后qq群里收声一个月，这事不就结束了吗，非要作[2233娘_吐魂],21804772,1572937848
猫又小粥-千舞墨雪,【虽然我不能管理群友的说话内容，但我可以用脚本删除B站上不利于我的评论】,14406305,1572937803
水天宫_宠儿,你怎么软了？把我从嗨名单里放出来可不是硬汉作风,11511536,1572937763
威风堂々早苗酱,看到这个评论我气得浑身发抖，大热天的全身冷汗，手脚冰凉，地狱空荡荡魔鬼在人间，这个社会还能不能好了，咩咩要怎么做你们才满意？眼泪不争气地流了下来，这个动态到处充斥着对咩咩的压迫，咩咩何时才能真正的站起来👊🏻,12209502,1572937761
只是个新人罢了,别人都是越活越像个球，就您一个活成了板砖……,20874632,1572937743
efuious,早点诚恳地道个歉哪儿会有这些破事儿,144096235,1572937666
地灵殿万能小管家,https://t.bilibili.com/318125882565943847?share_source=copy_link&amp;share_medium=iphone&amp;bbid=e49d952b040e1755cad6dac2851777d5&amp;ts=1572937566 您看您排场大不大,22686220,1572937623
黎魂冥雾JK88,别作了,321029973,1572937561
黎魂冥雾JK88,别再撇清自己了,321029973,1572937549
我兔V武,想不出讽刺段子，可能是因为你说的不像是人话吧,35961261,1572937524
咩1145141919,宁还搁这玩模拟删羊呢？,303529304,1572937465
街角的单行道标,往快熄灭的火灰上泼汽油，佩服佩服,4893677,1572937460
浅寒轻晓,好家伙，我本来都不想鸟了，还呼吁其他用时收兵了，原来还没结束么。。那好，EX面走起,2739014,1572937360
高葵不是我的真名,所以这事结束了吗。,210149784,1572937326
十六夜咲夜_魔怔,说明一下\n说明一下\n说明一下\n说明一下\n说明一下\n最后一条说明\n补充\n&#34;再度说明&#34;\n\n复读机机魂不悦,11063273,1572937323
H的旧辤,不懂人家圈子文化 还用别人圈子里面 的东西 被说两三句 就给人家带高帽 你道歉 还在背地骂人 说人家圈也就600人 你说的意义耐人寻味呀 (=・ω・=),23091871,1572937264
Z员外,就是冷处理都不至于把火再点起来，做人要圆滑，你是方块，还是个棱形，还要把最尖的那头往别人身上戳,11593589,1572937251
妖梦所斩不断的一切,已连接至咩亡迅雷。开始各种魔怔发言，，，,45002119,1572937211
来自遥远非洲的鸽子,完蛋完蛋 版聊又双叒叕冷了,262229374,1572937159
加糖杏仁茶,Alpha！Goat！Best Match！Are you ready？技术的脚本精！AlphaGoat！Yeah！,15633052,1572937139
Z员外,伪君子好歹还会装君子，你倒好，装都不带装一下的，任由这个所谓“群友”放黑屁，你就是装个样子在群内发声明都好，而且这个撇清关系的手法真的不高明，你群里那个“不是你”的人发言不管怎么看都是你，所以你现在撇清关系有什么用呢,11593589,1572937118
チェックメイと,自掘坟墓,44986290,1572937079
彼岸相梦,宁这不是不了解ba和东方关系，宁这就是单纯的不会做人,38413898,1572936893
Tiger6237,本来bad apple和车万没有任何隔阂，没有任何纠纷，更没有敏感一说。在恁闹事之前没人想到bad apple还能给开除车籍,50748485,1572936892
风巽虚,果然打ex面了。。。。,19848666,1572936803
莉芙-莫妮卡,cv3892194,355659466,1572936711
来自东♂方的哲学家♂,还不快点再说明一下？评论区又快变成版聊区了,1708305,1572936690
我爱吃⑨,立正挨打都不好好挨打，真当车万已经凉到可以被哪里来的宵小骑到脑袋上冲的地步了？,2150493,1572936653
威风堂々早苗酱,话说有没有点赞脚本整一个[doge],12209502,1572936650
LVN-Zhang,如有重庆大学车万人路过，请加群340224547,171292103,1572936629
怪盗鲁邦,当年斯巴达三百勇士也就打40w精兵，我阴羊人用20w阴兵打600东方众，不是问题埋伏他们一手，这个事不道歉，这事不用道歉，他们死定了\n反手给一个枪械照片，闷声发大财，他们不怕，但是没关系，他们赢不了我，谢邀，人在国外，这个地方这个时间，我请一波雇佣兵将绝杀，但是请不得。\n单走一个小号，傻～逼，还人肉回复，走他一个脚本。\n bad apple和东方有关系？你能捶死我?你今天能六百人把我咩皇捶死！我！当！场！把这个电脑屏幕吃掉。！,767163,1572936486
小河月月鸟,别的不说，咩大佐的群管理属实人型自走造梗机,177543896,1572936406
Shiki-Ryougi丶幻想子,？？,32208464,1572936380
面包已成年,一开始不想说这件事的。\n那天，你的评论区一篇混乱，但是有那么一个人，他不希望你遭受网络暴力，因此在维护你，大家都说他是卫兵，是洗地党。\n我私信他了，他是你的朋友。\n我和他聊了一个晚上，他说他维护你，是因为他看到了你那及其低落的情绪，和近乎自闭的表现。那时我开始换位思考，我发现你也不过是个有技术力的普通人，也有自己的感情，你不是我想象的那种去卑鄙小人，你只是太固执了，太坚信自我了。\n我告诉他，去劝劝你，在评论区为你说话不会有好处。\n后来，你道歉了，评论区也很友善，当时我以为事情结束了。\n现在，我真的失望了，不知道你的朋友看到这个动态和底下的评论是怎么想的。,4114434,1572936359
来自遥远非洲的鸽子,请一个会做三年动画的 我想要一个乐咩本篇,262229374,1572936261
チェックメイと,您自裁罢,44986290,1572936241
只是个新人罢了,说说说说说说说明一下，您就是帝骑哥的腰带？,20874632,1572936195
Guy孜游,这货又开始了？现在参加车车人版聊还来得及吗,8542579,1572936060
节操收割者,是时候派出黑水雇佣兵了,103764,1572936058
こあくまofficial,欢迎加入川渝东方群，群号下面发，方便复制，这里是四川及周边地区的同好群，欢迎各位还没找到组织的川渝车车人加入,49968739,1572935975
咖啡是浓的,你他酿的要不要好好道歉啊  表面不一两面人让我们原谅你？,38967690,1572935960
梦符佳月,哎，你这人真的有意思。我给你总结总结啊：\n表面道歉，说明几下；\n口无遮拦，欺软怕硬；\n动态装怂，群里口嗨；\n迫真统计，智熄计算；\n滥用技术，暴力威胁；\n两面三刀，精神分裂；\n读解零分，借刀杀人；\n不识大局，贻误天机；\n忘恩负义，过河拆桥；\n消耗信任，背后捅刀；\n自欺欺人，阿Q精神；\n廿万粉丝，战线溃散；\n根据地少，内鬼当道；\n亲疏不分，败坏人和；\n就这水平，国外读研？\n中二不好，早日治疗。,2059519,1572935925
不穿PAD的16,说明几次了，结巴是病，要治,14970822,1572935921
チェックメイと,总之，我一直觉得这厮想把责任推脱，把事件降到自损最小的状态。\n从来没有把问题解决清楚，一直模棱两可地道歉什么的。本来都不想理这up了，结果回头一看。,44986290,1572935915
宇月幸成_0ff1C1aL,羊人13，萎勃你自己，，，,7688222,1572935911
威风堂々早苗酱,大家好，Meiyangyang已经被我消灭了，现在我是AlphaGoat Pleasant,请各位被雇佣脚本消灭的车车人在本楼回复一下“咩”，让我看看我们的脚本消灭了多少车万人[doge],12209502,1572935892
喜欢看漫画的我,说真的自己认真的承认错误，端正好态度道歉，之后能更容易息事宁人更容易洗白。怎么?还是觉得自己炎上的不够还要给自己加桶汽油?,90655062,1572935855
彼岸相梦,宁怎么又开始了?,38413898,1572935809
橘红色芭菲,不说明了（,177360379,1572935744
威风堂々早苗酱,大家好，我是最新版脚本 AlphaGoat Meiyangyang，我们雇佣脚本已经开始清理你们车万人了，你们等着吧，马上1东就等于0了[doge],12209502,1572935642
幻梦樱璃,事情结束后也许可以做一个咩咩鬼畜音MAD,227868562,1572935619
来自遥远非洲的鸽子,来版聊\n你们觉得船大什么时候更大冒险9/9,262229374,1572935580
咩6324,一会删羊一会机械电子羊的，搁这开羊羊运动会呢？,480262617,1572935524
烤鼠子,所以东方tag呢...,336742326,1572935522
加糖杏仁茶,赛 博 删 羊 2 0 1 6,15633052,1572935448
蒸汽果壳,我寻思就是现在睿国国王当年都还是个车万众，您这一吃b饭的怎的就敢这么看不起东方？,6079485,1572935444
平安巴尔干,原版圣经站内搜索癌症晚期\n你跟风蹭热度被骂觉得是东方众的锅，那就是东方众的锅\n为什么？一个跟风蹭热度的up主，说出来的话，就跟一个癌症晚期患者说的话是一样的，你看他都那样了，你就顺从他一下，给他留一个美好的回忆吧\n为什么这么说，往上，真的很有技术的那种，可能会做出什么特别厉害的视频赚点可观的钱养家糊口。往下，那种没什么技术没什么精力的up，他也知道自己太那啥了，每天就传点乐呵的图一乐。但是跟风蹭热度的，在这中间，他觉得那些图一乐的太那啥了，不配跟他比。但是往上呢？他想捞钱，他又上不去。所以跟风蹭热度这个水平是最尴尬的。\n这么说吧，up主这么分\n没能耐又不知道图一乐的：直接火化了\n知道图一乐的：料理后事吧\n跟风蹭热度：癌症晚期\n蹭热度能盈利的：定性肿瘤，但是没救了\n有技术的：病友\n特别会盈利的：什么病也没有，就是没有吗\n咩2016：东方众不会吹唢呐，哪天你上porn站上找个伊拉克开坦克的吹军号给你愉悦送走吧,472469519,1572935376
萨法负电荷,您要不蹦出来我都快忘了还有这个事了，你就这么不怕麻烦了来吗,2384029,1572935337
纯粹的弹幕地狱,有人打绀珠传吗？,444767543,1572935308
只是个新人罢了,咩王迅雷已连接……,20874632,1572935308
SNALG,君 主 立 宪 制（错乱）,87506505,1572935298
咩6324,https://t.bilibili.com/318125882565943847?share_source=copy_link&amp;share_medium=android\n在？进来统计一下？,480262617,1572935278
夏目吾郎,我来组成一东了,2062119,1572935274
爱烤鸡的毒爆虫,爪巴,86847823,1572935274
Firefly219,来了，你又开始了,27127561,1572935264
563641,柳暗花明又一东（指评论数）,8019129,1572935243
来自遥远非洲的鸽子,一东纪念,262229374,1572935196
怪盗鲁邦,阴羊人的全新理论？,767163,1572935161
街角的单行道标,正常人:出来混，有错就要认，挨打要立正\n删羊:出来混，有错说明一下，挨打撒泼打滚,4893677,1572935140
来自东♂方的哲学家♂,咩皇的心跳大冒险,1708305,1572935138
喜欢看漫画的我,又要把自己炎上了,90655062,1572935053
来自遥远非洲的鸽子,冲鸦(指文文),262229374,1572935036
抗原大爷,人 工 智 能 A l p h a G o a t,6949741,1572935019
Element-Kyo,我从地狱回来了！（指黑名单）,92351813,1572935009
用户名因违规暂时屏蔽,我黑名单呢我黑名单呢我黑名单呢？\n我视频tag呢我视频tag呢我视频tag呢？\n我本篇评论呢我本篇评论呢我本篇评论呢？,24986068,1572935009
Nikeite,冲锋开始！,10421232,1572934996
来自遥远非洲的鸽子,大家加把劲 马上就一东了,262229374,1572934972
月出天高,我除了发一个¿ 以外就不知道说什么了,11284316,1572934966
7th_mov,我寻思着您难道是帽子的付丧神？具有扣帽子程度的能力？,5573174,1572934960
威风堂々早苗酱,大家好，我是咩2016的脚本，这是我开的小号，现在咩2016的发言全都是我这个脚本偷偷干的，与咩2016无关，毕竟脚本惯性太大了[doge],12209502,1572934939
Railtnelis,你的脚本是有自己的思维吗？赛博朋克2077ea体验？我蒙古,21974996,1572934930
芙兰咄陆,有没有湖南的东方群带我一个啊，想认识一些湖南车万圈的满哥和妹陀,5153949,1572934926
赤色之洋,看了五天看腻了，评论起来真带劲,208824802,1572934924
夜抱头蹲防人探,还在嘴硬，主战派该干活了,6517689,1572934918
来自遥远非洲的鸽子,教也传完了 他该听见的也就听见了 那么接下来 就是愉快的版聊时间了,262229374,1572934879
Techqin,👴🏻吃了两天🍈吃腻了，不想看你说明了想看你爪巴,36761069,1572934859
红叶の鸦,硬硬硬,89519,1572934840
早苗-马卡洛夫official,等等，第一个评论呢？我可是第一个评论\n第二个也不见了?\n我发了个第一，类似于贴吧里的抢二楼，属于无关内容，但咩说过除非举报删除否则不删评论，这是不是两面三刀?如果是我网络的问题那是我的问题，如果有人举报那就让举报者私信我拿出证据，否则就请你给我个解释\n其次，第二发的是“又开始了”，难道咩听不进去任何对自己不满评论吗?请给个解释,7034347,1572934776
我爱东方一生一世,装啊！洗啊！继续啊！要不要脸，把特朗普那套全学会了？,33342256,1572934765
孤独的瓦愣纸,其实我觉得，群里怎么样关系不大了，公开场合道歉，群里发生什么对我们已没什么影响了，没必要揪着不放。咱还得过年呢[无语],19178685,1572934763
Latida,好不容易能聚在一起，不如宣传下w还没找到组织的成都车车人欢迎加入：834149868,5780851,1572934749
外层空间之颜色,说明一下×N\n能一次说完吗？我这有开塞露您要吗？,10913201,1572934729
孤语无寂,呵呵,169907116,1572934719
DewIckol,ex面开启\n已经无法再进群了\nbgm：羊群の友達~Goat Groupchat\n既然在羊群里那就可以称之为朋友了吧，不管是山羊还是绵羊，群友应该可以这么称呼他们。一只山羊会不会也是一只绵羊呢，羊群里也许会疑惑吧。不过如果是羊自己的话，自己是自己的群友也不是什么稀奇的事呢（笑）,8457139,1572934704
本人猫癌晚期,所以你的虚空道歉在你一番精彩言论之后全都无效呗，别说我们网络暴力你，这叫罪有应得ao,75549002,1572934694
無名ハモニ,有一說一,要是拖到連東方警。察都活躍了咱可真就管不了你的個人安全了嗷大佐,誠懇道歉對大家都好[蛆音娘_无语],36022677,1572934686
东风谷秋叶,有人玩永夜抄吗？👴刚打到四面\n⭐️⭐️⭐️⭐️⭐️⭐️⭐️⭐️⭐️⭐️⭐️⭐️⭐️⭐️⭐️⭐️⭐️⭐️⭐️⭐️⭐️⭐️⭐️⭐️⭐️⭐️⭐️⭐️⭐️⭐️⭐️⭐️⭐️⭐️⭐️⭐️⭐️⭐️⭐️⭐️⭐️⭐️⭐️⭐️⭐️⭐️⭐️⭐️⭐️⭐️⭐️⭐️⭐️⭐️⭐️⭐️⭐️⭐️⭐️⭐️⭐️⭐️⭐️⭐️⭐️⭐️⭐️⭐️⭐️⭐️⭐️⭐️⭐️⭐️⭐️⭐️⭐️⭐️⭐️⭐️⭐️⭐️⭐️⭐️⭐️⭐️⭐️⭐️⭐️⭐️⭐️⭐️⭐️⭐️⭐️⭐️⭐️⭐️⭐️⭐️⭐️⭐️⭐️⭐️⭐️⭐️⭐️⭐️⭐️⭐️⭐️⭐️⭐️⭐️⭐️⭐️⭐️⭐️⭐️⭐️⭐️⭐️⭐️⭐️⭐️⭐️⭐️⭐️⭐️⭐️⭐️⭐️⭐️⭐️⭐️⭐️⭐️⭐️⭐️⭐️⭐️⭐️⭐️⭐️⭐️⭐️⭐️⭐️⭐️⭐️⭐️⭐️⭐️⭐️⭐️⭐️⭐️⭐️⭐️⭐️,15711634,1572934682
赤色之洋,这是嫌粉丝掉的不够吗，请继续你的表演[无语],208824802,1572934682
鈴仙烏冬面,还真把我从黑名单给放出来了XD,要不是在车万圈子里想要一个和谐文明的气氛，我真想喷你这人，这几天的各种阴阳 扣帽子以及其他zz操作，宁可真是把我恶心吐了[吐],23194571,1572934654
来自遥远非洲的鸽子,说明一下 说明一下 跳过一个还是说明一下,262229374,1572934638
東風谷靈夢,成都也是有东方活动圈子的，涉足此地的车车人欢迎加q群834149868,331891291,1572934622
LVN-Zhang,欢迎加入川渝东方群834149868,171292103,1572934613
只是个新人罢了,咩咩人请继续更新语录，到时候大家加大力度争取给您整本删羊圣经。,20874632,1572934605
红魔馆的红茶杯,米国精分爪巴,99806016,1572934586
五十多岁的三,群里装大爷有趣吗？当面一套背后一套好玩吗？没事，现在没人会原谅你了,12225203,1572934586
阿凯2001,开始了开始了，等等，ex面还昰你？！,129320757,1572934580
多多粮老伞,分享图片\n分享图片\n最后一条分享图片,21891352,1572934559
l風見幽香l,吃了这么多天瓜，也吃烦了。\n双面兽，再见。[阴险],67275900,1572934552
壹键山雏,又来？,22618806,1572934518
抗原大爷,在？被AlphaGoat控制了？,6949741,1572934496
赤色之洋,草，又来,208824802,1572934470
高天原的观测者蕾琪尔,所以请解释一下为什么过河拆桥还顺便瞎扣帽子?别以为你装傻东方众就不知道你主动要求过我们推广哦，作为观测者的我可是什么都知道的呢。对了，你好像还在玩笑里藏刀呢，要不要我把藏着的刀拿出来给大家欣赏一下啊（笑,15853247,1572934448
稀神探女-,b站上的东方宣传科普吐槽视频\n猴懂东系列（囧星人） av3388284–av2685301–av5554568–av6606240\nps：好想囧星人回归啊！\n宣传吐槽向（跑出来玩的）av193740–av486464–av1290053–av13499125\n囧家讲坛（囧仙）av11121070–av1977457–av6167534–av6148478\nps：你的手机屏幕碎了，该换手机了 \n鲜为人知的原作设定 av328873\n东方人妖名鉴 av1758900–av116786–av13794318–av13912515\n毒药带你看东方（短刀与毒药） av6471269–av6659064–av6975187–av7895885–av9727031–av12652746–av17021748\n猩懂东系列（Z星人）av6604821–av6787792–av7159900–av7773611–av7858109–av8317986–av9381880–av9691498–av10061368–av11005962–av12444114–av12658913–av14034296–av15167337–av17362588–av20897002\n东方梗出处（小惜）av13559973–av13760127–av14062006–av14726772–av16444700\n东方相似曲av8290398–av8498232–av9133678–av12343357–av19607044\n只要是动物都能懂东方 av8005490–av8040794–av8384886–av8060024–av11205707–av12092170\n外国大佬给你讲东方 av12021797–av12110411–av12177560–av12308058–av12558826av16229013–av17314344–av15824955–av14145644\nps：可惜这哥们因为抑郁症退坑了。\n特别二次元（机核网） av10105940–av10972822–av17955141–av18478249,7117493,1572934423
超兽王,解除拉黑了，这事好的。,434501106,1572934338
水鸭哥,全篇就四个字 加大力度,13806882,1572934313
SQwatermark,如果你被脚本控制你就眨眨眼,11621025,1572934262
Yongfan_Cui,得，那人难道不是你粉丝？难不成是你小号？,57248328,1572934255
茶道世家,一个  日本中年男子  ，花了  20年\n喝了  40,000,000杯  啤酒\n做了  17部  游戏\n最后只有  600个  粉丝\n(转载的),16908756,1572934253
稀神探女-,再发点长点的科普。\n如果有朋友想了解东方Project（东方到现在已经有24年【从开始制作来算】的历史了）的话就去玩一下原作游戏或者看看官方漫画小说吧，去搜索一下萌娘百科东方专题（https://zh.moegirl.org/Template:%E4%B8%9C%E6%96%B9Project）和THB.wiki （ https://thwiki.cc/）了解一些设定吧。\n刚入坑的萌新建议先去看萌娘百科，萌娘百科讲的车方设定好懂些，之后可以去THB了解一些东方中比较难懂的设定。\n旧作\n东方灵异传（打砖块游戏哪有剧情）\n东方封魔录（巫女与战车少女） \n东方梦时空（巫女与草莓教授）  \n东方幻想乡（巫女与梦幻馆馆主）  \n东方怪绮谈（巫女与魔界之神）\n弹幕类\n东方红魔乡（城管与吸血鬼）\n东方妖妖梦（城管与幽灵） \n东方永夜抄（城管与月人）       \n东方花映冢（好多好多花啊！） \n东方文花帖（记者的故事） \n东方文花帖DS（记者的故事2）\n东方风神录（有个绿毛来搞事了！）\n东方地灵殿（一个笨蛋突然有了力量来搞事）\n东方星莲船（杀马特尼姑出来了） \n东方三月精----妖精大战争（一群笨蛋的故事） \n东方神灵庙（中二病太子复活了！） \n东方辉针城（发起 革 命） \n弹幕天邪鬼（革  命  失败了，快跑！）\n东方绀珠传（干zun传） \n东方天空璋（一位贤者想收弟子，其实她只是来刷存在感）\n秘封噩梦日记（带着智能手机闯荡幻想乡）\n东方鬼形兽（东方朋克2077）,7117493,1572934250
GDZJRZJR,好活，多整点[小电视_赞],6536049,1572934238
抗原大爷,快一东了，哦对了，一东现在是595人\n度 量 单 位 改 制,6949741,1572934217
星期八的虚,夜 袭 珍 珠 港,8917195,1572934216
不要踩我的帽子先生,我认为您要道歉的话闭口不谈东方并管理好您的群员才是最好的方式，而不是搁群里军备竞赛,5892393,1572934183
抗原大爷,我开始怀疑你那些留学什么的读研什么的是不是都是编的，真实身份你的年龄不会超过16，要么就是你的心理年龄太小,6949741,1572934131
外层空间之颜色,服了，还有洗地党觉得是六百人小圈子因为TAG的事迫害无辜高技术UP主呢？\n现在还觉得是因为TAG原因？B站不加东方TAG的BA视频海了去了为什么这货被骂心里没数？求东方有影响力的UP主帮忙转发，完事只口不提，本家十周年纪念日捞自己视频并得瑟超越本家(然而NICO本家2000万播放量谢谢)，轩辕无痕动态动态本意嘲讽东方被限流，这倒好被害妄想当场自爆，评论区爆发一言不发当晚开始运行“几百万自动拉黑删评脚本”，留下对自己有利的言论删除反对言论(置顶了个反讽评论是最骚的)群里管理扬，言雇佣兵暗杀，律师函警告，本人连续发出东方人只有六百人等暴言，结果自己B站动态直接污蔑我们是精日扬言报警倒打一耙(然而一五年满福神社发表反华言论，全员痛骂满福，之前买过碟的人直播掰碟，那时候咩先生在哪呢？)，时态再度发酵后迫真道歉，然后背后搞小动作继续删评\n这就是咩先生,10913201,1572934054
梦符佳月,能不能别解释了，说来说去，除了黑名单，其他几个主要矛盾都没有解决。反而越描越黑，暴露出自己更多缺陷,2059519,1572934030
妹紅妹红碳,突然发现，10个为up充电的有7个都是“内鬼”[滑稽],5497883,1572933975
空灵若现,引发异变的犯人再次出动了\n灵梦啊，去退治他，平息这次异变罢！,34954023,1572933967
秋水之溟,版聊，有钢4玩家吗？咩酱的国策点到哪了？,21804772,1572933951
圣诞苦力怕,bad apple 和东方project的关系如此敏感?你把你和你父母的关系理解为敏感?到底是怎么才能想到敏感一词的,12304404,1572933949
稀神探女-,1月5日和每月15日教授之日\n1月10日椛之日\n2月2日普通的魔法使之日\n2月7日 神子之日\n2月10日 布都之日\n2月10日 荷取之日\n2月10日 二岩之日\n2月10日Neet之日\n2月29日腐肉之日\n3月1日 蕾米灵之日\n3月4日：咪哟之日\n3月7日：早苗之日\n3月10日：觉之日\n3月18日：因幡之日\n3月18日 ZUN生日\n4月6日：妖梦之日\n4月10日：帕露西之日\n5月1日Comparo祭\n5月3日Melee之日\n5月14日 恋恋之日\n5月15日 美铃之日\n5月16日 恋色之日\n6月9日 帕秋莉之日\n6月11日 伞之日\n6月14日 萝莉恋恋之日&amp;无意识之日\n6月15日 包子仙之日\n6月16日 魔爱日\n6月24日 鵺之日\n7月4日 芙兰之日\n7月4日 无名角色之日\n7月6日 南无三之日\n7月7日 露米娅之日\n7月9日 文⑨之日\n7月12日 衣玖之日\n7月14日 幽香之日\n7月16日 七色人形使之日\n7月20日 娜兹玲之日\n8月3日 八坂神奈子之日\n8月5日 八意永琳之日\n8月6日 妖梦之日\n8月6日 文灵之日\n8月9日 厄之日\n8月9日 博丽之日\n8月12日 露娜萨之日\n8月21日 完美之日\n9月6日 诹访子之日\n9月6日 文×早苗之日\n9月8日 辉夜之日\n9月9日 琪露诺之日\n9月9日 易者之日\n9月10日 云居一轮之日\n10月3日 每月萃香之日\n10月4日到6日  天子之日\n10月7日 是—这样吗—日\n10月9日 天狗之日\n10月9日 阿求之日\n10月10日 橙之日\n10月10日 神灵庙之日\n10月15日 魔爱日\n10月21日  每月桑妮之日\n10月25日 屠自古之日\n10月28日 恋恋×2之日\n11月1日  万圣节\n11月7日  立冬  蕾蒂\n11月9日  每月阿空之日\n11月10日 琪斯美之日\n11月11日四张符卡之日\n11月11日  东方百奇之日\n12月3日 哆来咪之日\n12月9日 秘封俱乐部之日\n12月24～25日 厄之圣诞 \n车万传教士 @稀神探女- 所写,7117493,1572933911
稀神探女-,好像评论区有路人，我就顺便传个教。\n科普给不知道东方的朋友：《东方Project》是上海爱丽丝幻乐团所制作的一系列同人游戏和相关作品，以及其二次创作所构成的覆盖游戏、动画、漫画、音乐等诸多方面的领域。此系列游戏的大部分编程、编剧和作画、作曲工作都是由上海爱丽丝幻乐团的唯一成员ZUN负责。总而言之欢迎入教。\n东方到现在已经有24年的历史了（从zun制作开始来算）。还获得世界上同人作品最多的弹幕游戏的吉尼斯世界纪录。想要了解设定的话，刚入坑的萌新建议先去看萌娘百科，萌娘百科讲的东方设定好懂些，之后可以去THB了解一些东方中比较难懂的设定。\n推荐一些b站东方科普视频，猴子也能懂的东方系列，猩猩也能懂的东方系列，也能懂的东方系列，东方宣传吐槽向，校长的东方讲堂，东方人妖名鉴系列，囧家讲坛，【东方】你不知道的原作设定，机核东方【特别二次元】，毒药带你看东方。,7117493,1572933891
独孤丞太康,考完试我定会继续追踪，等着。[阴险],288355728,1572933889
来自遥远非洲的鸽子,声明一下 其实我是脚本的小号\n脚本让我给您带个话 只要你们投降皇军\n保证让你们这个595人的小圈子好处大大的有[doge],262229374,1572933873
抗原大爷,忽然发现好像有一批一般路过所以顺手传一波教\n东方 全名东方project 是优秀的acg文化作品\n有意愿了解者 b战搜索 猴子也能懂的东方project  或猩猩也能懂的东方project \n详情可去thbwiki.cc,6949741,1572933856
佐佐木琪露诺,删羊啊删羊啊你为什么要说明，删羊啊删羊啊你为什么要说明，是因为了解了那个群友的心，而陷入恐惧了吗~~♪♪,107042878,1572933830
灵鳥路空,ex面怎么又是你,177259080,1572933824
抗原大爷,用不用我这个曾是初中语文课代表的憨批教教你说话？,6949741,1572933794
独孤丞太康,看来上一条动态是慕尼黑,288355728,1572933784
只是个新人罢了,劝您一句早点认错吧，群里一句，阿b一句，您迟早精神分裂啊。,20874632,1572933758
